component_id,batch_id,device_family,chamber_id,ambient_temp_C,burn_in_temp_C,humidity_pct,leakage_0h_uA,leakage_24h_uA,leakage_96h_uA,leakage_168h_uA,leakage_static_limit_uA,propagation_delay_0h_ns,propagation_delay_24h_ns,propagation_delay_96h_ns,propagation_delay_168h_ns,delay_static_limit_ns,behavior_type,ground_truth_status,static_screen_fail
C000009,B01,Memory_IC,CH-04,25.35,110.0,46.19,12.34582379521617,13.219372624663729,15.887501716225032,18.663034819164565,50.0,9.056428818141452,9.246492987194928,9.70480087560782,10.17728070646302,12.0,GradualDrift,Defective,False
C000018,B01,Memory_IC,CH-04,25.35,110.0,46.19,11.48512825035258,12.604401971615536,16.481684578579298,20.60168696979728,50.0,8.988274005586508,9.2975532811683,10.174751741062856,10.854892189747828,12.0,RapidDrift,Defective,False
C000019,B01,Memory_IC,CH-04,25.35,110.0,46.19,10.777858932350687,11.817254769659955,15.442061074377946,18.974992918670303,50.0,9.582928400933572,9.777553404162576,10.372185363579575,10.899051988781194,12.0,GradualDrift,Defective,False
C000020,B01,Memory_IC,CH-04,25.35,110.0,46.19,10.987585780262592,16.062971675560203,32.114131295125084,48.88421141498144,50.0,9.720479537007105,9.841467800033229,10.049700258815603,10.296895788337125,12.0,NearLimitDrift,Defective,False
C000025,B01,Memory_IC,CH-04,25.35,110.0,46.19,9.981732046290269,10.981329360846976,15.234377749167397,19.851381135997784,50.0,9.38943991983397,9.640957031391514,10.379237210774424,11.017920801658994,12.0,RapidDrift,Defective,False
C000027,B01,Memory_IC,CH-04,25.35,110.0,46.19,14.89023484107821,12.463394133491008,11.578086898446111,11.411081353542556,50.0,9.50894156623274,9.38101821564877,9.284910925607374,9.25244489004105,12.0,EarlyLifeInstability,Defective,False
C000040,B01,Memory_IC,CH-04,25.35,110.0,46.19,10.523610762541162,10.605499329901969,14.689154004427705,22.86393497799812,50.0,9.22110113653036,9.285105190142843,9.413854641802446,9.477823219175669,12.0,SuddenAnomaly,Defective,False
C000044,B01,Memory_IC,CH-04,25.35,110.0,46.19,10.019185814032095,10.007431556331838,12.235268849750518,24.02718603707743,50.0,9.483460792725824,9.526509304559752,9.647650520534729,9.70166788254712,12.0,SuddenAnomaly,Defective,False
C000049,B01,Memory_IC,CH-04,25.35,110.0,46.19,11.160970864977374,12.314197431528434,15.253888934286303,18.584691861892875,50.0,9.650956457954267,9.728486404998463,9.922130057078173,10.106855927068374,12.0,GradualDrift,Defective,False
C000051,B01,Memory_IC,CH-04,25.35,110.0,46.19,12.37545319452193,12.77932385870784,15.389461637578794,21.73169925734365,50.0,9.491201716434906,9.539083737107854,9.64120978176677,9.753476558558445,12.0,SuddenAnomaly,Defective,False
C000056,B01,Memory_IC,CH-04,25.35,110.0,46.19,12.205321558745064,12.424134200816937,16.28218750178131,27.44990339211756,50.0,9.554432067860642,9.54607636632582,9.629073528205216,9.684143944993608,12.0,SuddenAnomaly,Defective,False
C000060,B01,Memory_IC,CH-04,25.35,110.0,46.19,11.882659269526776,13.050946523469545,16.530463096457375,20.03141178226174,50.0,8.905234991279388,9.057369955884884,9.527868535253797,9.973977260468768,12.0,GradualDrift,Defective,False
C000064,B01,Memory_IC,CH-04,25.35,110.0,46.19,10.993733793847614,11.546115652136171,13.21523639523442,15.11060643397499,50.0,9.3374887290854,9.497662619704348,9.970951887942334,10.389828696895435,12.0,GradualDrift,Defective,False
C000065,B01,Memory_IC,CH-04,25.35,110.0,46.19,9.80783312920548,10.020975090121343,13.667922420576597,21.38729221554555,50.0,8.907223222013707,8.96710808064929,9.143393606573342,9.252481586413277,12.0,SuddenAnomaly,Defective,False
C000071,B01,Memory_IC,CH-04,25.35,110.0,46.19,14.296061376598562,12.901040367237329,11.65218911787328,11.715719053187913,50.0,9.468829011293185,9.31213693548143,9.195663873950258,9.229932901437692,12.0,EarlyLifeInstability,Defective,False
C000077,B01,Memory_IC,CH-04,25.35,110.0,46.19,12.012606378834755,12.277983764190902,16.33794211904491,22.446541442017605,50.0,8.930422104568544,8.97990036028257,9.03209864018754,9.046088001446975,12.0,SuddenAnomaly,Defective,False
C000080,B01,Memory_IC,CH-04,25.35,110.0,46.19,11.45124489473335,12.010032836588312,13.5730320690343,15.354985816489188,50.0,9.115637294092105,9.26526624174162,9.786795562761489,10.356316340920872,12.0,GradualDrift,Defective,False
C000085,B01,Memory_IC,CH-04,25.35,110.0,46.19,10.619247573855782,11.271056360264426,13.662469811633928,16.22074390098304,50.0,9.741189231137485,9.816458949382278,9.96257796009453,10.136924975154242,12.0,GradualDrift,Defective,False
C000092,B01,Memory_IC,CH-04,25.35,110.0,46.19,11.872024485413744,13.235562736067246,17.7662123404962,22.530589129217223,50.0,9.308006510825814,9.483904722668663,9.72109017197694,10.063725346441844,12.0,RapidDrift,Defective,False
C000097,B01,Memory_IC,CH-04,25.35,110.0,46.19,12.12697666652834,12.910441471005266,15.374650148525603,18.16640591716258,50.0,9.221764656340053,9.338251786616317,9.560738808252806,9.769162958633837,12.0,GradualDrift,Defective,False
C000098,B01,Memory_IC,CH-04,25.35,110.0,46.19,10.94940318638832,13.557047872381183,20.162421932161543,26.86091244964364,50.0,9.66390193428319,9.793732514768504,10.079503920194576,10.413650951189304,12.0,RapidDrift,Defective,False
C000103,B01,Memory_IC,CH-04,25.35,110.0,46.19,10.558125153046255,10.430550438549446,12.949483552086798,18.657453895515488,50.0,9.763429010371848,9.765348703502305,9.77706448566595,9.787839828149613,12.0,SuddenAnomaly,Defective,False
C000116,B01,Memory_IC,CH-04,25.35,110.0,46.19,11.760860819707776,11.976703784692976,22.27547791053943,13.36145151234678,50.0,9.255514973783324,9.244287061901003,9.334656891844965,9.397933914291622,12.0,NonMonotonicAnomaly,Defective,False
C000142,B01,Memory_IC,CH-04,25.35,110.0,46.19,11.67137595635127,11.92112073369974,14.3756593900596,21.510349288980137,50.0,9.102576143309674,9.133641227695533,9.23686701066494,9.36121239012754,12.0,SuddenAnomaly,Defective,False
C000150,B01,Memory_IC,CH-04,25.35,110.0,46.19,9.257968694241242,10.067667994150392,12.100086132966096,14.294973408677905,50.0,9.092605276635735,9.184373945655407,9.54759703070222,9.87743204108671,12.0,GradualDrift,Defective,False
C000159,B01,Memory_IC,CH-04,25.35,110.0,46.19,11.716922494403448,12.505142661251156,14.876119818172842,17.371585036900736,50.0,9.349454126656878,9.530002990619966,9.938761225434169,10.327926182632726,12.0,GradualDrift,Defective,False
C000160,B01,Memory_IC,CH-04,25.35,110.0,46.19,10.950571455757748,12.007610056663006,14.53988933280348,17.116983820509724,50.0,9.199586669477238,9.321537529029918,9.77661427312073,10.22171492584227,12.0,GradualDrift,Defective,False
C000161,B01,Memory_IC,CH-04,25.35,110.0,46.19,11.081417094695734,11.217325810211928,13.275319249368248,25.06073292878329,50.0,8.98961254827592,9.04489907230765,9.152593444372211,9.312590568833487,12.0,SuddenAnomaly,Defective,False
C000171,B01,Memory_IC,CH-04,25.35,110.0,46.19,12.148436242447117,15.831409434173375,28.15208220482324,41.4917432290092,50.0,8.918058105692321,9.128758667791816,9.73916611462916,10.340699696614683,12.0,NearLimitDrift,Defective,False
C000174,B01,Memory_IC,CH-04,25.35,110.0,46.19,13.497520963094985,14.742399045933745,19.58906902070508,24.6766786767974,50.0,9.207570858819588,9.535708527769645,10.097147573638216,10.831375917828758,12.0,RapidDrift,Defective,False
C000175,B01,Memory_IC,CH-04,25.35,110.0,46.19,11.72532373771882,12.680019453645524,16.086662804987387,19.49663743923266,50.0,9.52387241218535,9.6138249175502,9.885200058539644,10.147543434638916,12.0,GradualDrift,Defective,False
C000176,B01,Memory_IC,CH-04,25.35,110.0,46.19,11.610680983114207,11.77266675615727,18.61784960538317,12.466915567359768,50.0,9.346484549690034,9.361585045867397,9.497599510997524,9.642890347710471,12.0,NonMonotonicAnomaly,Defective,False
C000182,B01,Memory_IC,CH-04,25.35,110.0,46.19,10.833132486532728,11.473976389542136,13.654345869868488,16.034822418841106,50.0,9.57740242805391,9.719108095757312,10.271196108236229,10.723448424802683,12.0,GradualDrift,Defective,False
C000183,B01,Memory_IC,CH-04,25.35,110.0,46.19,10.740237512274817,10.7706705252929,15.789431475414824,11.529387757186129,50.0,9.541590214941625,9.580394487263256,9.62627792639033,9.711643802200037,12.0,NonMonotonicAnomaly,Defective,False
C000185,B01,Memory_IC,CH-04,25.35,110.0,46.19,11.24834946268759,12.058734603541437,15.607968159410763,19.15875011558854,50.0,9.253114661556896,9.453128316747222,10.145925042509589,10.705557256313352,12.0,RapidDrift,Defective,False
C000194,B01,Memory_IC,CH-04,25.35,110.0,46.19,10.72177285939753,10.62435014763183,14.002471613284502,23.87492483537981,50.0,9.05276824026542,9.063430544949169,9.194614370137456,9.26207290601594,12.0,SuddenAnomaly,Defective,False
C000204,B01,Memory_IC,CH-04,25.35,110.0,46.19,9.746670564309689,10.503439168292072,13.032314566163183,15.409527837184136,50.0,8.805886228734359,9.004829701329658,9.569151469379772,10.155035112021563,12.0,GradualDrift,Defective,False
C000205,B01,Memory_IC,CH-04,25.35,110.0,46.19,12.233036223988718,13.186127413494578,15.9271962752005,18.57759507113808,50.0,9.56794879310394,9.689718214018306,9.887058851675164,10.092268319069309,12.0,GradualDrift,Defective,False
C000214,B01,Memory_IC,CH-04,25.35,110.0,46.19,11.617743058876576,12.852668708442277,16.416846963877486,20.26092627069232,50.0,9.09187929781017,9.164992770019223,9.54625405051604,9.929545747918477,12.0,GradualDrift,Defective,False
C000222,B01,Memory_IC,CH-04,25.35,110.0,46.19,12.632612392729309,13.180499180281537,15.24135336877134,17.352766848811697,50.0,9.226758226502357,9.297709037011046,9.511810092889778,9.751449905031874,12.0,GradualDrift,Defective,False
C000224,B01,Memory_IC,CH-04,25.35,110.0,46.19,10.914058115610317,11.556695470630991,12.867101602876534,14.364154933504093,50.0,9.334767931760036,9.530380899686614,10.083420838244272,10.599268100310727,12.0,GradualDrift,Defective,False
C000230,B01,Memory_IC,CH-04,25.35,110.0,46.19,10.655443357261245,11.85455253195575,,18.675120373520155,50.0,8.947762499623906,8.988003847325242,9.144681158244806,9.358589065152929,12.0,GradualDrift,Defective,False
C000238,B01,Memory_IC,CH-04,25.35,110.0,46.19,9.957287031864924,10.661159780533875,12.859463399132917,15.079458531430788,50.0,9.244996965532367,9.277929531311038,9.410302578909278,9.587595568662712,12.0,GradualDrift,Defective,False
C000241,B01,Memory_IC,CH-04,25.35,110.0,46.19,11.468542182646072,11.604769911008225,14.181494527990328,25.77771778071148,50.0,9.989133112947751,9.99599476391132,10.079273905328655,10.201329912754405,12.0,SuddenAnomaly,Defective,False
C000244,B01,Memory_IC,CH-04,25.35,110.0,46.19,11.429813123369057,11.775995303687552,15.055240612495812,22.921071017867696,50.0,8.862271896674834,8.892388178621768,8.925324803372549,9.005745734419161,12.0,SuddenAnomaly,Defective,False
C000246,B01,Memory_IC,CH-04,25.35,110.0,46.19,10.349466724431846,15.371440152644151,30.659983538753195,46.07063623966421,50.0,9.041654532333984,9.166852009577454,9.440750059196548,9.706009758727305,12.0,NearLimitDrift,Defective,False
C000262,B01,Memory_IC,CH-04,25.35,110.0,46.19,11.119589717398627,12.177292674331166,15.102730159736907,18.513968214327125,50.0,9.49901989905034,9.658145377898764,10.117252490993677,10.530150502185252,12.0,GradualDrift,Defective,False
C000269,B01,Memory_IC,CH-04,25.35,110.0,46.19,10.629868782336697,10.668282656737292,16.346379703322057,10.626211327611928,50.0,9.54045754255089,9.59229080415877,9.692678782937252,9.783547802312684,12.0,NonMonotonicAnomaly,Defective,False
C000275,B01,Memory_IC,CH-04,25.35,110.0,46.19,11.247782923232164,16.584772210600704,33.06586146716454,49.94087883590413,50.0,8.935667726713746,9.06776359186818,9.341712727440616,9.6513391867124,12.0,NearLimitDrift,Defective,False
C000293,B01,Memory_IC,CH-04,25.35,110.0,46.19,10.711460082193838,11.818005681814128,14.82527435091109,17.819164877918094,50.0,9.024236880854149,9.094095956455371,9.31423774037807,9.529273223471307,12.0,GradualDrift,Defective,False
C000302,B01,Memory_IC,CH-04,25.35,110.0,46.19,10.875545118906938,12.123176206141196,16.544025236600326,21.468114857527613,50.0,9.364090610701568,9.535613619123396,9.871151023771816,10.220028709082568,12.0,RapidDrift,Defective,False
C000311,B01,Memory_IC,CH-04,25.35,110.0,46.19,7.608183071923098,8.81556364941222,12.11754817816435,15.402828750418614,50.0,9.10002512645474,9.283919321786264,9.795754952521968,10.338474730090882,12.0,GradualDrift,Defective,False
C000312,B01,Memory_IC,CH-04,25.35,110.0,46.19,10.28434694344259,12.053575303937846,17.531873342616034,23.18647296955909,50.0,9.166848308079013,9.489227189474557,10.443161231382929,11.345248379423664,12.0,RapidDrift,Defective,False
C000314,B01,Memory_IC,CH-04,25.35,110.0,46.19,14.25732503140091,12.402612528235032,11.200336854102474,11.021416564930846,50.0,9.591942749642246,9.463279390599943,9.352386148892052,9.33489608981368,12.0,EarlyLifeInstability,Defective,False
C000315,B01,Memory_IC,CH-04,25.35,110.0,46.19,9.876907013404235,10.58183941012651,12.707060724913674,14.815064521597046,50.0,9.135792136795184,9.292044309105105,9.669669949315486,10.027194011097755,12.0,GradualDrift,Defective,False
C000320,B01,Memory_IC,CH-04,25.35,110.0,46.19,10.706010075027825,11.512681768258568,14.234589306004263,16.998668119321753,50.0,9.283323497495273,9.514786439734593,10.10331808006132,10.657766180999806,12.0,GradualDrift,Defective,False
C000323,B01,Memory_IC,CH-04,25.35,110.0,46.19,11.137497551957132,11.758192296819352,14.130840957311523,16.550894399728712,50.0,9.005539676271603,9.098584093666243,9.407802802326168,9.701588388015754,12.0,GradualDrift,Defective,False
C000330,B01,Memory_IC,CH-04,25.35,110.0,46.19,10.4295084163989,10.517985919816596,12.777305288833986,24.551981773048368,50.0,9.20868847083529,9.205262145725778,9.305662850894278,9.422500998271213,12.0,SuddenAnomaly,Defective,False
C000334,B01,Memory_IC,CH-04,25.35,110.0,46.19,11.6928087353043,11.873563360981867,21.56193050878935,12.958664006371926,50.0,9.19859058879297,9.18892791467364,9.225898026798676,9.233696819690245,12.0,NonMonotonicAnomaly,Defective,False
C000335,B01,Memory_IC,CH-04,25.35,110.0,46.19,10.823211314577094,11.579998102398704,13.743113199006215,15.81618612184058,50.0,9.393569329133204,9.539286702156774,10.044996253254851,10.546104440746262,12.0,GradualDrift,Defective,False
C000336,B01,Memory_IC,CH-04,25.35,110.0,46.19,12.642205674244469,14.89764875676968,20.729537299902685,26.80903334076662,50.0,9.051795243351435,9.16405313723988,9.491712793242106,9.747987586483116,12.0,RapidDrift,Defective,False
C000338,B01,Memory_IC,CH-04,25.35,110.0,46.19,10.717668210775582,11.415415065831938,13.34804096046722,15.428714040153393,50.0,9.05417349168354,9.17252582392675,9.66151506212985,10.17073439735805,12.0,GradualDrift,Defective,False
C000339,B01,Memory_IC,CH-04,25.35,110.0,46.19,12.092652839178545,15.938888526578886,28.90178878121557,42.04644071053541,50.0,8.668807454751638,8.790444723824983,9.13863955987241,9.51865606318968,12.0,NearLimitDrift,Defective,False
C000342,B01,Memory_IC,CH-04,25.35,110.0,46.19,15.933945129007212,12.34501739014415,11.342303075206148,11.44720652166719,50.0,9.42760134957332,9.352661093826503,9.238875105346942,9.2749406511682,12.0,EarlyLifeInstability,Defective,False
C000349,B01,Memory_IC,CH-04,25.35,110.0,46.19,9.056589833437856,9.196070544694068,18.06272439131052,9.415070555459687,50.0,9.206142103280762,9.256965491362566,9.30565756872348,9.363622015787715,12.0,NonMonotonicAnomaly,Defective,False
C000357,B01,Memory_IC,CH-04,25.35,110.0,46.19,11.00533221387686,11.86883302036737,14.880641030298149,17.798340945369187,50.0,9.36003812616227,9.463396157005256,9.794499440797091,10.105507879894745,12.0,GradualDrift,Defective,False
C000365,B01,Memory_IC,CH-04,25.35,110.0,46.19,12.265400200430795,13.521761217827605,17.82336934950545,22.21011885367286,50.0,9.181794368109768,9.372379855498403,9.655363521265803,10.069533135517664,12.0,RapidDrift,Defective,False
C000368,B01,Memory_IC,CH-04,25.35,110.0,46.19,9.831877311520064,11.127441375669944,16.073460805201723,20.445010945349765,50.0,9.56468565809442,9.760040258153612,10.19611199181149,10.792125048733649,12.0,RapidDrift,Defective,False
C000374,B01,Memory_IC,CH-04,25.35,110.0,46.19,11.686508484674777,12.855123149236858,16.492735394421608,20.240436288213143,50.0,8.83654491852869,8.888486044390909,9.004640359021872,9.20317016156309,12.0,GradualDrift,Defective,False
C000389,B01,Memory_IC,CH-04,25.35,110.0,46.19,11.11556929714652,13.040287301219031,17.6202192075395,23.18510758557674,50.0,9.2895112774607,9.466929762691942,9.814201303358004,10.14179960172162,12.0,RapidDrift,Defective,False
C000390,B01,Memory_IC,CH-04,25.35,110.0,46.19,9.977515546356935,10.884951651457056,14.00938799188582,17.22660937216591,50.0,8.915795979682962,8.994048372216572,9.19504221135467,9.423660083734474,12.0,GradualDrift,Defective,False
C000395,B01,Memory_IC,CH-04,25.35,110.0,46.19,8.913960233900818,13.92799058642559,28.95526350135712,44.5183276242598,50.0,9.308465597963531,9.467446614878632,9.927231741440323,10.374707592762622,12.0,NearLimitDrift,Defective,False
C000396,B01,Memory_IC,CH-04,25.35,110.0,46.19,9.847378301259877,9.74344859056482,11.447748174755104,23.80305382985508,50.0,8.95782548191517,8.960960374037704,9.023905855624587,9.112978200869591,12.0,SuddenAnomaly,Defective,False
C000400,B01,Memory_IC,CH-04,25.35,110.0,46.19,11.976885931851134,12.543667571079252,14.462617339504323,16.3025420447632,50.0,9.508509324577323,9.555274097433864,9.75991267786282,9.940743252342322,12.0,GradualDrift,Defective,False
C000406,B01,Memory_IC,CH-04,25.35,110.0,46.19,11.795103411206844,12.949489387945825,16.35104379835926,20.068136193623182,50.0,8.943949665918693,9.08175501432529,9.470719047378717,9.834987101009046,12.0,GradualDrift,Defective,False
C000416,B01,Memory_IC,CH-04,25.35,110.0,46.19,8.86132486553952,9.069278597356371,14.75200938147842,9.969486697543212,50.0,8.663394646345655,8.679127641718184,8.903578857314724,9.121130845663984,12.0,NonMonotonicAnomaly,Defective,False
C000417,B01,Memory_IC,CH-04,25.35,110.0,46.19,11.603387397393222,11.7800138515809,15.88247866728783,25.165657326677348,50.0,9.199151445216495,9.26050664505896,9.385620653672405,9.505235224093658,12.0,SuddenAnomaly,Defective,False
C000419,B01,Memory_IC,CH-04,25.35,110.0,46.19,11.400116848658262,11.98070673465332,13.765462459935549,15.4205325088521,50.0,9.169813667347292,9.304943036673826,9.696028314235264,10.140566305785098,12.0,GradualDrift,Defective,False
C000424,B01,Memory_IC,CH-04,25.35,110.0,46.19,10.64957528662543,12.57279821091935,16.885287584869754,21.383644917172788,50.0,9.062392883678893,9.371425925500862,10.31425493740154,11.242972920903,12.0,RapidDrift,Defective,False
C000432,B01,Memory_IC,CH-04,25.35,110.0,46.19,11.73037421298606,12.876422292449838,16.332917068762125,19.63806714369597,50.0,9.266915410683076,9.319191351045712,9.481179570462077,9.636210002589792,12.0,GradualDrift,Defective,False
C000442,B01,Memory_IC,CH-04,25.35,110.0,46.19,12.391605130882953,15.832421175433968,28.105518892622715,40.37801451210797,50.0,9.205987102685434,9.374055306572572,9.7567758576262,10.14826202409792,12.0,NearLimitDrift,Defective,False
C000444,B01,Memory_IC,CH-04,25.35,110.0,46.19,9.834777685797697,12.017442608969578,18.087535275561105,24.257290493557782,50.0,8.402822142927374,8.672158916539342,9.523445308880753,10.416900211418804,12.0,RapidDrift,Defective,False
C000446,B01,Memory_IC,CH-04,25.35,110.0,46.19,9.31736519557388,10.007788753454903,11.964643852286343,13.948953270427523,50.0,8.555066746199099,8.65022926700474,8.936752783603328,9.22533175904118,12.0,GradualDrift,Defective,False
C000447,B01,Memory_IC,CH-04,25.35,110.0,46.19,12.184880755469631,13.97874251685088,19.220275259619537,24.06846722173765,50.0,9.344572220388711,9.43627151437548,9.792314335728229,10.023272017203464,12.0,RapidDrift,Defective,False
C000449,B01,Memory_IC,CH-04,25.35,110.0,46.19,9.978475725049808,10.077511151325096,14.392466202458325,26.160895369940235,50.0,9.603918277553335,9.654819046373444,9.796667416354298,9.887507872461851,12.0,SuddenAnomaly,Defective,False
C000454,B01,Memory_IC,CH-04,25.35,110.0,46.19,10.836362692538575,11.907605759536214,15.494193339605616,19.23165749970397,50.0,9.162365660672291,9.241606555162534,9.434373527134476,9.613883657935348,12.0,GradualDrift,Defective,False
C000468,B01,Memory_IC,CH-04,25.35,110.0,46.19,9.49858574827548,9.684089751030408,13.565716804871563,24.11798593571451,50.0,8.86418948963702,8.874081289845957,8.961507488850934,8.993050346725228,12.0,SuddenAnomaly,Defective,False
C000475,B01,Memory_IC,CH-04,25.35,110.0,46.19,11.36595903730776,11.69465671682037,15.2588119263538,26.56380060647556,50.0,8.787135681347026,8.738682271674795,8.893891644973907,8.969664787625756,12.0,SuddenAnomaly,Defective,False
C000481,B01,Memory_IC,CH-04,25.35,110.0,46.19,10.85879472892963,11.175422706330323,18.08985753454457,12.32530097352378,50.0,9.094456306042591,9.098858283146674,9.146585726802527,9.219999197999089,12.0,NonMonotonicAnomaly,Defective,False
C000487,B01,Memory_IC,CH-04,25.35,110.0,46.19,11.263842667555792,11.801344052842175,13.979325900491046,16.30557216568197,50.0,9.03358280849922,9.161734613929026,9.582114938204697,10.043122174341775,12.0,GradualDrift,Defective,False
C000502,B02,Memory_IC,CH-01,25.48,125.0,45.08,11.27461839858554,12.235489299159456,15.282826144806856,18.31308568501037,50.0,8.307090276681135,8.497462913320764,8.951805537289445,9.43087416216662,12.0,GradualDrift,Defective,False
C000507,B02,Memory_IC,CH-01,25.48,125.0,45.08,10.872433853138936,10.984151741454705,13.011737283703424,23.300587721467675,50.0,9.037125911861953,9.077401279884146,9.214252048996164,9.349726045171234,12.0,SuddenAnomaly,Defective,False
C000508,B02,Memory_IC,CH-01,25.48,125.0,45.08,12.453491700549224,13.170414084722088,14.76632876624532,16.546770485134047,50.0,9.214594409924963,9.36809939095896,9.857846051004518,10.35826753268337,12.0,GradualDrift,Defective,False
C000509,B02,Memory_IC,CH-01,25.48,125.0,45.08,10.281291100484763,11.324905078126148,14.706733820252452,18.35129934282637,50.0,8.982911528881012,9.13521229340401,9.489229694523456,9.869998547409187,12.0,GradualDrift,Defective,False
C000514,B02,Memory_IC,CH-01,25.48,125.0,45.08,11.639252822506174,16.728735243870325,32.30551990259419,47.76751461319666,50.0,9.273342591253265,9.417553305979547,9.829171382711156,10.197624247060268,12.0,NearLimitDrift,Defective,False
C000521,B02,Memory_IC,CH-01,25.48,125.0,45.08,10.046932750154369,10.292141539346355,11.806985831762498,13.540276783473333,50.0,9.283844389121414,9.37495146732556,9.681038705989092,9.929339920075972,12.0,GradualDrift,Defective,False
C000522,B02,Memory_IC,CH-01,25.48,125.0,45.08,11.429964430628123,11.680821961605783,16.185576974718828,28.614741083657364,50.0,9.268808830366437,9.285733526675244,9.396870280034133,9.477825367114098,12.0,SuddenAnomaly,Defective,False
C000524,B02,Memory_IC,CH-01,25.48,125.0,45.08,10.527003615757636,10.717339496378267,17.478409671296767,11.805127046018695,50.0,8.91488283890077,8.91397832311625,9.091753153879576,9.20679338116146,12.0,NonMonotonicAnomaly,Defective,False
C000528,B02,Memory_IC,CH-01,25.48,125.0,45.08,10.77338834104386,11.439992272611851,13.733998113083398,16.26416842052074,50.0,9.156728394345237,9.23482093538654,9.506027166841228,9.769534357508704,12.0,GradualDrift,Defective,False
C000532,B02,Memory_IC,CH-01,25.48,125.0,45.08,14.783183215101412,13.37908421455087,12.184181842559882,12.16930426900777,50.0,9.244679001628713,9.150043985228828,9.074682742332728,9.017598307443174,12.0,EarlyLifeInstability,Defective,False
C000533,B02,Memory_IC,CH-01,25.48,125.0,45.08,12.274597276132068,12.468331053208567,18.28254811472661,12.987036611011282,50.0,9.552356394943978,9.58148359163732,9.659556556953628,9.744459007581955,12.0,NonMonotonicAnomaly,Defective,False
C000540,B02,Memory_IC,CH-01,25.48,125.0,45.08,11.250818158126185,11.491864917628938,15.021422516143838,20.44500793810344,50.0,8.911837963987347,8.959998832597755,9.034575622411117,9.12355863568232,12.0,SuddenAnomaly,Defective,False
C000545,B02,Memory_IC,CH-01,25.48,125.0,45.08,12.12298645457921,14.011528458182688,19.756906143361547,26.46467488210103,50.0,9.675899974409347,9.924736157623144,10.843435053586282,11.705050449561664,12.0,RapidDrift,Defective,False
C000548,B02,Memory_IC,CH-01,25.48,125.0,45.08,11.32977794276391,11.629465424101284,15.970554160295194,19.716181498197887,50.0,9.21624634873042,9.287622740774092,9.456088579706073,9.589339802151263,12.0,SuddenAnomaly,Defective,False
C000555,B02,Memory_IC,CH-01,25.48,125.0,45.08,11.737115335514863,12.568596977604692,14.89553977273026,17.26136033992921,50.0,8.585641396285547,8.770220870933356,9.322872819234862,9.826057919574556,12.0,GradualDrift,Defective,False
C000558,B02,Memory_IC,CH-01,25.48,125.0,45.08,11.615059096012253,11.909836182521202,15.764858718526977,28.69529139070736,50.0,9.171688032584862,9.16016553593433,9.248491999298569,9.36687278482944,12.0,SuddenAnomaly,Defective,False
C000559,B02,Memory_IC,CH-01,25.48,125.0,45.08,12.600500577169065,12.80850557541205,18.10800089187457,13.345510960439055,50.0,8.986635510369739,8.992550661819978,9.109518039517342,9.241287382452846,12.0,NonMonotonicAnomaly,Defective,False
C000568,B02,Memory_IC,CH-01,25.48,125.0,45.08,11.523417818799013,11.720803440570451,14.60118626587007,30.297611860795875,50.0,8.779681600591617,8.828604736510531,8.94172327497777,9.012639790382282,12.0,SuddenAnomaly,Defective,False
C000572,B02,Memory_IC,CH-01,25.48,125.0,45.08,13.572467227166928,14.643296475269793,17.892173145631105,21.183382815811424,50.0,9.00967093119498,9.119095053450009,9.450385608713152,9.852030833849415,12.0,GradualDrift,Defective,False
C000582,B02,Memory_IC,CH-01,25.48,125.0,45.08,11.670612002349833,12.234633800832816,14.509530308048104,16.962222697311702,50.0,9.14471384904884,9.329655492526056,9.874728758202348,10.395361204794767,12.0,GradualDrift,Defective,False
C000591,B02,Memory_IC,CH-01,25.48,125.0,45.08,12.24793444604044,12.957659412880435,,16.450903093058578,50.0,8.87653285563807,9.055895467027062,9.62002245948196,10.134993374465935,12.0,GradualDrift,Defective,False
C000599,B02,Memory_IC,CH-01,25.48,125.0,45.08,10.98413365467984,10.921052722396803,13.535567222747249,26.772650636745592,50.0,8.83708757273056,8.833485486055514,8.85979732015146,8.94537192508467,12.0,SuddenAnomaly,Defective,False
C000600,B02,Memory_IC,CH-01,25.48,125.0,45.08,11.96658493498309,13.060278815023556,16.27060629731007,19.545465163671963,50.0,9.003980847345462,9.206888834021722,9.649868901632503,10.093007211111058,12.0,GradualDrift,Defective,False
C000601,B02,Memory_IC,CH-01,25.48,125.0,45.08,11.769725248801834,11.984303111813198,19.175878134797188,13.08330078115822,50.0,9.790999606488006,9.804051369139376,9.946971900051915,10.101108702513228,12.0,NonMonotonicAnomaly,Defective,False
C000604,B02,Memory_IC,CH-01,25.48,125.0,45.08,11.813468487725252,12.729019220942536,15.880676914121782,19.15789896896031,50.0,9.281512584780865,9.403757986798423,9.61826745779843,9.82170665832697,12.0,GradualDrift,Defective,False
C000606,B02,Memory_IC,CH-01,25.48,125.0,45.08,11.549665854976576,12.201288883484311,13.951867766616084,15.671078073809603,50.0,8.65561020556565,8.821086689833571,9.238964172865977,9.601564904567432,12.0,GradualDrift,Defective,False
C000608,B02,Memory_IC,CH-01,25.48,125.0,45.08,12.541811889825173,11.221493404134902,10.43977853479421,10.114056699664394,50.0,9.049859887156492,8.882651898530732,8.858888604108955,8.780390933489233,12.0,EarlyLifeInstability,Defective,False
C000612,B02,Memory_IC,CH-01,25.48,125.0,45.08,12.1906256400369,12.27289274944532,16.693088748735068,29.90703468535712,50.0,8.801365970258702,8.809111765602431,8.907308183693072,9.023742106156256,12.0,SuddenAnomaly,Defective,False
C000623,B02,Memory_IC,CH-01,25.48,125.0,45.08,12.4843113237189,13.472925650791266,15.99875737012748,18.892342699938425,50.0,9.312186445062585,9.351775590034148,9.643299396779987,9.93260520767402,12.0,GradualDrift,Defective,False
C000626,B02,Memory_IC,CH-01,25.48,125.0,45.08,12.851754875430109,13.635556675819224,15.66457655203788,17.843575926492992,50.0,9.177963389139606,9.259732560818634,9.388628013947526,9.602752452133153,12.0,GradualDrift,Defective,False
C000629,B02,Memory_IC,CH-01,25.48,125.0,45.08,10.86055615773362,11.328377737562633,13.000735340482178,14.64121136305813,50.0,9.497329058904944,9.6558669164214,10.07776821608889,10.442014868538358,12.0,GradualDrift,Defective,False
C000634,B02,Memory_IC,CH-01,25.48,125.0,45.08,11.439522572587158,11.908646259952883,13.943575132859342,16.179914513769873,50.0,9.096136056730076,9.162206534851308,9.349448152814222,9.532052017972015,12.0,GradualDrift,Defective,False
C000636,B02,Memory_IC,CH-01,25.48,125.0,45.08,12.788540411316047,16.208811097718517,27.571338503210303,39.53980414849976,50.0,9.139715577202224,9.307009727853732,9.832507094608829,10.37366204334234,12.0,NearLimitDrift,Defective,False
C000641,B02,Memory_IC,CH-01,25.48,125.0,45.08,11.07913157108678,11.239671828474116,14.031512701882823,26.58910881642951,50.0,8.718321477064471,8.71803269955735,8.859363706347146,8.912285875960219,12.0,SuddenAnomaly,Defective,False
C000644,B02,Memory_IC,CH-01,25.48,125.0,45.08,11.658387889736398,12.844765865224318,16.17854466683448,19.548472741903737,50.0,9.249458995341984,9.377904976280126,9.70447414151578,10.104812307141485,12.0,GradualDrift,Defective,False
C000645,B02,Memory_IC,CH-01,25.48,125.0,45.08,13.15782032122762,17.933031595371293,32.75186509669378,48.420138164529135,50.0,9.128007369908383,9.2601171880799,9.531940163111328,9.780049592665266,12.0,NearLimitDrift,Defective,False
C000649,B02,Memory_IC,CH-01,25.48,125.0,45.08,10.81097785751044,11.925161461334524,15.281431275225684,18.67458009230608,50.0,9.433452189777476,9.562520014830325,9.881594865535616,10.261032399614518,12.0,GradualDrift,Defective,False
C000652,B02,Memory_IC,CH-01,25.48,125.0,45.08,11.853440758073855,11.945772385641924,16.021924209991095,27.716622424595226,50.0,9.06719046137006,9.109501000605883,9.288031543876947,9.398823878276584,12.0,SuddenAnomaly,Defective,False
C000657,B02,Memory_IC,CH-01,25.48,125.0,45.08,11.144116050899363,15.520924935538536,28.013535507598327,40.93663037407005,50.0,9.022855311436484,9.211739517607151,9.770954659779106,10.33213139084871,12.0,NearLimitDrift,Defective,False
C000661,B02,Memory_IC,CH-01,25.48,125.0,45.08,12.525903149834305,13.313770990617458,15.48503860713834,17.603753570601498,50.0,9.119994118905902,9.163699757000153,9.29738490709624,9.46019600162536,12.0,GradualDrift,Defective,False
C000662,B02,Memory_IC,CH-01,25.48,125.0,45.08,12.011084148716243,12.135844018911843,16.164628000427026,23.652133177021422,50.0,9.314033854281078,9.360386100577466,9.506791164989188,9.601380706640022,12.0,SuddenAnomaly,Defective,False
C000670,B02,Memory_IC,CH-01,25.48,125.0,45.08,15.346851612643576,13.792800866414094,12.622713538587314,12.4008254913443,50.0,9.000090763448112,9.002164172018649,8.83212402690399,8.856806434730958,12.0,EarlyLifeInstability,Defective,False
C000674,B02,Memory_IC,CH-01,25.48,125.0,45.08,11.403836525471457,12.42388883065497,15.14426955449474,17.94247401535627,50.0,9.284377310944278,9.372334724693072,9.652597310836908,9.839923463260284,12.0,GradualDrift,Defective,False
C000675,B02,Memory_IC,CH-01,25.48,125.0,45.08,12.619721154972158,11.53437792603335,10.692094212343394,10.43297360560917,50.0,,9.198833247786808,9.155096217450588,9.02624248589202,12.0,EarlyLifeInstability,Defective,False
C000677,B02,Memory_IC,CH-01,25.48,125.0,45.08,12.7137431471846,15.006955567947925,19.74513420243642,25.23078568697501,50.0,9.11660548496145,9.272172930190996,9.824071357652931,10.307004593529234,12.0,RapidDrift,Defective,False
C000679,B02,Memory_IC,CH-01,25.48,125.0,45.08,11.86523499056043,12.937529651879805,16.59882159916308,20.38288217689951,50.0,8.738392287659918,8.935411548721605,9.441429702687213,9.937854142158267,12.0,GradualDrift,Defective,False
C000682,B02,Memory_IC,CH-01,25.48,125.0,45.08,11.98662065900881,12.44702556750686,14.149275544110992,16.14319499802818,50.0,9.332181576569338,9.38369072222029,9.5855860567471,9.824555933263126,12.0,GradualDrift,Defective,False
C000690,B02,Memory_IC,CH-01,25.48,125.0,45.08,13.058634123035034,13.745042096330216,15.34180844750605,16.89550900161634,50.0,8.877880829783836,8.961243928962581,9.286198853981476,9.575655368657198,12.0,GradualDrift,Defective,False
C000693,B02,Memory_IC,CH-01,25.48,125.0,45.08,12.738448212970862,13.516366182193153,15.79438287558703,18.128510367915467,50.0,9.14691344677653,9.233239582139,9.530638954659056,9.785756329623029,12.0,GradualDrift,Defective,False
C000695,B02,Memory_IC,CH-01,25.48,125.0,45.08,13.206915814788143,17.792558433796117,31.599101130236008,46.30679672187915,50.0,9.018717493110508,9.164085377516791,9.630292539885652,10.056402234172408,12.0,NearLimitDrift,Defective,False
C000708,B02,Memory_IC,CH-01,25.48,125.0,45.08,12.156801805465898,14.151121539421558,19.702841503557,25.87332756625375,50.0,8.901177724127301,9.188016696157376,9.938856969239405,10.5400297201181,12.0,RapidDrift,Defective,False
C000709,B02,Memory_IC,CH-01,25.48,125.0,45.08,11.181664099865513,11.294863349846375,18.62849785481812,12.165949506830168,50.0,9.257284789594328,9.241559606867073,9.30583815100258,9.31624412027169,12.0,NonMonotonicAnomaly,Defective,False
C000711,B02,Memory_IC,CH-01,25.48,125.0,45.08,12.41835895595908,14.21709253985424,19.94846553409857,26.29478164761181,50.0,9.709920623754885,9.931083800986649,10.541548911737229,11.190159563935747,12.0,RapidDrift,Defective,False
C000714,B02,Memory_IC,CH-01,25.48,125.0,45.08,15.90415251586873,14.383525159026474,12.626548564796686,12.681787054620226,50.0,8.908968701861848,8.850904988537364,8.7767435728081,8.663716094454454,12.0,EarlyLifeInstability,Defective,False
C000715,B02,Memory_IC,CH-01,25.48,125.0,45.08,11.234188149463789,12.182607379696623,15.258686856113975,18.58202355283302,50.0,9.004877372108291,9.14575914944393,9.644181329673264,10.090412323106674,12.0,GradualDrift,Defective,False
C000718,B02,Memory_IC,CH-01,25.48,125.0,45.08,13.009183252698923,13.109864085985258,22.171943834443127,13.967922799820617,50.0,9.019548903782308,9.045636725560124,9.112117831788026,9.219282271139036,12.0,NonMonotonicAnomaly,Defective,False
C000726,B02,Memory_IC,CH-01,25.48,125.0,45.08,13.098823921718289,13.89819260516582,16.251888003149833,18.50552381015804,50.0,8.828471296440993,8.923846380903266,9.190461441562112,9.406204354030612,12.0,GradualDrift,Defective,False
C000730,B02,Memory_IC,CH-01,25.48,125.0,45.08,11.893123287416108,11.938981829807457,17.20834305657869,12.796165721425789,50.0,9.24265788191214,9.260409847269736,9.26189824834072,9.32229031684532,12.0,NonMonotonicAnomaly,Defective,False
C000734,B02,Memory_IC,CH-01,25.48,125.0,45.08,11.686632126766623,11.952916366478926,13.968912610591804,28.631780748469662,50.0,9.578321652610445,9.611420038022969,9.687352194798608,9.767272076551292,12.0,SuddenAnomaly,Defective,False
C000737,B02,Memory_IC,CH-01,25.48,125.0,45.08,11.637893430127322,12.165635072792398,13.687638108416596,14.953490092728387,50.0,9.03737878171394,9.170584368393673,9.563723656473416,9.968932096095571,12.0,GradualDrift,Defective,False
C000745,B02,Memory_IC,CH-01,25.48,125.0,45.08,14.957846020176657,13.009488366790483,12.311811894938728,11.87948382646791,50.0,9.446860654502087,9.322458794682037,9.309054342544034,9.23843613540806,12.0,EarlyLifeInstability,Defective,False
C000750,B02,Memory_IC,CH-01,25.48,125.0,45.08,12.63894665279336,13.388246650730212,15.515404661720236,17.544044753070096,50.0,8.992157064757023,9.13397379231307,9.635073796696291,10.137947789551706,12.0,GradualDrift,Defective,False
C000757,B02,Memory_IC,CH-01,25.48,125.0,45.08,10.519233875218267,10.59423307901815,18.32177114229334,11.806613983982675,50.0,8.93762063192841,8.987329276672419,9.062148662979704,9.19399834136484,12.0,NonMonotonicAnomaly,Defective,False
C000760,B02,Memory_IC,CH-01,25.48,125.0,45.08,12.035687318415189,12.910510682176794,15.400858306936032,17.986072577361558,50.0,8.579073952926738,8.701568500465465,8.958883785120834,9.195582820103168,12.0,GradualDrift,Defective,False
C000762,B02,Memory_IC,CH-01,25.48,125.0,45.08,13.256376951722553,14.040215998995684,16.210724001627884,18.663760491206872,50.0,8.767192482918206,8.892932169295902,9.188696726366285,9.503688432880695,12.0,GradualDrift,Defective,False
C000776,B02,Memory_IC,CH-01,25.48,125.0,45.08,11.769477210230107,12.989279296340715,16.41579967177185,19.82830233616292,50.0,9.284387803293196,9.324630709523955,9.599332272077202,9.93108821744807,12.0,GradualDrift,Defective,False
C000781,B02,Memory_IC,CH-01,25.48,125.0,45.08,11.085050962219343,11.194020667446791,16.90163731477342,11.441169578065049,50.0,8.776116938162073,8.835798742492715,8.93952673222713,9.074404396148203,12.0,NonMonotonicAnomaly,Defective,False
C000787,B02,Memory_IC,CH-01,25.48,125.0,45.08,11.538219914889744,12.172447358960955,13.779916433844948,15.560014661398448,50.0,9.087588003007411,9.180333709314157,9.430504841216475,9.675276386176511,12.0,GradualDrift,Defective,False
C000788,B02,Memory_IC,CH-01,25.48,125.0,45.08,12.880512638658605,12.931912803886403,16.881250499614662,28.590159748062227,50.0,9.118629632434876,9.152482129237008,9.281816735699977,9.36552090715866,12.0,SuddenAnomaly,Defective,False
C000804,B02,Memory_IC,CH-01,25.48,125.0,45.08,11.146894743248453,11.65435200416912,13.370609799322722,15.241514043033394,50.0,9.19105881879063,9.233106379472169,9.438509084213788,9.649310745163438,12.0,GradualDrift,Defective,False
C000805,B02,Memory_IC,CH-01,25.48,125.0,45.08,11.461357578826515,12.183351269603628,14.228320260836776,16.55869562746162,50.0,9.036288977995635,9.102101754371356,9.278217584697586,9.481436652233906,12.0,GradualDrift,Defective,False
C000812,B02,Memory_IC,CH-01,25.48,125.0,45.08,10.300073314514131,10.582503382315958,14.862776313705387,25.96340686672759,50.0,9.496056601939086,9.561347630407962,9.679739076282578,9.818880415634696,12.0,SuddenAnomaly,Defective,False
C000814,B02,Memory_IC,CH-01,25.48,125.0,45.08,11.27408379243299,13.240338388583355,18.99493716580773,25.23531192238702,50.0,9.0288897247362,9.343545135460888,10.152111939547542,11.079062907605351,12.0,RapidDrift,Defective,False
C000815,B02,Memory_IC,CH-01,25.48,125.0,45.08,11.380721885083767,12.396639576009346,15.678712807998016,19.29671599426192,50.0,8.827371325671809,8.933980079321875,9.254563592428388,9.55858973331735,12.0,GradualDrift,Defective,False
C000818,B02,Memory_IC,CH-01,25.48,125.0,45.08,10.217695608193406,10.520397297042337,13.520350776168328,21.315277102200483,50.0,9.39389330855388,9.472267437476782,9.530340578641614,9.588479291941884,12.0,SuddenAnomaly,Defective,False
C000820,B02,Memory_IC,CH-01,25.48,125.0,45.08,10.400786945228337,11.937566844614928,16.777907079607882,21.24358022027342,50.0,9.01140421775336,9.366276942970156,10.196060808476489,11.161971458420734,12.0,RapidDrift,Defective,False
C000827,B02,Memory_IC,CH-01,25.48,125.0,45.08,12.26697057486426,16.65694779471907,28.682249616549427,41.50677625390102,50.0,8.985401686826316,,9.753727633906095,10.348973412008004,12.0,NearLimitDrift,Defective,False
C000836,B02,Memory_IC,CH-01,25.48,125.0,45.08,14.229696808408235,12.56280587826548,11.025016519177871,10.859263208761131,50.0,9.170525047484048,8.997769176130156,8.907013234842667,8.970131522643934,12.0,EarlyLifeInstability,Defective,False
C000837,B02,Memory_IC,CH-01,25.48,125.0,45.08,13.581805167387182,12.780145091478266,11.503650310182689,12.00602594416262,50.0,9.541553611185218,9.473879654354224,9.3397246769539,9.241825258819958,12.0,EarlyLifeInstability,Defective,False
C000854,B02,Memory_IC,CH-01,25.48,125.0,45.08,11.971062806319969,12.507295248841167,14.209256573442367,16.302934580745145,50.0,9.386221868846588,9.494405468071802,9.885115455338692,10.26206523606905,12.0,GradualDrift,Defective,False
C000859,B02,Memory_IC,CH-01,25.48,125.0,45.08,10.084105917991025,15.40572326237662,31.480396416976607,48.03589950447481,50.0,8.350222762797907,8.450787653808428,8.825279436843735,9.160434938939323,12.0,NearLimitDrift,Defective,False
C000861,B02,Memory_IC,CH-01,25.48,125.0,45.08,12.31988182269802,13.51917189147516,16.701713793788254,20.0130339129386,50.0,8.92009146516014,9.108527750216648,9.634688964309946,10.21461275285468,12.0,GradualDrift,Defective,False
C000863,B02,Memory_IC,CH-01,25.48,125.0,45.08,11.926186928831662,12.679945454446958,15.238365816080936,17.838497376583934,50.0,9.37625999219737,9.502131206920938,9.951177028123,10.395078684454964,12.0,GradualDrift,Defective,False
C000865,B02,Memory_IC,CH-01,25.48,125.0,45.08,14.7623695144124,15.890625594549766,22.17644205952248,28.08640225775224,50.0,8.719271016104326,8.88303808091786,9.706775751916584,10.366516066919882,12.0,RapidDrift,Defective,False
C000873,B02,Memory_IC,CH-01,25.48,125.0,45.08,14.84629678571564,15.065223881035626,20.247896416027128,16.49352311110874,50.0,9.480791054806248,9.4779875884954,9.57633938356117,9.651662942791464,12.0,NonMonotonicAnomaly,Defective,False
C000877,B02,Memory_IC,CH-01,25.48,125.0,45.08,10.738498478246376,12.986104022527778,18.38662654517834,23.99354451731021,50.0,9.183152873931546,9.504454014008672,10.14195486733783,10.814252996781562,12.0,RapidDrift,Defective,False
C000882,B02,Memory_IC,CH-01,25.48,125.0,45.08,12.066294193924108,13.09887939290172,16.375819784021527,19.6710399067548,50.0,9.244986798119513,9.350469359674587,9.711721206508026,10.076096849490858,12.0,GradualDrift,Defective,False
C000892,B02,Memory_IC,CH-01,25.48,125.0,45.08,12.835920918762143,13.776272508237964,17.60260112741961,21.804541021340857,50.0,8.736785047253361,9.16721846835854,9.92635365953003,10.767116881727851,12.0,RapidDrift,Defective,False
C000895,B02,Memory_IC,CH-01,25.48,125.0,45.08,11.532970467494016,12.09289210181879,13.692549928860869,15.341391899135074,50.0,9.261664403985874,9.471474770807855,9.95458991019492,10.368763658349302,12.0,GradualDrift,Defective,False
C000899,B02,Memory_IC,CH-01,25.48,125.0,45.08,11.068893796081154,11.840295262744084,14.342427707562717,17.011986969685058,50.0,9.647223342841547,9.752047449385817,10.01800887129992,10.249935009088354,12.0,GradualDrift,Defective,False
C000901,B02,Memory_IC,CH-01,25.48,125.0,45.08,9.337787912678325,11.320711180154449,15.925293476791232,21.067971554201016,50.0,9.048844959256774,9.2407128852412,10.173542281053212,11.096275738500877,12.0,RapidDrift,Defective,False
C000902,B02,Memory_IC,CH-01,25.48,125.0,45.08,10.0145460391773,10.698090528371514,12.7269343184449,14.845719854967395,50.0,8.788463421028695,8.876507915232805,9.153647304338827,9.468985650654338,12.0,GradualDrift,Defective,False
C000905,B02,Memory_IC,CH-01,25.48,125.0,45.08,10.732076325335193,12.928286644291726,19.820483767272485,26.597552035950645,50.0,8.812493097135825,9.093602970704362,10.034120663534996,10.94309429178513,12.0,RapidDrift,Defective,False
C000907,B02,Memory_IC,CH-01,25.48,125.0,45.08,15.549691148630863,13.255946271142616,12.205107952767507,11.844607753182794,50.0,8.680699797457105,8.641841394933314,8.49253347412815,8.470718395637489,12.0,EarlyLifeInstability,Defective,False
C000910,B02,Memory_IC,CH-01,25.48,125.0,45.08,11.09890295771342,15.308241914983665,28.56879501065396,43.25745794556218,50.0,9.24005490059467,9.35478612929202,9.656735436282329,9.94371922243234,12.0,NearLimitDrift,Defective,False
C000913,B02,Memory_IC,CH-01,25.48,125.0,45.08,9.75195131349762,10.408977913159182,12.10066640576823,13.74870161530216,50.0,9.250698915264117,9.40363317335621,9.945098605531504,10.497535271464065,12.0,GradualDrift,Defective,False
C000915,B02,Memory_IC,CH-01,25.48,125.0,45.08,15.906901169067822,14.643119154849373,12.95722280504904,13.074558486356732,50.0,9.569734583699384,9.52390772222979,9.418110306343117,9.441230374837875,12.0,EarlyLifeInstability,Defective,False
C000918,B02,Memory_IC,CH-01,25.48,125.0,45.08,11.341153569197902,11.855021488515002,13.520699909585783,15.301022983929377,50.0,9.189754627609569,9.275819444579351,9.506538465218163,9.757416924533317,12.0,GradualDrift,Defective,False
C000924,B02,Memory_IC,CH-01,25.48,125.0,45.08,11.525137723741611,12.856463825761477,17.45886728700502,22.89424309886412,50.0,8.944591548564269,9.23866156880438,10.11939136090256,10.986374979857066,12.0,RapidDrift,Defective,False
C000937,B02,Memory_IC,CH-01,25.48,125.0,45.08,11.488975828190034,12.58382299038353,16.051852272154033,19.555850404467,50.0,9.194726216889494,9.271772075204275,9.514846254625487,9.740757784670611,12.0,GradualDrift,Defective,False
C000941,B02,Memory_IC,CH-01,25.48,125.0,45.08,11.253207502118295,12.06220198829157,14.43352473088697,16.75294847008075,50.0,10.113563607475252,10.24561816333368,10.58152606446172,10.945547059764197,12.0,GradualDrift,Defective,False
C000944,B02,Memory_IC,CH-01,25.48,125.0,45.08,10.817735124975217,12.442726923881406,16.80397835702551,22.099941450321253,50.0,9.021275993454232,9.22569712438429,9.651088867582615,9.927821322268471,12.0,RapidDrift,Defective,False
C000948,B02,Memory_IC,CH-01,25.48,125.0,45.08,11.584748520238255,13.18673609814111,19.09745764471763,24.227302657417603,50.0,9.766899341180618,10.015969349157505,10.88631892294852,11.85857381017421,12.0,RapidDrift,Defective,False
C000957,B02,Memory_IC,CH-01,25.48,125.0,45.08,12.252578078070725,12.89471748453452,14.489113067885024,16.109192182974137,50.0,9.516607359379964,9.563138145605729,9.686517061416376,9.823716956673696,12.0,GradualDrift,Defective,False
C000963,B02,Memory_IC,CH-01,25.48,125.0,45.08,12.14266793136283,12.72902218103316,14.937094998879935,17.045824660582277,50.0,8.604991013881829,8.686673139870775,8.91818563665611,9.16011424454604,12.0,GradualDrift,Defective,False
C000967,B02,Memory_IC,CH-01,25.48,125.0,45.08,15.417628766940076,,11.509776337591791,11.37393275943352,50.0,9.24610135425663,9.063446581398422,9.036176935152977,9.000754037991182,12.0,EarlyLifeInstability,Defective,False
C000970,B02,Memory_IC,CH-01,25.48,125.0,45.08,13.38684308480383,17.82846623884257,31.44260128396852,45.47621628809886,50.0,8.861802427108838,9.078842445048185,9.739598161519616,10.371926181878424,12.0,NearLimitDrift,Defective,False
C000971,B02,Memory_IC,CH-01,25.48,125.0,45.08,11.61069530726535,12.042902973994403,14.21330984092321,16.46211209199844,50.0,9.79500568340468,9.810676028444025,9.955130453424044,10.154911286087597,12.0,GradualDrift,Defective,False
C000972,B02,Memory_IC,CH-01,25.48,125.0,45.08,11.673250620986549,11.907557582241786,15.874597412039392,29.277383314187823,50.0,8.55439557142031,8.543474048196208,8.662251557497964,8.741286286716512,12.0,SuddenAnomaly,Defective,False
C000974,B02,Memory_IC,CH-01,25.48,125.0,45.08,10.872547140906011,11.03063589137333,16.318591052390225,11.484289551617012,50.0,9.0831413204164,9.13571600269288,9.250654686917091,9.406744707404552,12.0,NonMonotonicAnomaly,Defective,False
C000985,B02,Memory_IC,CH-01,25.48,125.0,45.08,11.992298563501535,12.57000865743341,15.039912713652653,17.411116859932573,50.0,8.769230495233337,8.798610866536619,9.03200439459276,9.29366589072757,12.0,GradualDrift,Defective,False
C000989,B02,Memory_IC,CH-01,25.48,125.0,45.08,11.398513564013328,12.24487115135074,15.613322682809043,18.910720030123947,50.0,9.341465721459056,9.524203353900456,9.97327940731186,10.43824499184337,12.0,GradualDrift,Defective,False
C000990,B02,Memory_IC,CH-01,25.48,125.0,45.08,10.937209959033549,10.993869540747244,17.84730737431282,11.440545481935285,50.0,9.110341638371986,9.164349779931486,9.318761449126532,9.43440561809714,12.0,NonMonotonicAnomaly,Defective,False
C000992,B02,Memory_IC,CH-01,25.48,125.0,45.08,11.985395144333795,12.222986808357062,17.888228441385163,12.9296564582307,50.0,8.555470466014675,8.6081101922694,8.718840583497071,8.82037346535143,12.0,NonMonotonicAnomaly,Defective,False
C000994,B02,Memory_IC,CH-01,25.48,125.0,45.08,12.936985771147985,13.16160522224801,16.145912128975166,28.08916762933057,50.0,8.888358609794427,8.897394416337168,8.952299715772984,8.985717620470913,12.0,SuddenAnomaly,Defective,False
C001000,B02,Memory_IC,CH-01,25.48,125.0,45.08,13.230658797810808,15.42088925706262,22.00317409495031,28.544041607523354,50.0,9.14090091988445,9.209690362324922,9.516504934452769,9.989318118042046,12.0,RapidDrift,Defective,False
C001004,B03,Logic_IC,CH-04,25.4,125.0,39.87,11.663889722597888,15.359242317895545,28.526851282994592,41.46853064443353,50.0,8.2208458085672,8.395813963596451,8.940698751974377,9.425161378928149,12.0,NearLimitDrift,Defective,False
C001010,B03,Logic_IC,CH-04,25.4,125.0,39.87,12.43385676341428,13.060494760215745,14.960550508418825,16.781691170988374,50.0,8.008513571909276,8.115021885405579,8.398265018079313,8.751942126587435,12.0,GradualDrift,Defective,False
C001014,B03,Logic_IC,CH-04,25.4,125.0,39.87,15.62492025258346,13.517463517671269,12.816741113974436,12.598236449599616,50.0,8.024468606637654,7.942887442965983,7.858068535073155,7.829193443422836,12.0,EarlyLifeInstability,Defective,False
C001016,B03,Logic_IC,CH-04,25.4,125.0,39.87,16.486677262443315,13.689721193132762,12.371888425838254,12.04651948470052,50.0,8.381706104992688,8.229038235401696,8.182664223076223,8.214143290546966,12.0,EarlyLifeInstability,Defective,False
C001024,B03,Logic_IC,CH-04,25.4,125.0,39.87,11.203519008532204,11.202790541138814,13.192714126574744,24.57243443173148,50.0,8.452117640414336,8.482310531673328,8.503059617291651,8.509143739154437,12.0,SuddenAnomaly,Defective,False
C001026,B03,Logic_IC,CH-04,25.4,125.0,39.87,11.716484467025529,12.003325935816404,13.729629010507484,15.36129788585968,50.0,8.10574760708111,8.22667277448277,8.39416111443737,8.631258832746306,12.0,GradualDrift,Defective,False
C001037,B03,Logic_IC,CH-04,25.4,125.0,39.87,12.076463630354702,12.909124091334691,15.424689173654633,18.323229145502097,50.0,8.116121222674893,8.285317439092735,8.69662083280463,9.12089240047467,12.0,GradualDrift,Defective,False
C001044,B03,Logic_IC,CH-04,25.4,125.0,39.87,11.86207216178542,12.08540212844493,15.259601800234416,29.055360512836664,50.0,8.241632673221437,8.267678570286902,8.411778498950666,8.540130971116847,12.0,SuddenAnomaly,Defective,False
C001051,B03,Logic_IC,CH-04,25.4,125.0,39.87,10.992260372692272,12.603385610576886,16.207282534138614,20.014346929706164,50.0,8.261307120013328,8.38089044016977,8.758967257187328,9.04311634242218,12.0,RapidDrift,Defective,False
C001054,B03,Logic_IC,CH-04,25.4,125.0,39.87,11.051816282109106,16.428689508349393,32.86646810612532,49.85763712842644,50.0,7.959300101772829,8.048991086901209,8.308841140574946,8.56458855932232,12.0,NearLimitDrift,Defective,False
C001059,B03,Logic_IC,CH-04,25.4,125.0,39.87,11.379221217723174,12.386381902414984,15.995953820569088,19.52842065424684,50.0,8.181833207786811,8.274512132896941,8.479683500803304,8.73575602012009,12.0,GradualDrift,Defective,False
C001067,B03,Logic_IC,CH-04,25.4,125.0,39.87,12.0220056358588,12.923142574280448,15.766204553492509,18.40992190345486,50.0,8.091387421123097,8.237340087694395,8.582143043546054,8.94101759607342,12.0,GradualDrift,Defective,False
C001072,B03,Logic_IC,CH-04,25.4,125.0,39.87,11.908591049528692,13.430328351379623,18.28025397190208,23.63281653028708,50.0,7.627527464240179,7.747408830108313,7.961232133775614,8.388703378048755,12.0,RapidDrift,Defective,False
C001082,B03,Logic_IC,CH-04,25.4,125.0,39.87,11.071199190741751,11.043571762695487,14.31529212720406,27.15232639633855,50.0,8.214076379755168,8.247408601780595,8.364582400573507,8.41455819854984,12.0,SuddenAnomaly,Defective,False
C001084,B03,Logic_IC,CH-04,25.4,125.0,39.87,11.349872229025426,,20.071732601255466,26.99472060393273,50.0,7.986652229650136,8.172722454990895,8.766726908819104,9.328589579245856,12.0,RapidDrift,Defective,False
C001087,B03,Logic_IC,CH-04,25.4,125.0,39.87,11.478065495098392,11.645001354227569,15.458063491978836,22.541874533846013,50.0,8.178005470737794,8.225692503512366,8.284074765492527,8.411040706891196,12.0,SuddenAnomaly,Defective,False
C001095,B03,Logic_IC,CH-04,25.4,125.0,39.87,12.258327863912466,12.450138860595125,14.819947952671694,28.29466897551136,50.0,7.987242899002143,7.978780047702654,8.03375923325869,8.075107839466437,12.0,SuddenAnomaly,Defective,False
C001097,B03,Logic_IC,CH-04,25.4,125.0,39.87,10.755550965056267,11.899317851013729,17.024350181816985,22.007593908844395,50.0,7.73611549875409,7.913929582242487,8.350803649352477,8.726933605006638,12.0,RapidDrift,Defective,False
C001108,B03,Logic_IC,CH-04,25.4,125.0,39.87,11.984511348830436,14.097050598216606,21.22919436039268,27.88892794593956,50.0,7.94288083995804,8.221048108159174,8.952602701685219,9.735333663408444,12.0,RapidDrift,Defective,False
C001110,B03,Logic_IC,CH-04,25.4,125.0,39.87,11.126898167083477,15.563729699177788,29.07963286506672,43.13549594181676,50.0,7.957546766676678,8.181180955898897,8.807174203986241,9.37969555571294,12.0,NearLimitDrift,Defective,False
C001115,B03,Logic_IC,CH-04,25.4,125.0,39.87,11.474979025018117,11.61227953709707,14.986038387352565,28.218349673380875,50.0,8.367654361452242,8.412404242758067,8.542841731078028,8.701541711644037,12.0,SuddenAnomaly,Defective,False
C001116,B03,Logic_IC,CH-04,25.4,125.0,39.87,11.03023836054284,11.191708384412983,18.374217594808258,11.374442033670874,50.0,8.25740710279195,8.308648434642167,8.391492626020373,8.482702647840046,12.0,NonMonotonicAnomaly,Defective,False
C001121,B03,Logic_IC,CH-04,25.4,125.0,39.87,15.90270001927788,12.937765015409544,11.816480466157715,11.514870880676302,50.0,7.883130580063026,7.74447372809645,7.671875882219242,7.676975341988547,12.0,EarlyLifeInstability,Defective,False
C001122,B03,Logic_IC,CH-04,25.4,125.0,39.87,11.655437645212084,11.813842227475014,15.291887609010946,27.952343975444563,50.0,8.234820087149275,8.236353909673229,8.329557208641967,8.411663069659639,12.0,SuddenAnomaly,Defective,False
C001123,B03,Logic_IC,CH-04,25.4,125.0,39.87,11.915600511208911,12.171683141311949,16.240552338624617,31.0318764723516,50.0,8.352222077349104,8.376438694567025,8.454544842993098,8.565272196195773,12.0,SuddenAnomaly,Defective,False
C001129,B03,Logic_IC,CH-04,25.4,125.0,39.87,13.142443925132037,15.23154988372839,22.040446535699147,28.631859250622853,50.0,8.129096680707285,8.308037716677534,,9.373093267213632,12.0,RapidDrift,Defective,False
C001130,B03,Logic_IC,CH-04,25.4,125.0,39.87,11.961575373890769,12.731191051332427,15.098399195896048,17.31705809369478,50.0,7.87625645004235,8.003643455361113,8.328950499520682,8.671187184254878,12.0,GradualDrift,Defective,False
C001131,B03,Logic_IC,CH-04,25.4,125.0,39.87,11.160834905463242,16.53267053680189,33.15561053414457,49.73287792541628,50.0,7.961749321422265,8.084662713823914,8.43951757875324,8.769026703786313,12.0,NearLimitDrift,Defective,False
C001133,B03,Logic_IC,CH-04,25.4,125.0,39.87,11.55024447813917,12.32048729299043,14.549442532752188,16.808409559249533,50.0,7.891128701833764,8.028565693243713,8.42259633084983,8.807357006635147,12.0,GradualDrift,Defective,False
C001134,B03,Logic_IC,CH-04,25.4,125.0,39.87,10.313433239360847,10.45315199025844,18.29709809625524,11.300254309195273,50.0,8.467131277347795,8.46970892323811,8.566442980726377,8.652211709129169,12.0,NonMonotonicAnomaly,Defective,False
C001136,B03,Logic_IC,CH-04,25.4,125.0,39.87,11.25463343574011,12.506392891832752,16.000873034208716,19.27441171584542,50.0,7.827123442048093,7.921422448183797,8.182254538745195,8.42779192522718,12.0,GradualDrift,Defective,False
C001137,B03,Logic_IC,CH-04,25.4,125.0,39.87,11.211435849308788,13.385514893928436,18.75998147751813,24.656397759721493,50.0,7.665608732589513,7.989606895557666,8.626698352970125,9.330832889371464,12.0,RapidDrift,Defective,False
C001145,B03,Logic_IC,CH-04,25.4,125.0,39.87,12.796321560620632,14.564286669159978,21.171715681679924,27.73249724232305,50.0,7.638601323895227,7.956853077379616,8.892361685447066,9.72788140529459,12.0,RapidDrift,Defective,False
C001155,B03,Logic_IC,CH-04,25.4,125.0,39.87,10.749006666727295,11.16007550154248,12.743593065954684,14.520236816892304,50.0,8.049315236618042,8.193077673051535,8.693750854221777,9.198946625059143,12.0,GradualDrift,Defective,False
C001158,B03,Logic_IC,CH-04,25.4,125.0,39.87,11.903344793215464,12.730714160330626,15.776600809890788,19.05340848343085,50.0,8.210271824783568,8.30562401033525,8.472621237612975,8.651034587742833,12.0,GradualDrift,Defective,False
C001162,B03,Logic_IC,CH-04,25.4,125.0,39.87,10.973941039516133,11.787593246145272,14.107334703469729,16.234998938846015,50.0,7.8087594981281825,7.8686682566781885,8.026477408006675,8.183998302589146,12.0,GradualDrift,Defective,False
C001169,B03,Logic_IC,CH-04,25.4,125.0,39.87,12.53717361966887,13.61795316687854,16.59259849378879,19.771830051702604,50.0,7.874946686371442,7.92973435676503,8.121137313383555,8.267847477314094,12.0,GradualDrift,Defective,False
C001172,B03,Logic_IC,CH-04,25.4,125.0,39.87,12.491061494818217,13.113039389270694,15.540599663769315,18.134885844318585,50.0,7.8594625014823665,7.90227906649976,8.11582554813494,8.378235989614026,12.0,GradualDrift,Defective,False
C001181,B03,Logic_IC,CH-04,25.4,125.0,39.87,12.137370168199128,12.792813937166477,14.675262590648131,16.720440629072897,50.0,7.886290359212068,8.04503873740438,,8.794848502956455,12.0,GradualDrift,Defective,False
C001182,B03,Logic_IC,CH-04,25.4,125.0,39.87,13.187124402234586,17.726367310225683,32.424618141442764,47.601292400074186,50.0,7.71731474566756,7.90240970184693,8.509377170705484,9.131597766163429,12.0,NearLimitDrift,Defective,False
C001187,B03,Logic_IC,CH-04,25.4,125.0,39.87,12.24658213266298,12.350773407283429,17.819699452157096,13.30804391623991,50.0,8.013467209623226,8.07452694189842,8.176677949846471,8.227913879196521,12.0,NonMonotonicAnomaly,Defective,False
C001191,B03,Logic_IC,CH-04,25.4,125.0,39.87,11.675394784245563,12.669157973328875,15.189488016952645,17.765525871422298,50.0,8.069181596182599,8.294500800869502,8.92031891293454,9.478639483952357,12.0,GradualDrift,Defective,False
C001196,B03,Logic_IC,CH-04,25.4,125.0,39.87,9.481131135291273,10.458724085424947,13.48998658457928,16.524141389111502,50.0,7.829556702025357,7.97931837752307,8.40129771787301,8.817173324996144,12.0,GradualDrift,Defective,False
C001202,B03,Logic_IC,CH-04,25.4,125.0,39.87,12.574156781289298,13.531018761954847,16.08028990156947,19.09534786853943,50.0,8.025986576267165,8.155683989991761,8.568380116981798,9.046055323350458,12.0,GradualDrift,Defective,False
C001204,B03,Logic_IC,CH-04,25.4,125.0,39.87,12.79123261360166,12.963829730578944,15.322010997369793,29.578998555380288,50.0,7.643611109016214,7.632600279540444,7.7407808289610704,7.853749645867476,12.0,SuddenAnomaly,Defective,False
C001206,B03,Logic_IC,CH-04,25.4,125.0,39.87,11.994103468894416,12.817060621312072,14.910229833340436,16.93037538434277,50.0,7.854849240109309,8.002487511109956,8.478400992246623,8.972078910170218,12.0,GradualDrift,Defective,False
C001210,B03,Logic_IC,CH-04,25.4,125.0,39.87,12.874031063913511,13.466879454526737,15.06796677025264,16.683918095572,50.0,7.567802545756114,7.657149133473062,7.909646273556984,8.22080965293796,12.0,GradualDrift,Defective,False
C001218,B03,Logic_IC,CH-04,25.4,125.0,39.87,11.159882284828232,11.60209874404905,13.204865344048104,14.962521137421524,50.0,7.944134864584543,8.08608583093198,8.599199027411945,9.066507534115678,12.0,GradualDrift,Defective,False
C001223,B03,Logic_IC,CH-04,25.4,125.0,39.87,10.912134912328716,11.939386407486037,14.71620499425049,17.644642134016593,50.0,8.167537328535236,8.257906943248868,8.575971768792057,8.894088714837933,12.0,GradualDrift,Defective,False
C001229,B03,Logic_IC,CH-04,25.4,125.0,39.87,11.446351389262007,12.567642414482336,15.686256793450948,18.83048098421912,50.0,7.740333588081119,7.913771879127909,8.38859496577242,8.841948822311393,12.0,GradualDrift,Defective,False
C001230,B03,Logic_IC,CH-04,25.4,125.0,39.87,12.121931172331584,13.10938345391816,16.065292321661683,18.85013277588931,50.0,7.810139803691954,8.050035959426484,8.579164864907648,9.13661865414971,12.0,GradualDrift,Defective,False
C001232,B03,Logic_IC,CH-04,25.4,125.0,39.87,15.341110585974924,12.492335832405844,11.98379049153804,11.406009453721031,50.0,7.687865706987266,7.486856381306496,7.486211900970433,7.431866645314986,12.0,EarlyLifeInstability,Defective,False
C001236,B03,Logic_IC,CH-04,25.4,125.0,39.87,11.357927884361764,11.972351759793122,13.802547587914962,15.855734432296607,50.0,8.097192234921891,8.278707259290437,8.759189784156531,9.180652591805917,12.0,GradualDrift,Defective,False
C001241,B03,Logic_IC,CH-04,25.4,125.0,39.87,10.473660962255986,10.58537413229424,12.981594230764667,21.98429638757188,50.0,8.420846110398438,8.48988758537257,8.562434170420538,8.653798622054664,12.0,SuddenAnomaly,Defective,False
C001242,B03,Logic_IC,CH-04,25.4,125.0,39.87,12.274205110818391,12.79930141685514,14.518356823552644,16.205995900265922,50.0,8.091531632523617,8.266912596613789,8.81484657522219,9.300886982382488,12.0,GradualDrift,Defective,False
C001246,B03,Logic_IC,CH-04,25.4,125.0,39.87,10.322439542333626,11.1566943926056,14.655357634113717,18.59838165795084,50.0,7.853562692007111,8.182779450268857,9.069580296111962,9.932491231442285,12.0,RapidDrift,Defective,False
C001252,B03,Logic_IC,CH-04,25.4,125.0,39.87,12.0279513379972,11.980798381183403,19.36454164628089,12.722951867264133,50.0,8.424882798586232,8.453549329939275,8.55550608362237,8.592468154739265,12.0,NonMonotonicAnomaly,Defective,False
C001253,B03,Logic_IC,CH-04,25.4,125.0,39.87,11.689883688011577,12.405019789309415,14.735964614564203,17.245709128957273,50.0,7.827769255576747,7.899255880392455,8.216407847908165,8.54855040330585,12.0,GradualDrift,Defective,False
C001255,B03,Logic_IC,CH-04,25.4,125.0,39.87,12.050547646151037,13.175143572378724,16.751836608741193,20.07024348307096,50.0,8.571462596578005,8.856499038949076,9.770054731581356,10.695702602330092,12.0,RapidDrift,Defective,False
C001256,B03,Logic_IC,CH-04,25.4,125.0,39.87,14.807638722083311,12.807707091611764,12.17942624539134,12.395119963283785,50.0,8.282587611124555,8.197159995602755,8.086262877117484,8.051826936925552,12.0,EarlyLifeInstability,Defective,False
C001261,B03,Logic_IC,CH-04,25.4,125.0,39.87,10.373457329140418,11.278206717432052,14.481156377928864,17.73888885130419,50.0,7.876705138329418,8.011861688715303,8.420037856352568,8.804500734566503,12.0,GradualDrift,Defective,False
C001265,B03,Logic_IC,CH-04,25.4,125.0,39.87,10.73878216409456,11.911546800263002,15.504486218240055,18.97031150444247,50.0,8.404540212596627,8.535989697346622,8.88487976717142,9.238304351463787,12.0,GradualDrift,Defective,False
C001271,B03,Logic_IC,CH-04,25.4,125.0,39.87,10.36451646669348,10.561463222376476,13.850541595893148,23.355858854626103,50.0,7.9667819641292015,7.9483613267577615,8.036668097568231,8.098497033082525,12.0,SuddenAnomaly,Defective,False
C001273,B03,Logic_IC,CH-04,25.4,125.0,39.87,12.840371433669915,14.051811217432858,18.52236060935636,22.54662621723856,50.0,7.632707433707957,7.80522535728004,8.461512190332632,9.179242806074033,12.0,RapidDrift,Defective,False
C001294,B03,Logic_IC,CH-04,25.4,125.0,39.87,11.614006747079584,12.664647176624705,15.81566181936468,18.96753144478032,50.0,8.093517437133842,8.230328340689328,8.704293525094652,9.15806528851826,12.0,GradualDrift,Defective,False
C001296,B03,Logic_IC,CH-04,25.4,125.0,39.87,11.753614059470348,13.14497767723688,17.76590961020238,22.60701669390168,50.0,7.8423245146643055,8.136102825446956,8.892345564165039,9.68545302965883,12.0,RapidDrift,Defective,False
C001299,B03,Logic_IC,CH-04,25.4,125.0,39.87,10.768971562925367,16.126986514611374,31.47030483088016,47.73762327669719,50.0,7.849344988975206,8.044319481708268,8.522586284163594,9.004739950503565,12.0,NearLimitDrift,Defective,False
C001300,B03,Logic_IC,CH-04,25.4,125.0,39.87,11.659745872259272,16.628584411639665,30.55795728432277,45.258815935124446,50.0,7.714815092457087,7.841085864632832,8.28946684019006,8.697532811936668,12.0,NearLimitDrift,Defective,False
C001304,B03,Logic_IC,CH-04,25.4,125.0,39.87,12.715300194589268,16.506748322699913,28.63239567091738,40.59293472460422,50.0,7.950845186170666,8.021156704607513,8.340318198674144,8.676272023015143,12.0,NearLimitDrift,Defective,False
C001306,B03,Logic_IC,CH-04,25.4,125.0,39.87,11.361523938318278,11.738056092395713,21.569468753388254,13.08512128149598,50.0,7.925364027413232,7.929362203989544,7.962056349887657,8.022386992244483,12.0,NonMonotonicAnomaly,Defective,False
C001311,B03,Logic_IC,CH-04,25.4,125.0,39.87,12.257299733350187,13.248986862517,15.83265677199586,18.61754574690612,50.0,7.693490100883547,7.766780562114043,7.960547873381765,8.142827005150513,12.0,GradualDrift,Defective,False
C001315,B03,Logic_IC,CH-04,25.4,125.0,39.87,11.55971528300195,16.291101176347738,30.99080277820546,46.52033509724465,50.0,8.35386754867295,8.499563173009612,8.8581185448678,9.228940855720282,12.0,NearLimitDrift,Defective,False
C001319,B03,Logic_IC,CH-04,25.4,125.0,39.87,10.318776098402228,11.057530180164528,12.837552627875477,14.82779961995855,50.0,7.83047883747635,7.985910030293621,8.412841923723425,8.816991648175318,12.0,GradualDrift,Defective,False
C001321,B03,Logic_IC,CH-04,25.4,125.0,39.87,11.439934972966077,11.752344702173852,13.476884076768934,15.31581043950566,50.0,7.980391816046399,8.063851516637431,8.269390557670613,8.484647993379625,12.0,GradualDrift,Defective,False
C001322,B03,Logic_IC,CH-04,25.4,125.0,39.87,12.5539095257287,12.769222151876464,16.505662827548534,27.66684357972141,50.0,7.442706202322224,7.4390862311969554,7.57351853116179,7.673237249361409,12.0,SuddenAnomaly,Defective,False
C001326,B03,Logic_IC,CH-04,25.4,125.0,39.87,11.877937209729495,12.543368689836113,14.343467315532644,16.20918703460574,50.0,7.997333250499781,8.08034170137,8.322054268017821,8.546364072027547,12.0,GradualDrift,Defective,False
C001328,B03,Logic_IC,CH-04,25.4,125.0,39.87,12.040069983726204,12.263437781518055,19.740118154287824,12.825311523215372,50.0,7.599717738691098,7.617197637378779,7.691653968791328,7.746403475196366,12.0,NonMonotonicAnomaly,Defective,False
C001329,B03,Logic_IC,CH-04,25.4,125.0,39.87,15.16062398592237,12.642991321111712,,10.896738048377747,50.0,7.779862155702642,7.602783304882839,7.592084794066608,7.572821198838774,12.0,EarlyLifeInstability,Defective,False
C001332,B03,Logic_IC,CH-04,25.4,125.0,39.87,12.25399608330362,12.392495253171411,19.09991776084249,12.683312607529642,50.0,8.355812944342397,8.338302651541309,8.412321458892714,8.48860745210334,12.0,NonMonotonicAnomaly,Defective,False
C001333,B03,Logic_IC,CH-04,25.4,125.0,39.87,11.366493390144871,12.054716492682616,14.146930283626544,16.077859045763876,50.0,7.771518855625397,7.844461730076031,8.106633002691368,8.416736346072135,12.0,GradualDrift,Defective,False
C001334,B03,Logic_IC,CH-04,25.4,125.0,39.87,11.137416331666888,16.00712250440022,30.70775066564352,46.04311948112628,50.0,8.099844692001748,8.160326651141553,8.385827662578933,8.657027475585075,12.0,NearLimitDrift,Defective,False
C001338,B03,Logic_IC,CH-04,25.4,125.0,39.87,11.840239728210724,12.477250791589569,14.442713967510198,16.647869278958158,50.0,8.550358687970007,8.67076348125553,9.183004682748988,9.73476698760924,12.0,GradualDrift,Defective,False
C001345,B03,Logic_IC,CH-04,25.4,125.0,39.87,12.491985737401125,12.854736027537,14.418745976377588,16.220286851012272,50.0,7.970349166838884,8.067412809521326,8.32541471717726,8.661238970357667,12.0,GradualDrift,Defective,False
C001348,B03,Logic_IC,CH-04,25.4,125.0,39.87,12.292789331657977,13.520563781139725,17.12287707932067,20.94661658127481,50.0,8.171804667615572,8.356251127622361,8.912210349560336,9.497540875570204,12.0,GradualDrift,Defective,False
C001352,B03,Logic_IC,CH-04,25.4,125.0,39.87,11.94227590876481,12.292814911858963,13.73682133011046,15.418095266421435,50.0,7.299657825679867,7.422749341827196,7.81064220071336,8.162009788479185,12.0,GradualDrift,Defective,False
C001371,B03,Logic_IC,CH-04,25.4,125.0,39.87,13.038754057544738,13.141085065187768,16.314876615052604,24.3000089531612,50.0,8.092528003199632,8.099518079687668,8.171466228682856,8.270829790867227,12.0,SuddenAnomaly,Defective,False
C001372,B03,Logic_IC,CH-04,25.4,125.0,39.87,11.893392326432265,12.246399550066675,15.715978184707,26.486209240961585,50.0,8.00266535936635,8.02578211635436,8.038462259997626,8.102497128888382,12.0,SuddenAnomaly,Defective,False
C001387,B03,Logic_IC,CH-04,25.4,125.0,39.87,12.52720414840622,13.746301276109032,16.837432933943287,19.71031087733723,50.0,8.343655210825212,8.534109363486081,9.051993307960752,9.512280365487388,12.0,GradualDrift,Defective,False
C001393,B03,Logic_IC,CH-04,25.4,125.0,39.87,13.105605334100956,13.759709650800296,15.555388714090205,17.43366585628482,50.0,7.856606274415849,7.89335615818312,8.094861009431192,8.319146676627879,12.0,GradualDrift,Defective,False
C001399,B03,Logic_IC,CH-04,25.4,125.0,39.87,11.351554100295182,11.44482648130179,14.075484824666418,28.865962647545235,50.0,8.060387960330873,8.091027001260725,8.196606209637414,8.275205794126972,12.0,SuddenAnomaly,Defective,False
C001401,B03,Logic_IC,CH-04,25.4,125.0,39.87,12.96454585196553,14.24657658381409,20.219315750558504,25.934800910877737,50.0,7.910232564195492,8.146683817023401,9.086513890261882,10.02310191336433,12.0,RapidDrift,Defective,False
C001404,B03,Logic_IC,CH-04,25.4,125.0,39.87,12.45269875854914,12.527672726285813,16.45442986909296,26.71984301341174,50.0,8.097607659673132,8.142824953385466,8.195207839646129,8.250014726911557,12.0,SuddenAnomaly,Defective,False
C001409,B03,Logic_IC,CH-04,25.4,125.0,39.87,11.60833342987308,12.70217018827653,15.512497147575186,18.05905422074843,50.0,8.079659671367086,8.236886635188604,8.674517598309556,9.093899305443744,12.0,GradualDrift,Defective,False
C001425,B03,Logic_IC,CH-04,25.4,125.0,39.87,11.480812913777203,11.579059271433715,15.66160044630515,25.100853493093133,50.0,8.073732714367537,8.072564169166144,8.126586197495998,8.167163985996755,12.0,SuddenAnomaly,Defective,False
C001436,B03,Logic_IC,CH-04,25.4,125.0,39.87,11.337711855994671,12.888184909316177,17.685880543528615,23.148847736341544,50.0,7.950034004592319,8.083461466872025,8.504447637207145,8.879379133124898,12.0,RapidDrift,Defective,False
C001445,B03,Logic_IC,CH-04,25.4,125.0,39.87,11.348630611736649,13.74708468183942,20.55512305891439,27.469338877349674,50.0,8.180091086835041,8.368813890464107,9.021789139539925,9.617661202957215,12.0,RapidDrift,Defective,False
C001447,B03,Logic_IC,CH-04,25.4,125.0,39.87,12.922617862708384,13.87537050943053,16.831403863191362,19.751935009404548,50.0,7.604475442679455,7.773042805716047,8.255441522214506,8.761130019409055,12.0,GradualDrift,Defective,False
C001450,B03,Logic_IC,CH-04,25.4,125.0,39.87,11.502232847294666,11.729692254972512,15.143731233796943,28.55545442745248,50.0,8.13059143061672,8.19956532299172,8.26367298667418,8.331662697014734,12.0,SuddenAnomaly,Defective,False
C001454,B03,Logic_IC,CH-04,25.4,125.0,39.87,10.979580685452769,14.700879909897242,26.52370198602849,40.13057831494093,50.0,7.851764514309799,7.933031315597872,8.215485912860894,8.441991537383956,12.0,NearLimitDrift,Defective,False
C001463,B03,Logic_IC,CH-04,25.4,125.0,39.87,11.477584410687236,11.579033413156068,14.976422356511916,29.01388261813816,50.0,8.086724940037726,8.134907380270969,8.2372329636179,8.332839593753935,12.0,SuddenAnomaly,Defective,False
C001464,B03,Logic_IC,CH-04,25.4,125.0,39.87,10.81557637252473,12.602679085968443,17.360994389885605,21.770613980794447,50.0,8.037967332774526,8.20533473466091,9.044705917893856,9.834045514927803,12.0,RapidDrift,Defective,False
C001477,B03,Logic_IC,CH-04,25.4,125.0,39.87,12.336550416657092,12.906780130200666,14.570335234693726,16.546927477428063,50.0,7.819493036522938,7.924429252848173,8.306806179046067,8.706589682346202,12.0,GradualDrift,Defective,False
C001485,B03,Logic_IC,CH-04,25.4,125.0,39.87,11.775068062846438,12.117966809260754,13.75583511988008,15.513259566769484,50.0,8.207368778987181,8.320679553674356,8.689088651559878,9.04136711339817,12.0,GradualDrift,Defective,False
C001489,B03,Logic_IC,CH-04,25.4,125.0,39.87,14.94761549176578,13.19730864735168,12.49205731016211,12.209330972715035,50.0,8.046023233348318,7.841409137867477,7.856650153090299,7.858034186999553,12.0,EarlyLifeInstability,Defective,False
C001490,B03,Logic_IC,CH-04,25.4,125.0,39.87,11.642834317239014,11.558345201357822,14.549954061957504,29.5383053741534,50.0,8.33027890150058,8.351268907566698,8.447891072931856,8.570946030852573,12.0,SuddenAnomaly,Defective,False
C001499,B03,Logic_IC,CH-04,25.4,125.0,39.87,11.639567128712985,12.976211557783078,18.4974567071114,23.93266999750284,50.0,8.404567397726321,8.623689750604004,9.104249238435996,9.6037433773179,12.0,RapidDrift,Defective,False
C001506,B04,Memory_IC,CH-01,23.33,125.0,45.87,11.245842981993274,13.248669207292126,18.142941012053264,23.65122511817995,50.0,9.140376689580531,9.46429978304124,10.257031256991818,11.054152397937068,12.0,RapidDrift,Defective,False
C001514,B04,Memory_IC,CH-01,23.33,125.0,45.87,11.373278327458047,12.125065363342731,14.624478596254807,17.120867307868192,50.0,9.890887551611955,9.999582394257962,10.29694166743091,10.521338657909608,12.0,GradualDrift,Defective,False
C001516,B04,Memory_IC,CH-01,23.33,125.0,45.87,10.929779976488716,11.881008056259216,14.538636978751915,17.230274948579787,50.0,9.314498424818092,9.38964461865076,9.670102359542136,9.896757240192498,12.0,GradualDrift,Defective,False
C001522,B04,Memory_IC,CH-01,23.33,125.0,45.87,12.487612699279136,12.818848669219538,14.618530432153372,16.444862149659635,50.0,9.86643070113213,10.002317120321552,10.400398412097292,10.770103752767625,12.0,GradualDrift,Defective,False
C001541,B04,Memory_IC,CH-01,23.33,125.0,45.87,10.907624709715469,11.7754467801136,14.998961785445127,18.006852962754728,50.0,9.389278105747856,9.44619612281782,9.617303153577444,9.82256145610868,12.0,GradualDrift,Defective,False
C001544,B04,Memory_IC,CH-01,23.33,125.0,45.87,10.948162371180157,12.134177096292708,15.494457173481374,18.96805482839342,50.0,8.721777441056085,8.856224721419318,9.233658525844964,9.586956636340446,12.0,GradualDrift,Defective,False
C001547,B04,Memory_IC,CH-01,23.33,125.0,45.87,11.223715094846238,12.241318822176984,15.02087262866024,17.841869865053933,50.0,9.0916728796072,9.300688678509005,9.817489393537487,10.296314907156864,12.0,GradualDrift,Defective,False
C001553,B04,Memory_IC,CH-01,23.33,125.0,45.87,15.109505808678987,13.756157299458556,12.450201785189815,12.06822293342669,50.0,9.15268175398223,9.056155192115744,9.010622215088812,8.96410152607289,12.0,EarlyLifeInstability,Defective,False
C001555,B04,Memory_IC,CH-01,23.33,125.0,45.87,9.988707962053796,11.610183792163706,17.237642600353475,23.2237813936795,50.0,9.084147882617884,9.20421331612583,9.677441086997764,10.224736202997937,12.0,RapidDrift,Defective,False
C001556,B04,Memory_IC,CH-01,23.33,125.0,45.87,12.725748846860697,13.79956822655396,17.201722766163194,20.682598139636752,50.0,9.777913222713234,9.876520292479253,10.131737228889495,10.36285401617373,12.0,GradualDrift,Defective,False
C001563,B04,Memory_IC,CH-01,23.33,125.0,45.87,10.8457150096233,11.382461764784535,13.064370915771386,15.00094880424306,50.0,9.51520598243392,9.676260051972276,10.16232748964349,10.625942283170223,12.0,GradualDrift,Defective,False
C001567,B04,Memory_IC,CH-01,23.33,125.0,45.87,10.530411988272451,10.887121256163423,12.40665874520445,14.112993632828283,50.0,9.240478171022197,9.388595794962075,9.796007089943368,10.217261637145542,12.0,GradualDrift,Defective,False
C001575,B04,Memory_IC,CH-01,23.33,125.0,45.87,13.387220686812352,14.803625590813146,19.84247923437321,24.677585215301217,50.0,9.481188381130057,9.654837366802948,10.066326343099806,10.486384039783374,12.0,RapidDrift,Defective,False
C001576,B04,Memory_IC,CH-01,23.33,125.0,45.87,9.594918929610834,11.442783462488638,17.660866191591552,23.744606362801264,50.0,9.472030745675076,9.470096530215349,9.85324278704918,10.329926622003084,12.0,RapidDrift,Defective,False
C001580,B04,Memory_IC,CH-01,23.33,125.0,45.87,11.158747354154622,11.718903932008727,13.462423637395831,15.353840736783951,50.0,9.018268893119252,9.141526487536437,9.615937492911904,10.116366885666276,12.0,GradualDrift,Defective,False
C001591,B04,Memory_IC,CH-01,23.33,125.0,45.87,11.807627009024351,12.597648816248189,14.913750138528853,17.652866874189684,50.0,9.458345031282423,9.579149643714723,9.878933648541244,10.157011987631718,12.0,GradualDrift,Defective,False
C001592,B04,Memory_IC,CH-01,23.33,125.0,45.87,11.717124085294962,12.665380761190338,15.286463066068125,17.996617731204072,50.0,9.12562690652215,9.248334688871738,9.667211707646034,10.078207457313638,12.0,GradualDrift,Defective,False
C001594,B04,Memory_IC,CH-01,23.33,125.0,45.87,11.15641667255704,14.936051304911231,27.09954632930349,39.78769039095113,50.0,9.21368807300796,9.365610293186553,9.851054683532649,10.36316747783522,12.0,NearLimitDrift,Defective,False
C001606,B04,Memory_IC,CH-01,23.33,125.0,45.87,14.070968329195376,11.764431922437398,10.888714442596717,10.725432772951732,50.0,9.755712242949937,9.608724712287785,9.44321623322971,9.422588062015652,12.0,EarlyLifeInstability,Defective,False
C001615,B04,Memory_IC,CH-01,23.33,125.0,45.87,11.689472790982384,12.816036358891976,16.022468617655107,19.21148555539223,50.0,9.39428161903444,9.512467998634415,9.969006245878564,10.393840994884432,12.0,GradualDrift,Defective,False
C001621,B04,Memory_IC,CH-01,23.33,125.0,45.87,10.33652703173784,10.660788845546207,16.868197392754663,12.086628255904454,50.0,9.019818370898738,8.963927630985431,9.04670394341491,9.104123756154952,12.0,NonMonotonicAnomaly,Defective,False
C001622,B04,Memory_IC,CH-01,23.33,125.0,45.87,10.865394314205464,14.921944892510034,27.84197881877978,40.974318903481134,50.0,9.853443484735491,9.981732866424403,10.3258498136228,10.726722612708564,12.0,NearLimitDrift,Defective,False
C001633,B04,Memory_IC,CH-01,23.33,125.0,45.87,12.58504397054832,12.631608977728002,14.772613799923176,25.18546478172981,50.0,8.958365245136363,9.046909210987822,9.230881044789854,9.381886878542527,12.0,SuddenAnomaly,Defective,False
C001641,B04,Memory_IC,CH-01,23.33,125.0,45.87,11.177728527910428,11.30800116467696,15.95418295683899,12.246659052092552,50.0,8.863674190074223,8.847561487261785,8.907408480459972,9.027949459156174,12.0,NonMonotonicAnomaly,Defective,False
C001649,B04,Memory_IC,CH-01,23.33,125.0,45.87,11.391995158454195,16.744822752215864,31.574377821129765,47.3655660131618,50.0,9.521263270539276,9.709809389493708,10.255979968983148,10.785658177857773,12.0,NearLimitDrift,Defective,False
C001651,B04,Memory_IC,CH-01,23.33,125.0,45.87,12.405346097240376,14.397236861716262,20.3305671105384,26.934782423780828,50.0,9.351700671189308,9.477067068645376,9.970975940965062,10.41740690053079,12.0,RapidDrift,Defective,False
C001658,B04,Memory_IC,CH-01,23.33,125.0,45.87,11.26182946180178,12.58210391245059,15.678088975801572,19.95237741918979,50.0,9.522401015647022,9.6748395155375,10.138354275679934,10.43626616736576,12.0,RapidDrift,Defective,False
C001665,B04,Memory_IC,CH-01,23.33,125.0,45.87,12.266306688777012,12.374029594325744,14.67917771731076,25.694677971357955,50.0,9.656710422238175,9.668560987425462,9.771007470729304,9.84905368644895,12.0,SuddenAnomaly,Defective,False
C001668,B04,Memory_IC,CH-01,23.33,125.0,45.87,11.826450853105529,12.022851089410151,16.93936049548769,13.287571968139137,50.0,9.364953936840566,9.410695371478916,9.482000243640558,9.57318184179979,12.0,NonMonotonicAnomaly,Defective,False
C001678,B04,Memory_IC,CH-01,23.33,125.0,45.87,11.172835607526968,11.27583663594216,17.142277261957755,12.234267211592607,50.0,9.139102119738755,9.144020965934663,9.192618180971476,9.257412144632037,12.0,NonMonotonicAnomaly,Defective,False
C001700,B04,Memory_IC,CH-01,23.33,125.0,45.87,11.973444704308056,13.063373839044171,16.678779340539496,20.215327241375583,50.0,9.217805774234778,9.375441129052268,9.930065255219546,10.444145182435165,12.0,GradualDrift,Defective,False
C001709,B04,Memory_IC,CH-01,23.33,125.0,45.87,13.48683571354366,11.765198842173918,11.213557891508117,10.506739222791484,50.0,9.108778189629309,8.916969593141896,8.880929544002264,8.869545386172694,12.0,EarlyLifeInstability,Defective,False
C001710,B04,Memory_IC,CH-01,23.33,125.0,45.87,12.220731554388529,12.485526181818404,15.323573159024154,30.336087208063,50.0,9.075752461835409,9.134593926239976,9.275214372911089,9.364857648219106,12.0,SuddenAnomaly,Defective,False
C001712,B04,Memory_IC,CH-01,23.33,125.0,45.87,12.394355119769644,12.632098012228637,16.140313271819014,30.684851772043405,50.0,8.793272612077052,8.817039456222478,8.882285595859148,8.98216801352474,12.0,SuddenAnomaly,Defective,False
C001717,B04,Memory_IC,CH-01,23.33,125.0,45.87,10.240107511517673,10.304077943050329,14.406799454135404,27.59687468466312,50.0,9.547151577687613,9.562606154848982,9.601372500193216,9.675379024987032,12.0,SuddenAnomaly,Defective,False
C001718,B04,Memory_IC,CH-01,23.33,125.0,45.87,14.088471202449508,14.995497580074622,17.620963998026053,20.30582159159429,50.0,9.42079653404314,9.53924701320111,10.029110979320686,10.53176512113708,12.0,GradualDrift,Defective,False
C001719,B04,Memory_IC,CH-01,23.33,125.0,45.87,11.367371337280932,11.514109410013434,15.501764216540222,20.62596409839832,50.0,8.709057213247581,8.749302161475814,8.811290115105637,8.933171231711347,12.0,SuddenAnomaly,Defective,False
C001721,B04,Memory_IC,CH-01,23.33,125.0,45.87,11.608239441197636,11.763316056084042,15.304883478618155,22.824049971379864,50.0,9.164487603654829,9.171338662118297,9.168044780637375,9.173877177987476,12.0,SuddenAnomaly,Defective,False
C001724,B04,Memory_IC,CH-01,23.33,125.0,45.87,10.508910531516136,11.427891100271404,14.1507131687531,17.011141233028944,50.0,9.726079450007685,9.865533885869784,10.183726207637129,10.45411297064919,12.0,GradualDrift,Defective,False
C001728,B04,Memory_IC,CH-01,23.33,125.0,45.87,11.775339187411983,12.80577535308842,16.059772311879335,19.244710943806275,50.0,9.527949620639076,9.685193509473208,10.20017547904178,10.7233915039222,12.0,GradualDrift,Defective,False
C001731,B04,Memory_IC,CH-01,23.33,125.0,45.87,10.252287101562104,10.813259155724802,12.372943931450488,14.229381130422771,50.0,9.34248555781593,9.447557724744378,9.768871933181302,10.069402387382752,12.0,GradualDrift,Defective,False
C001735,B04,Memory_IC,CH-01,23.33,125.0,45.87,10.980254248780582,10.941509231323632,19.952623041161704,11.788204931050211,50.0,9.411402533470692,9.406615557459936,9.44748183730379,9.504309029989544,12.0,NonMonotonicAnomaly,Defective,False
C001751,B04,Memory_IC,CH-01,23.33,125.0,45.87,11.51752843320347,11.536311023480788,16.781557069632527,11.963644365371811,50.0,9.545123708922612,9.551331848021334,9.612617530144009,9.669540389002588,12.0,NonMonotonicAnomaly,Defective,False
C001754,B04,Memory_IC,CH-01,23.33,125.0,45.87,10.564272408105932,10.733741819260056,14.13480997446623,19.95323788914677,50.0,9.251788653743036,9.235854473235028,9.269868548342352,9.356410402000842,12.0,SuddenAnomaly,Defective,False
C001756,B04,Memory_IC,CH-01,23.33,125.0,45.87,10.84872752419667,11.437914881533768,13.383947411616674,15.59955871113702,50.0,8.742716416715234,8.877818257760314,9.239273946801587,9.56172329661619,12.0,GradualDrift,Defective,False
C001759,B04,Memory_IC,CH-01,23.33,125.0,45.87,10.186340514458417,11.14455173664688,13.276970846042984,15.670850336230238,50.0,9.18940002352508,9.2519258821409,9.561779452899366,9.873511953383286,12.0,GradualDrift,Defective,False
C001761,B04,Memory_IC,CH-01,23.33,125.0,45.87,15.220736591458458,13.37996880202322,11.464808035932592,11.203431845261834,50.0,10.022129185076848,9.866335858897886,9.759041035955669,9.816433035835562,12.0,EarlyLifeInstability,Defective,False
C001765,B04,Memory_IC,CH-01,23.33,125.0,45.87,14.852435537410416,13.135582824371038,12.533477964877935,12.286098330978582,50.0,9.20471038667413,9.044587537112124,9.02068958872908,9.005367226122372,12.0,EarlyLifeInstability,Defective,False
C001767,B04,Memory_IC,CH-01,23.33,125.0,45.87,10.520154253984554,11.658739015476645,15.581247443564973,19.18325671369606,50.0,9.16073320856443,9.34818705040248,9.845633604622057,10.271102229803567,12.0,RapidDrift,Defective,False
C001768,B04,Memory_IC,CH-01,23.33,125.0,45.87,12.015648783411647,16.997330742259837,33.14845561780238,49.739507489354935,50.0,9.622795620150272,9.818459728613298,10.419144067377918,10.997881639403722,12.0,NearLimitDrift,Defective,False
C001773,B04,Memory_IC,CH-01,23.33,125.0,45.87,13.284101557657303,14.052874490456746,15.742547891203005,17.433456108242886,50.0,9.673415578098366,9.776583436554482,10.093332562576284,10.35749199422328,12.0,GradualDrift,Defective,False
C001775,B04,Memory_IC,CH-01,23.33,125.0,45.87,10.762720436938608,10.94002416227318,17.847943142566493,12.409648812257844,50.0,9.10384197323716,9.208254847350974,9.285165687820482,9.356283801575074,12.0,NonMonotonicAnomaly,Defective,False
C001777,B04,Memory_IC,CH-01,23.33,125.0,45.87,14.482618060171818,14.85005441149602,18.893040024250155,30.756251587699737,50.0,9.225825368782074,9.317055212075726,9.475268121474585,9.625819778302354,12.0,SuddenAnomaly,Defective,False
C001782,B04,Memory_IC,CH-01,23.33,125.0,45.87,10.26104080099598,10.868443134216191,12.48367644305481,13.909255837545558,50.0,9.291398776717058,9.440340444644615,10.014358547174147,10.551782157912587,12.0,GradualDrift,Defective,False
C001785,B04,Memory_IC,CH-01,23.33,125.0,45.87,11.495822081489887,16.597912686301214,30.96461141497154,46.26555430035248,50.0,9.567980457454937,9.635057998483529,9.996915063548528,10.347702031933656,12.0,NearLimitDrift,Defective,False
C001789,B04,Memory_IC,CH-01,23.33,125.0,45.87,11.450371089504952,11.51992830798931,14.253577155162487,23.76948377366635,50.0,9.851581622344398,9.882527465020935,9.95645343616124,10.052990007011363,12.0,SuddenAnomaly,Defective,False
C001791,B04,Memory_IC,CH-01,23.33,125.0,45.87,11.696540482302789,12.130454481343063,15.335175034845609,27.34808371901508,50.0,9.512317432723671,9.567029239461975,9.622191660096822,9.691582649246056,12.0,SuddenAnomaly,Defective,False
C001794,B04,Memory_IC,CH-01,23.33,125.0,45.87,11.532105962936212,16.071016474990792,29.684977257206768,43.72333852925815,50.0,10.012983538703825,10.245429086873784,10.879188243959916,11.491086768944784,12.0,NearLimitDrift,Defective,False
C001795,B04,Memory_IC,CH-01,23.33,125.0,45.87,11.715524159438289,15.466653387525026,28.41428009555556,41.223852829744494,50.0,9.54940685689189,9.678489909453802,10.005185361200777,10.343607090281711,12.0,NearLimitDrift,Defective,False
C001796,B04,Memory_IC,CH-01,23.33,125.0,45.87,9.177979420653786,9.359662072284806,11.940478061054757,19.75128857303055,50.0,9.643790273334272,9.733548591656197,9.84041500746103,9.961094341679877,12.0,SuddenAnomaly,Defective,False
C001797,B04,Memory_IC,CH-01,23.33,125.0,45.87,11.27834320249561,12.107535434875809,15.132084019444653,17.975374678623023,50.0,9.421481115196444,9.443195937274522,9.598416312036344,9.75473890041662,12.0,GradualDrift,Defective,False
C001811,B04,Memory_IC,CH-01,23.33,125.0,45.87,12.801258482001312,11.753551960862996,11.170517934978106,10.876545762476992,50.0,10.0742684406193,9.963423917674294,9.899338893493136,9.82166331668162,12.0,EarlyLifeInstability,Defective,False
C001817,B04,Memory_IC,CH-01,23.33,125.0,45.87,12.99590259745226,13.368532924483828,14.9204202323842,16.26546449045031,50.0,9.371447000651402,9.532551244391312,9.935294511755432,10.34669350925555,12.0,GradualDrift,Defective,False
C001824,B04,Memory_IC,CH-01,23.33,125.0,45.87,10.167654892546192,15.556857176944629,31.96074042294661,48.33492594641906,50.0,9.622540813331948,9.660785136417712,9.986387433542616,10.27667860053666,12.0,NearLimitDrift,Defective,False
C001825,B04,Memory_IC,CH-01,23.33,125.0,45.87,10.607645325147171,12.66954483857529,17.7722350426592,23.43829131988393,50.0,9.10051912176125,9.32761535775944,9.75551706794753,10.091401841750429,12.0,RapidDrift,Defective,False
C001826,B04,Memory_IC,CH-01,23.33,125.0,45.87,12.23642215678634,13.271035118378403,15.75227306813301,18.46631501001884,50.0,9.139745532419727,9.267822511304436,9.686017114095373,10.119609621915629,12.0,GradualDrift,Defective,False
C001829,B04,Memory_IC,CH-01,23.33,125.0,45.87,9.534132949521547,10.560916992361706,13.445929922817866,16.477058719539354,50.0,9.376497961621816,9.415055620710282,9.566786600657723,9.699132501166568,12.0,GradualDrift,Defective,False
C001830,B04,Memory_IC,CH-01,23.33,125.0,45.87,10.728901853592278,11.646775769213184,14.609560242051892,17.454431914517354,50.0,9.2752667662503,9.438637089014213,9.848331236879575,10.220257908279857,12.0,GradualDrift,Defective,False
C001837,B04,Memory_IC,CH-01,23.33,125.0,45.87,12.182863409519843,12.116792049142752,14.998098798510258,27.695763566488104,50.0,9.955444166852896,9.993440832338171,10.096268595467617,10.234193886662387,12.0,SuddenAnomaly,Defective,False
C001845,B04,Memory_IC,CH-01,23.33,125.0,45.87,10.007774612424388,10.1916816043729,13.715648034667405,27.20279404574313,50.0,9.613656681652522,9.622360352991262,,9.735319443990534,12.0,SuddenAnomaly,Defective,False
C001847,B04,Memory_IC,CH-01,23.33,125.0,45.87,11.250525202643878,12.128648402038577,14.398964942332231,16.725643261051037,50.0,9.724870144237247,9.793555893701395,10.161149891006971,10.441817620035296,12.0,GradualDrift,Defective,False
C001848,B04,Memory_IC,CH-01,23.33,125.0,45.87,11.170550498509677,15.67587286378601,29.71080674093273,44.580351984726434,50.0,9.20032019726459,9.314409683864149,9.687371528069,10.071466406659708,12.0,NearLimitDrift,Defective,False
C001850,B04,Memory_IC,CH-01,23.33,125.0,45.87,10.12449577448847,12.446614349274714,19.57018745070604,26.123390101196087,50.0,9.434632752643664,9.667590312877588,10.479800311054069,11.23512115302671,12.0,RapidDrift,Defective,False
C001855,B04,Memory_IC,CH-01,23.33,125.0,45.87,11.639129748981734,11.476369101089992,16.588881529039142,11.703155344983571,50.0,8.989477853574483,9.010690006590382,9.13061554490302,9.224623183362953,12.0,NonMonotonicAnomaly,Defective,False
C001856,B04,Memory_IC,CH-01,23.33,125.0,45.87,12.598783411464709,14.93782913963545,21.068515177916264,27.267356465414792,50.0,9.19684804046286,9.534039353954464,10.458982150712336,11.357622356041816,12.0,RapidDrift,Defective,False
C001858,B04,Memory_IC,CH-01,23.33,125.0,45.87,11.36048412320745,11.358280436011086,15.9323515097284,11.786164278896688,50.0,10.064644844164244,10.087191111000609,10.201989745996292,10.364164465206834,12.0,NonMonotonicAnomaly,Defective,False
C001862,B04,Memory_IC,CH-01,23.33,125.0,45.87,10.57037439839581,14.509093431291094,27.74249912384269,41.48010702652353,50.0,9.458769142434988,9.545270425714849,9.880440374763658,10.2042036018912,12.0,NearLimitDrift,Defective,False
C001871,B04,Memory_IC,CH-01,23.33,125.0,45.87,14.360528056070049,13.073206508425567,12.560108126618232,12.273078514570615,50.0,9.608845773821333,9.491867663726296,9.350299038963106,9.42458567894101,12.0,EarlyLifeInstability,Defective,False
C001877,B04,Memory_IC,CH-01,23.33,125.0,45.87,11.744154711804432,12.886979395604214,15.880664254098583,18.863643008079592,50.0,9.15368711373123,9.26742522915144,9.572636610236222,9.885915611800934,12.0,GradualDrift,Defective,False
C001889,B04,Memory_IC,CH-01,23.33,125.0,45.87,14.8411602104777,13.121991280485783,11.978429756620184,11.509577458715343,50.0,9.757090306526598,9.58912656344691,9.504305814793902,9.484368945255596,12.0,EarlyLifeInstability,Defective,False
C001890,B04,Memory_IC,CH-01,23.33,125.0,45.87,11.205414073988957,11.203995012647454,15.698312658355164,11.992163314972434,50.0,8.998247897353387,9.038168124791856,9.115607271273472,9.180995666985876,12.0,NonMonotonicAnomaly,Defective,False
C001895,B04,Memory_IC,CH-01,23.33,125.0,45.87,11.612429462927524,11.83847472224582,15.657436727121883,31.0594843675563,50.0,9.298068003374423,9.315801369222918,9.384995107795604,9.495718622171362,12.0,SuddenAnomaly,Defective,False
C001905,B04,Memory_IC,CH-01,23.33,125.0,45.87,10.378013672486397,12.26610209362492,18.297721418386764,24.536343753663985,50.0,9.202907655001113,9.515882207485104,10.51293879900117,11.474460769101384,12.0,RapidDrift,Defective,False
C001908,B04,Memory_IC,CH-01,23.33,125.0,45.87,12.965287198038446,11.397112064065212,10.65205350945418,10.820452724281784,50.0,9.237975099422066,9.07744914251103,9.016116485203112,8.93859843102063,12.0,EarlyLifeInstability,Defective,False
C001909,B04,Memory_IC,CH-01,23.33,125.0,45.87,15.192993882213168,13.451594799678356,11.82623209065579,11.3529301868417,50.0,9.869404682084074,9.784630862383109,9.673424228655238,9.6593814205262,12.0,EarlyLifeInstability,Defective,False
C001913,B04,Memory_IC,CH-01,23.33,125.0,45.87,11.760032250090486,12.434640017080056,14.910468374880656,17.396715779979175,50.0,9.365624529008636,9.527217767137392,9.850350743134946,10.164803078378636,12.0,GradualDrift,Defective,False
C001914,B04,Memory_IC,CH-01,23.33,125.0,45.87,10.730102118692647,11.931549275158742,15.71237864689508,19.40105161001191,50.0,8.900056311710781,8.981694303539454,9.224685572033517,9.471050762650131,12.0,GradualDrift,Defective,False
C001924,B04,Memory_IC,CH-01,23.33,125.0,45.87,11.158462579770896,11.313900601760528,13.915764819868006,23.352335270447952,50.0,9.293780166939648,9.301199460161293,9.350207745445347,9.402570015969712,12.0,SuddenAnomaly,Defective,False
C001928,B04,Memory_IC,CH-01,23.33,125.0,45.87,10.584429543414602,10.599861178692429,13.180220941267756,21.77208284765755,50.0,9.540486812416766,9.527807825417982,9.561627919140934,9.595505808984134,12.0,SuddenAnomaly,Defective,False
C001931,B04,Memory_IC,CH-01,23.33,125.0,45.87,12.249520208052108,12.862235859920894,14.280840832189565,15.716139489735784,50.0,9.34081461728069,9.40209494316882,9.650216885362235,9.912126465515476,12.0,GradualDrift,Defective,False
C001932,B04,Memory_IC,CH-01,23.33,125.0,45.87,14.55175271029282,13.261539786226358,11.716700477234912,11.374689766321872,50.0,9.826608040084134,9.721998245485027,9.691586908266832,9.574106832823608,12.0,EarlyLifeInstability,Defective,False
C001933,B04,Memory_IC,CH-01,23.33,125.0,45.87,10.622244771642938,10.837430680816167,17.498763476614972,12.719637055764212,50.0,9.454727024054788,9.467529273296783,9.542983561845505,9.626547423192749,12.0,NonMonotonicAnomaly,Defective,False
C001940,B04,Memory_IC,CH-01,23.33,125.0,45.87,11.64905283172959,12.295514132441944,14.176773224658476,15.968163029064202,50.0,9.21195642384466,9.402724642003887,9.93968665491996,10.520117713256491,12.0,GradualDrift,Defective,False
C001943,B04,Memory_IC,CH-01,23.33,125.0,45.87,10.020495139794,11.216442992408137,14.382560384568896,17.620198386553614,50.0,9.157384922273335,9.295246900945177,9.723028276298503,10.2065776601373,12.0,GradualDrift,Defective,False
C001944,B04,Memory_IC,CH-01,23.33,125.0,45.87,10.50069702679938,11.616370740928229,14.80422401695962,18.50044090436068,50.0,9.233034121866298,9.332022722942655,9.672452755132593,10.01071800894291,12.0,GradualDrift,Defective,False
C001945,B04,Memory_IC,CH-01,23.33,125.0,45.87,10.85615523165342,11.82695573968102,14.569249865071772,17.300171394869853,50.0,9.453352064647245,9.593196697212573,9.984173099614692,10.39770225878402,12.0,GradualDrift,Defective,False
C001947,B04,Memory_IC,CH-01,23.33,125.0,45.87,12.2652986540684,12.803917182136043,14.345089700102832,15.751674846113945,50.0,9.92865857199171,10.116103989237573,10.642860467725423,11.19466011223151,12.0,GradualDrift,Defective,False
C001949,B04,Memory_IC,CH-01,23.33,125.0,45.87,11.20086371857569,12.706701895670143,19.008186027107485,25.146928920746536,50.0,9.25250251953796,9.472119711991205,10.249398992871466,10.994329909253093,12.0,RapidDrift,Defective,False
C001950,B04,Memory_IC,CH-01,23.33,125.0,45.87,13.969622386851464,12.823280143165745,11.991006963572811,11.786232336201016,50.0,9.834631241491442,9.78100207433606,9.666201718421252,9.61777927074956,12.0,EarlyLifeInstability,Defective,False
C001956,B04,Memory_IC,CH-01,23.33,125.0,45.87,12.194781751994874,17.24403176607736,32.088840723558434,48.10659159303994,50.0,9.616588907425346,9.755105724703244,10.131334527652893,10.468407626828068,12.0,NearLimitDrift,Defective,False
C001958,B04,Memory_IC,CH-01,23.33,125.0,45.87,12.74201727719172,13.871744633423818,16.487235617481428,19.58083450025683,50.0,9.85859007302544,9.910334760994898,10.140413322077425,10.378799491395508,12.0,GradualDrift,Defective,False
C001959,B04,Memory_IC,CH-01,23.33,125.0,45.87,11.636710642233204,12.285330957240076,14.76968707601684,17.27172117398975,50.0,9.383983733330384,9.460841289119545,9.69119900297822,9.920773538922138,12.0,GradualDrift,Defective,False
C001972,B04,Memory_IC,CH-01,23.33,125.0,45.87,11.37156736692727,11.38819152204669,14.110059383340252,26.2157188956478,50.0,9.530969793368705,9.531954705028117,9.613991861123758,9.705253810228688,12.0,SuddenAnomaly,Defective,False
C001973,B04,Memory_IC,CH-01,23.33,125.0,45.87,12.763617908207657,14.43342856399983,19.34059859524494,24.84690282244898,50.0,9.338083083669384,9.475702555195648,10.137039145630444,10.913065944896044,12.0,RapidDrift,Defective,False
C001977,B04,Memory_IC,CH-01,23.33,125.0,45.87,9.982688773157795,14.261200447951987,27.240155136207,40.22933720293623,50.0,9.873515090477902,9.932307641935328,10.19864634288244,10.448981264377926,12.0,NearLimitDrift,Defective,False
C001979,B04,Memory_IC,CH-01,23.33,125.0,45.87,12.030009969552395,12.382992131301917,14.164508699999972,16.03844014756016,50.0,9.812205379697495,9.920807651161024,10.2599070026252,10.56647044036356,12.0,GradualDrift,Defective,False
C001982,B04,Memory_IC,CH-01,23.33,125.0,45.87,11.853324569616552,15.625037692542827,28.36334488066894,41.21439536541863,50.0,9.076767732764642,9.192545729509098,9.53676850788426,9.927528226626126,12.0,NearLimitDrift,Defective,False
C001988,B04,Memory_IC,CH-01,23.33,125.0,45.87,11.071568035542224,12.031005680637843,15.253372487376812,18.286290491738864,50.0,9.3929619399384,9.43868235092251,9.619874951780238,9.79884081250876,12.0,GradualDrift,Defective,False
C001989,B04,Memory_IC,CH-01,23.33,125.0,45.87,11.90499674984614,12.266782526742857,13.741057311057814,15.245365485163749,50.0,9.50672983356529,9.593068288096964,10.01960740395603,10.393374465041832,12.0,GradualDrift,Defective,False
C002005,B05,Memory_IC,CH-01,21.99,120.0,40.95,11.040735780222263,10.988734992296546,20.732260397516875,11.684801058197936,50.0,8.95014660420395,9.006233281610797,9.108760608417882,9.208337235481013,12.0,NonMonotonicAnomaly,Defective,False
C002008,B05,Memory_IC,CH-01,21.99,120.0,40.95,12.364854285213305,12.436283954713309,14.19329926991811,21.364886877870724,50.0,8.672113736874756,8.710498117153552,8.808497482768734,8.885357653454651,12.0,SuddenAnomaly,Defective,False
C002011,B05,Memory_IC,CH-01,21.99,120.0,40.95,,11.965785958662602,20.60553502186682,12.995147587236458,50.0,8.589736677753518,8.579215598919134,8.609964326481265,8.617502432651149,12.0,NonMonotonicAnomaly,Defective,False
C002015,B05,Memory_IC,CH-01,21.99,120.0,40.95,12.10782261033942,12.35471951077185,19.333896135596856,13.718763215633306,50.0,8.643468608558166,8.708906132048906,8.778768625970004,8.939972596429737,12.0,NonMonotonicAnomaly,Defective,False
C002018,B05,Memory_IC,CH-01,21.99,120.0,40.95,11.957341544638671,12.871189950462975,15.461373270330071,18.07215525272741,50.0,8.905320179394351,8.989123518426831,9.27762602007216,9.545497286797318,12.0,GradualDrift,Defective,False
C002022,B05,Memory_IC,CH-01,21.99,120.0,40.95,11.481997668170749,15.75102456802612,29.261677162679423,42.88191845798243,50.0,8.404895224001395,8.539837506368933,9.038285186878571,9.574825341060649,12.0,NearLimitDrift,Defective,False
C002023,B05,Memory_IC,CH-01,21.99,120.0,40.95,10.778839404103968,15.202523956954892,28.490819599068512,42.2892134099967,50.0,8.622783952820674,8.722335606005606,9.11889845011068,9.456501085219728,12.0,NearLimitDrift,Defective,False
C002028,B05,Memory_IC,CH-01,21.99,120.0,40.95,11.20940626066978,16.570715737150383,33.00133002023345,49.16669225915916,50.0,8.827529201834189,8.968570933489737,9.372822423126722,9.77777529586847,12.0,NearLimitDrift,Defective,False
C002033,B05,Memory_IC,CH-01,21.99,120.0,40.95,11.23011297290198,11.479915868338333,17.39505849185469,12.850538155757162,50.0,9.011750970274392,9.018600495262628,9.13663287881851,9.211558701807704,12.0,NonMonotonicAnomaly,Defective,False
C002034,B05,Memory_IC,CH-01,21.99,120.0,40.95,13.11799742657912,13.846173030932691,15.806449960041611,17.642494472998052,50.0,9.311999498986497,9.448083361847196,9.782385265795282,10.098393063854722,12.0,GradualDrift,Defective,False
C002036,B05,Memory_IC,CH-01,21.99,120.0,40.95,12.016143267559924,12.285766525252622,13.58315957700674,14.994207176533884,50.0,9.259669924379438,9.414542963252975,9.86813129036814,10.34282564653105,12.0,GradualDrift,Defective,False
C002039,B05,Memory_IC,CH-01,21.99,120.0,40.95,11.804615775245349,11.826188651254729,21.472255137130603,12.273242128094989,50.0,9.057649769615985,9.104787152773278,9.113252282462154,9.109510407649164,12.0,NonMonotonicAnomaly,Defective,False
C002050,B05,Memory_IC,CH-01,21.99,120.0,40.95,10.380533178200274,10.396938741638255,12.74506492845243,25.92192221510204,50.0,8.71611731482043,8.738157254181818,8.83218068077233,8.945403452742577,12.0,SuddenAnomaly,Defective,False
C002057,B05,Memory_IC,CH-01,21.99,120.0,40.95,11.380463961727418,12.359020882659385,15.431827928681798,18.30945393865781,50.0,9.295609262172428,9.46942249118829,9.971135244215068,10.421689989678294,12.0,GradualDrift,Defective,False
C002059,B05,Memory_IC,CH-01,21.99,120.0,40.95,10.718119175612795,10.878976396334537,20.043476634850126,11.755387329514829,50.0,8.775820975085477,8.816698577598393,8.862736370758839,8.89982351623236,12.0,NonMonotonicAnomaly,Defective,False
C002065,B05,Memory_IC,CH-01,21.99,120.0,40.95,16.228972465886915,14.061367013998051,12.999060073571526,12.53296544703177,50.0,9.150765994456652,9.008410030037876,8.934981985848223,8.942306411978162,12.0,EarlyLifeInstability,Defective,False
C002070,B05,Memory_IC,CH-01,21.99,120.0,40.95,10.859611923352936,10.981908922405518,14.062868380698228,27.862505705453373,50.0,9.13436143913012,9.189783097528837,9.253523426337278,9.345087846035891,12.0,SuddenAnomaly,Defective,False
C002077,B05,Memory_IC,CH-01,21.99,120.0,40.95,12.930849343090424,13.087359581781252,18.84681115384088,14.07799354935492,50.0,9.500770182553426,9.56570421809616,9.693956425299389,9.804573656506372,12.0,NonMonotonicAnomaly,Defective,False
C002078,B05,Memory_IC,CH-01,21.99,120.0,40.95,10.42374312741679,10.617830625757168,14.739105743035008,29.432072876810423,50.0,9.50956184798565,9.496242619945964,9.62993392457286,9.724260077327797,12.0,SuddenAnomaly,Defective,False
C002097,B05,Memory_IC,CH-01,21.99,120.0,40.95,11.240561347920794,11.39566036970975,18.31073597716816,11.649003365486704,50.0,8.708758621358871,8.691152404310683,8.78092593017445,8.904477952001649,12.0,NonMonotonicAnomaly,Defective,False
C002101,B05,Memory_IC,CH-01,21.99,120.0,40.95,10.798699895406427,15.078819059799017,28.41123595772975,42.10976951649956,50.0,9.567874453929184,9.731892502204444,10.220829110591312,10.728308716040646,12.0,NearLimitDrift,Defective,False
C002105,B05,Memory_IC,CH-01,21.99,120.0,40.95,10.878012015037775,11.098866724229548,14.755833569535582,20.336636964631147,50.0,9.095989129767958,9.154186178675948,9.26744742669929,9.345809763636074,12.0,SuddenAnomaly,Defective,False
C002109,B05,Memory_IC,CH-01,21.99,120.0,40.95,11.751740111676662,11.954944842226263,14.723268220025869,28.560121705472355,50.0,8.603569482057578,8.658225171143402,8.777511133784115,8.847960796734567,12.0,SuddenAnomaly,Defective,False
C002114,B05,Memory_IC,CH-01,21.99,120.0,40.95,9.865662912874196,15.558585755639594,31.38956362728221,47.81969119606845,50.0,8.907925280169756,9.088115109207822,9.63412338947079,10.203570110505195,12.0,NearLimitDrift,Defective,False
C002116,B05,Memory_IC,CH-01,21.99,120.0,40.95,12.8606737481017,14.550603052741272,20.215783871145668,26.14470337021225,50.0,8.795135926640796,8.962900198139051,9.454154918641262,9.893699140594965,12.0,RapidDrift,Defective,False
C002119,B05,Memory_IC,CH-01,21.99,120.0,40.95,11.545428267916954,11.95277506243279,13.404739554687923,15.128943248110902,50.0,8.611367738042258,8.742622524960098,8.988197334497062,9.280499190865012,12.0,GradualDrift,Defective,False
C002129,B05,Memory_IC,CH-01,21.99,120.0,40.95,11.824202229572233,13.484855906731198,17.72866104855523,,50.0,9.584881588707669,9.88232980137264,10.73916972151761,11.696124209477738,12.0,RapidDrift,Defective,False
C002134,B05,Memory_IC,CH-01,21.99,120.0,40.95,12.360686376280356,12.974356403014164,15.49837085902064,18.03759888175833,50.0,8.640131385238005,8.734167097743532,9.114734548430262,9.502094104670023,12.0,GradualDrift,Defective,False
C002137,B05,Memory_IC,CH-01,21.99,120.0,40.95,11.865536145402464,12.461563272255054,14.994518715864006,17.402194149801097,50.0,9.105289243314791,9.227037464314083,9.665686256841289,10.068544458750516,12.0,GradualDrift,Defective,False
C002143,B05,Memory_IC,CH-01,21.99,120.0,40.95,,18.29379071488381,32.28986924199341,47.84792655222148,50.0,9.168055933631164,9.269313113281422,9.657527947196996,10.040673955485488,12.0,NearLimitDrift,Defective,False
C002158,B05,Memory_IC,CH-01,21.99,120.0,40.95,11.723997969097264,13.652163490254994,20.463605647958147,27.1586180393759,50.0,8.84509292327916,9.044212697404332,9.685644521823823,10.196706167811772,12.0,RapidDrift,Defective,False
C002159,B05,Memory_IC,CH-01,21.99,120.0,40.95,11.155386349783113,11.682547546605656,13.461427048663396,15.37722011244457,50.0,8.934350561487465,9.107893900220937,9.639771993778965,10.1722375181447,12.0,GradualDrift,Defective,False
C002160,B05,Memory_IC,CH-01,21.99,120.0,40.95,13.917768145654913,14.939776641293196,18.408845710725604,21.69041489561839,50.0,9.201567930499165,9.285155548847085,9.548753859496472,9.813414291576382,12.0,GradualDrift,Defective,False
C002174,B05,Memory_IC,CH-01,21.99,120.0,40.95,13.365621910440034,14.869373254360742,19.806200789659293,25.355036100814576,50.0,9.138344418729488,9.499683435828748,10.115223012840945,10.839130442272022,12.0,RapidDrift,Defective,False
C002177,B05,Memory_IC,CH-01,21.99,120.0,40.95,13.55672316431487,13.594320825778553,15.54367803307048,21.36942521319262,50.0,9.230315146313176,9.2435538808471,9.403040735740106,9.539118487123252,12.0,SuddenAnomaly,Defective,False
C002181,B05,Memory_IC,CH-01,21.99,120.0,40.95,11.985331044027705,15.71051862821382,28.07525001410015,40.54405854725739,50.0,8.645684163581139,8.793143924119125,9.26611193312235,9.766498191189331,12.0,NearLimitDrift,Defective,False
C002182,B05,Memory_IC,CH-01,21.99,120.0,40.95,9.918223284051226,10.88445459054811,13.573966397841946,16.305659426730614,50.0,8.575632704465951,8.682262943743922,8.973338694122912,9.25576183008174,12.0,GradualDrift,Defective,False
C002183,B05,Memory_IC,CH-01,21.99,120.0,40.95,10.015394361502606,10.16448262710338,13.302088219743949,25.12129112607548,50.0,9.22011549801262,9.254714711678831,9.314780691623486,9.396767001028756,12.0,SuddenAnomaly,Defective,False
C002186,B05,Memory_IC,CH-01,21.99,120.0,40.95,12.098421739677786,13.820237040914522,18.004168627826004,22.329190988754466,50.0,9.241888695263096,9.556051997146133,10.167360150510309,10.872547703440546,12.0,RapidDrift,Defective,False
C002187,B05,Memory_IC,CH-01,21.99,120.0,40.95,13.186541417737589,13.776349326707631,15.507694888613642,17.507043466129335,50.0,8.441685725314343,8.586835237251643,8.972110650178449,9.379240049737344,12.0,GradualDrift,Defective,False
C002190,B05,Memory_IC,CH-01,21.99,120.0,40.95,12.236578643534104,12.754937163008982,14.64522011681313,16.654519140520577,50.0,8.986178774684786,9.077954127661783,9.253728811422276,9.49539526595054,12.0,GradualDrift,Defective,False
C002194,B05,Memory_IC,CH-01,21.99,120.0,40.95,10.30721215343561,10.684815438692874,12.24001707843583,14.053236206643204,50.0,9.384909311045396,9.480217309937014,9.690024724732982,9.928863338224078,12.0,GradualDrift,Defective,False
C002198,B05,Memory_IC,CH-01,21.99,120.0,40.95,13.567479789328097,12.22000315413147,11.130470963973266,11.174451224838725,50.0,8.764047572523014,8.588063426239879,8.566902153501438,8.532818022887783,12.0,EarlyLifeInstability,Defective,False
C002200,B05,Memory_IC,CH-01,21.99,120.0,40.95,11.538290203407874,12.57715767579936,15.908247174264282,19.099774412627127,50.0,8.511643330305379,8.658087178707074,9.095922708988992,9.54572096301576,12.0,GradualDrift,Defective,False
C002202,B05,Memory_IC,CH-01,21.99,120.0,40.95,11.339329264871726,12.466447762550786,15.823162265737311,19.133024110379672,50.0,9.327779428885185,9.504626428798522,10.018116777775935,10.565195002117392,12.0,GradualDrift,Defective,False
C002204,B05,Memory_IC,CH-01,21.99,120.0,40.95,10.812824106951668,11.80221683488362,15.956027475576317,19.813158907962933,50.0,9.280987000872656,9.505983795161534,10.08913504311114,10.662869708198466,12.0,RapidDrift,Defective,False
C002206,B05,Memory_IC,CH-01,21.99,120.0,40.95,11.38900613326356,11.555209653567694,13.443910856206235,18.928529683915464,50.0,9.35680440035988,9.354563056759265,9.453846098373374,9.576212958670016,12.0,SuddenAnomaly,Defective,False
C002208,B05,Memory_IC,CH-01,21.99,120.0,40.95,11.093520965438625,11.284340322841077,15.24079742076519,26.436957237820984,50.0,9.180452581159091,9.216282669540696,9.340667665223872,9.487293091527748,12.0,SuddenAnomaly,Defective,False
C002211,B05,Memory_IC,CH-01,21.99,120.0,40.95,9.662419188568196,11.586438814038765,17.726246845278993,24.58011648451724,50.0,9.243138895228958,9.543065865975857,10.215518468553755,10.888352966136418,12.0,RapidDrift,Defective,False
C002215,B05,Memory_IC,CH-01,21.99,120.0,40.95,11.267459221692278,13.277941882544638,19.460529398191696,25.97610606522456,50.0,8.619657577193408,8.69541423828299,8.958346078970303,9.316406800127908,12.0,RapidDrift,Defective,False
C002220,B05,Memory_IC,CH-01,21.99,120.0,40.95,10.788689820175724,11.375285219812698,13.10499274383611,15.165795448836032,50.0,9.04125079752497,9.125851256988652,9.28955625221867,9.43465269979499,12.0,GradualDrift,Defective,False
C002224,B05,Memory_IC,CH-01,21.99,120.0,40.95,14.250427965252314,12.92139420675959,11.422384609167398,11.6688368823782,50.0,9.891149603370634,9.75670682405162,9.662782320533148,9.69482827354459,12.0,EarlyLifeInstability,Defective,False
C002225,B05,Memory_IC,CH-01,21.99,120.0,40.95,10.69101225466762,10.896584730676723,16.604381674908893,11.506638594922377,50.0,8.981513391202332,8.994032282397077,9.016983921752445,9.067388655502162,12.0,NonMonotonicAnomaly,Defective,False
C002233,B05,Memory_IC,CH-01,21.99,120.0,40.95,10.456291655154685,11.127020218892444,12.72626824395557,14.56746346290019,50.0,9.077116793138014,,9.748278412181705,10.211940958272306,12.0,GradualDrift,Defective,False
C002237,B05,Memory_IC,CH-01,21.99,120.0,40.95,16.022541452010728,13.553915068805429,12.496499861111722,12.65128819838559,50.0,9.594350515442258,9.489461169947091,9.37328823598117,9.325486137131833,12.0,EarlyLifeInstability,Defective,False
C002243,B05,Memory_IC,CH-01,21.99,120.0,40.95,10.349315630350617,10.79535775459688,12.407652743807052,13.977820524578275,50.0,8.833133977902516,8.974148075318034,9.497506865180004,9.969679308880645,12.0,GradualDrift,Defective,False
C002245,B05,Memory_IC,CH-01,21.99,120.0,40.95,11.259380039325062,11.341157701836355,15.056084821787756,30.83664490339505,50.0,8.304268047576594,8.298543162431177,8.34078865521881,8.397378314294027,12.0,SuddenAnomaly,Defective,False
C002252,B05,Memory_IC,CH-01,21.99,120.0,40.95,9.336022664678188,9.69819180354506,11.16745104381632,12.71522570649796,50.0,8.915451669942344,9.081452134684495,9.474623400724363,9.85535488621133,12.0,GradualDrift,Defective,False
C002254,B05,Memory_IC,CH-01,21.99,120.0,40.95,12.099915715750132,13.447266066251784,17.21136545335301,20.95935435778856,50.0,8.713179956432496,8.82841917048452,9.152823685337824,9.434027788885665,12.0,GradualDrift,Defective,False
C002257,B05,Memory_IC,CH-01,21.99,120.0,40.95,9.988415268179343,10.843470230325954,13.944558695989294,16.961887984078707,50.0,8.331087767186304,8.476497551687238,8.922378035565984,9.40049271745441,12.0,GradualDrift,Defective,False
C002263,B05,Memory_IC,CH-01,21.99,120.0,40.95,11.113769685782303,12.359790076556276,15.944167627390003,19.603638458259343,50.0,8.803863447264499,8.817329237904255,8.996709414203556,9.238423551593108,12.0,GradualDrift,Defective,False
C002264,B05,Memory_IC,CH-01,21.99,120.0,40.95,11.540677325077016,11.766252306542524,21.36397075814215,12.29150728875914,50.0,8.846185957796369,8.910679864770795,9.018473762628403,9.137948488273404,12.0,NonMonotonicAnomaly,Defective,False
C002271,B05,Memory_IC,CH-01,21.99,120.0,40.95,13.078667924829892,13.516677986112256,15.10416487835452,16.915897648082623,50.0,8.698265496568315,8.866879018368119,9.375694242138676,9.872912702589709,12.0,GradualDrift,Defective,False
C002275,B05,Memory_IC,CH-01,21.99,120.0,40.95,11.874978566033114,16.272452049340924,29.80819957304108,43.59258751312535,50.0,9.048911827498108,9.22732039789256,9.752756493933816,10.333374190105816,12.0,NearLimitDrift,Defective,False
C002278,B05,Memory_IC,CH-01,21.99,120.0,40.95,12.22888703574303,12.396145720648764,16.520615468585106,27.264282471685007,50.0,8.819014963605975,8.885099182596118,9.022605134030616,9.10561641519318,12.0,SuddenAnomaly,Defective,False
C002279,B05,Memory_IC,CH-01,21.99,120.0,40.95,10.67283838308716,11.077855956259368,12.843818089403662,14.467763746943332,50.0,8.347770938090367,8.422645312267868,8.772646202872581,9.05784652664005,12.0,GradualDrift,Defective,False
C002280,B05,Memory_IC,CH-01,21.99,120.0,40.95,10.42740578765083,11.254243196844902,13.944969528731257,16.712427090989742,50.0,9.071202300799197,9.176746257569487,9.410580905882512,9.630603721133296,12.0,GradualDrift,Defective,False
C002281,B05,Memory_IC,CH-01,21.99,120.0,40.95,13.093720285482686,14.226450796682522,20.217716403412847,25.37143907821091,50.0,9.071947072640691,9.323385355878331,9.974630687656784,10.69366591103156,12.0,RapidDrift,Defective,False
C002290,B05,Memory_IC,CH-01,21.99,120.0,40.95,10.778677994882807,11.864651012368313,14.968669487363863,18.12960792606005,50.0,8.971206158245856,9.08337442155002,9.439865097322352,9.750103285448551,12.0,GradualDrift,Defective,False
C002292,B05,Memory_IC,CH-01,21.99,120.0,40.95,11.218524742290857,12.490532013064874,15.67283069264791,19.042028896973804,50.0,8.688372130407542,8.753976851909508,9.01974970488578,9.275066388177963,12.0,GradualDrift,Defective,False
C002294,B05,Memory_IC,CH-01,21.99,120.0,40.95,11.741451044227372,12.627627391332762,15.180344543329769,17.902379608403866,50.0,8.978907765008499,9.127596469568957,9.626314316082397,10.090520001320044,12.0,GradualDrift,Defective,False
C002295,B05,Memory_IC,CH-01,21.99,120.0,40.95,11.954948770177198,13.44813627224606,17.105470543822257,21.571868456716523,50.0,9.64769963267008,9.73286011708,10.05801377298726,10.440754147897938,12.0,RapidDrift,Defective,False
C002302,B05,Memory_IC,CH-01,21.99,120.0,40.95,11.708533291123532,13.60499717669434,20.052941938003908,26.359540095984887,50.0,8.871473748879737,9.058628963815336,10.001497580731632,10.827183916968089,12.0,RapidDrift,Defective,False
C002304,B05,Memory_IC,CH-01,21.99,120.0,40.95,11.879496679575697,12.112379036602125,14.656042226159038,25.993713769199893,50.0,9.351326393898502,9.359852565039755,9.416439834918153,9.49506469247694,12.0,SuddenAnomaly,Defective,False
C002305,B05,Memory_IC,CH-01,21.99,120.0,40.95,11.850683103502412,11.8104942685153,14.015539974633132,29.659133694570524,50.0,9.15779381721388,9.181610404933078,9.215033853740128,9.261485878444184,12.0,SuddenAnomaly,Defective,False
C002312,B05,Memory_IC,CH-01,21.99,120.0,40.95,11.493151243158309,12.368738039771571,15.275505575829754,17.908675851424302,50.0,8.90945463792292,9.069580720386304,9.554410983959729,10.054459898777104,12.0,GradualDrift,Defective,False
C002316,B05,Memory_IC,CH-01,21.99,120.0,40.95,11.676566464068886,11.724544361952644,20.414596844123807,12.529703088569391,50.0,9.094148249490566,9.085481158733476,9.23246048770495,9.382881874039851,12.0,NonMonotonicAnomaly,Defective,False
C002326,B05,Memory_IC,CH-01,21.99,120.0,40.95,9.401925916300357,10.72415612024984,14.55887293349882,18.26918440818467,50.0,9.179908439676378,9.35228062899756,9.839016106955173,10.30749669099173,12.0,GradualDrift,Defective,False
C002336,B05,Memory_IC,CH-01,21.99,120.0,40.95,12.524629962516306,12.762389317977444,17.14384317427429,31.014037198517222,50.0,9.373401956200045,9.401172651226902,9.431062031427125,9.467952680399492,12.0,SuddenAnomaly,Defective,False
C002340,B05,Memory_IC,CH-01,21.99,120.0,40.95,10.716878575408844,10.9343398832284,13.202894143847766,19.067723206146187,50.0,8.720681345908615,8.774297971374493,8.837864134281784,8.93798676712079,12.0,SuddenAnomaly,Defective,False
C002360,B05,Memory_IC,CH-01,21.99,120.0,40.95,11.596352348355992,12.353183076651224,14.75280581971204,17.18625077772705,50.0,8.658031382147865,8.762189493217958,9.086424395098826,9.436378557271413,12.0,GradualDrift,Defective,False
C002361,B05,Memory_IC,CH-01,21.99,120.0,40.95,12.224388599052665,16.44309997545304,30.180520681303594,45.1225705575047,50.0,8.645564492510665,8.767157634763219,9.197946563326235,9.63045756124072,12.0,NearLimitDrift,Defective,False
C002362,B05,Memory_IC,CH-01,21.99,120.0,40.95,11.495362720624506,11.87113402110585,13.941325343778264,16.358008272715352,50.0,9.24604252873563,9.370818388207413,9.889155781939952,10.4413531529107,12.0,GradualDrift,Defective,False
C002363,B05,Memory_IC,CH-01,21.99,120.0,40.95,12.332572346311716,12.406942871912724,16.820083891467544,12.86921401404059,50.0,8.322464219069492,8.390359735041388,8.525009747510616,8.629343350693762,12.0,NonMonotonicAnomaly,Defective,False
C002368,B05,Memory_IC,CH-01,21.99,120.0,40.95,9.676989279063433,9.84682883383002,13.932245595235075,26.678519508827712,50.0,9.44231029958414,9.448014271133314,9.477142212761075,9.537251140966324,12.0,SuddenAnomaly,Defective,False
C002370,B05,Memory_IC,CH-01,21.99,120.0,40.95,12.008726150654368,13.45975151550468,17.53910487348086,22.04931904117497,50.0,9.16816786656458,9.387154513525466,10.218949345323876,10.99795678027723,12.0,RapidDrift,Defective,False
C002372,B05,Memory_IC,CH-01,21.99,120.0,40.95,10.794475298210404,10.988468206664024,14.250461545355076,22.354645792539834,50.0,9.05231195323193,9.105905140531869,9.222237446083906,9.316349316011896,12.0,SuddenAnomaly,Defective,False
C002385,B05,Memory_IC,CH-01,21.99,120.0,40.95,10.936240386106236,10.979686164530474,15.1880044948438,23.930408053495587,50.0,8.97480909387949,9.010870258446763,9.15876928255433,9.260196954283549,12.0,SuddenAnomaly,Defective,False
C002390,B05,Memory_IC,CH-01,21.99,120.0,40.95,10.719589384631869,11.817833034363488,16.3314793125345,21.12051051104193,50.0,9.238672500901467,9.5836029856068,10.49720757638082,11.370319362864548,12.0,RapidDrift,Defective,False
C002395,B05,Memory_IC,CH-01,21.99,120.0,40.95,11.363372660318408,16.675563290418456,31.043817575910754,46.3263850399348,50.0,9.235557852721913,9.427632426958247,9.90532396855673,10.331379720145687,12.0,NearLimitDrift,Defective,False
C002398,B05,Memory_IC,CH-01,21.99,120.0,40.95,11.58834291853638,12.0757760756626,14.12082420055969,15.956950225043387,50.0,8.170086252711567,8.27980525357447,8.548692460855078,8.764356239611589,12.0,GradualDrift,Defective,False
C002401,B05,Memory_IC,CH-01,21.99,120.0,40.95,10.636915638214976,15.609314355625806,31.41930193978172,47.504541157517096,50.0,8.940826323364703,9.029401536872887,9.34382282155283,9.681265811788446,12.0,NearLimitDrift,Defective,False
C002403,B05,Memory_IC,CH-01,21.99,120.0,40.95,12.065864850241056,12.826023439838986,15.541109722877245,18.319357650456087,50.0,9.390830743178771,9.56250990553327,10.031455757688605,10.467901648099105,12.0,GradualDrift,Defective,False
C002409,B05,Memory_IC,CH-01,21.99,120.0,40.95,11.053573964309912,11.323090036973651,13.59608411881138,20.953125156350666,50.0,9.008519310628838,9.06995254712546,9.164100337524031,9.243010745969316,12.0,SuddenAnomaly,Defective,False
C002411,B05,Memory_IC,CH-01,21.99,120.0,40.95,12.316097097004889,16.842812933232047,31.60930606930572,46.863598480524,50.0,8.713962638025716,8.905295584363166,9.489214726443002,10.081088082960893,12.0,NearLimitDrift,Defective,False
C002418,B05,Memory_IC,CH-01,21.99,120.0,40.95,12.33533305847584,12.944366639912682,15.231469121482622,17.45716080381838,50.0,9.087748220052069,9.250327001242097,9.72276551178871,10.19632219335403,12.0,GradualDrift,Defective,False
C002421,B05,Memory_IC,CH-01,21.99,120.0,40.95,12.291950630818697,16.902967089682537,32.188410006428505,48.51632351481632,50.0,8.970276752201526,9.03759812047196,9.243002400977678,9.472127005929735,12.0,NearLimitDrift,Defective,False
C002425,B05,Memory_IC,CH-01,21.99,120.0,40.95,11.91716138599201,12.65920790285268,14.57638561814009,16.353019204041892,50.0,9.132921595294269,9.34320484063724,9.89738700613718,10.392561813283532,12.0,GradualDrift,Defective,False
C002426,B05,Memory_IC,CH-01,21.99,120.0,40.95,12.47051980614237,13.375276538580286,16.672889612949625,19.94732046949771,50.0,8.789268335082305,8.894351317782524,9.20648929257426,9.499880995277495,12.0,GradualDrift,Defective,False
C002428,B05,Memory_IC,CH-01,21.99,120.0,40.95,12.596948775082549,13.577253271515136,16.792266958005154,19.987678192921884,50.0,8.915140081824067,8.954609226509264,9.138003249811923,9.344578929434867,12.0,GradualDrift,Defective,False
C002431,B05,Memory_IC,CH-01,21.99,120.0,40.95,10.716596097114454,11.295591135172392,12.940140173165153,14.478651806670904,50.0,9.097346922620442,9.225830291992388,9.695290539217853,10.121486055419428,12.0,GradualDrift,Defective,False
C002435,B05,Memory_IC,CH-01,21.99,120.0,40.95,12.891479173759732,13.828295158291882,16.703815441790514,19.69116875301731,50.0,8.892367985065434,8.992329594140342,9.52141378912484,10.003314946849873,12.0,GradualDrift,Defective,False
C002438,B05,Memory_IC,CH-01,21.99,120.0,40.95,11.213768872121555,11.869707004810166,14.018374468554146,16.21977319405967,50.0,8.989663625739537,9.101518960741664,9.466159620058011,9.801866509805642,12.0,GradualDrift,Defective,False
C002440,B05,Memory_IC,CH-01,21.99,120.0,40.95,10.77653778052136,11.017048052690864,14.79200721243738,27.903754575102724,50.0,8.744390559164357,8.754602772842514,8.827332614417204,8.954697810997168,12.0,SuddenAnomaly,Defective,False
C002452,B05,Memory_IC,CH-01,21.99,120.0,40.95,9.357289008512796,9.2819404355157,11.89858309698342,26.8995503758481,50.0,9.078269565945265,9.058231964592974,9.104533090236352,9.12235321392107,12.0,SuddenAnomaly,Defective,False
C002458,B05,Memory_IC,CH-01,21.99,120.0,40.95,10.91420639362268,11.78844702103006,15.102391133194908,18.33485591906442,50.0,8.317204582804765,8.357619545335162,8.570698417062566,8.726734590447602,12.0,GradualDrift,Defective,False
C002459,B05,Memory_IC,CH-01,21.99,120.0,40.95,11.737257510611787,16.01534190773191,28.18883068294082,41.18728529348988,50.0,9.082231941223734,9.28074202942415,9.921087786611125,10.59256506893484,12.0,NearLimitDrift,Defective,False
C002463,B05,Memory_IC,CH-01,21.99,120.0,40.95,10.895109660133958,15.638523951115037,28.457879299368454,42.31147742666425,50.0,9.146706810689553,9.37842602736467,9.979237598475736,10.62645900048346,12.0,NearLimitDrift,Defective,False
C002467,B05,Memory_IC,CH-01,21.99,120.0,40.95,10.91064506349913,11.958981449267329,15.457529055182931,18.74020626339001,50.0,8.99861209347861,9.109713189205111,9.452444305223166,9.83503666814119,12.0,GradualDrift,Defective,False
C002468,B05,Memory_IC,CH-01,21.99,120.0,40.95,12.667069842726102,13.6971933198596,17.53838141843048,21.256191158226443,50.0,8.606090047547914,8.679928611957052,8.87439631414218,9.035073551401162,12.0,GradualDrift,Defective,False
C002480,B05,Memory_IC,CH-01,21.99,120.0,40.95,12.799799099405288,13.753319052875844,16.1997425334516,18.77897153599345,50.0,9.34997242212626,9.47540555809362,9.917263335114932,10.292252907301666,12.0,GradualDrift,Defective,False
C002485,B05,Memory_IC,CH-01,21.99,120.0,40.95,11.096732608373852,15.607484335201931,27.40745379833638,40.32735924680219,50.0,8.740660128793719,8.8930110411979,9.373783260595776,9.833992120474988,12.0,NearLimitDrift,Defective,False
C002486,B05,Memory_IC,CH-01,21.99,120.0,40.95,10.769126865879649,11.713273183121858,15.283586551238656,18.869456475276632,50.0,9.095099536421856,9.129833938488996,9.34014357835098,9.597952091812964,12.0,GradualDrift,Defective,False
C002487,B05,Memory_IC,CH-01,21.99,120.0,40.95,12.495110059864457,12.66853231846033,15.550832718521388,21.230010177746166,50.0,9.3370570795155,9.341454442304984,9.418956648150791,9.539326496202396,12.0,SuddenAnomaly,Defective,False
C002488,B05,Memory_IC,CH-01,21.99,120.0,40.95,11.981623563062245,12.64159402377431,14.939935194908786,17.103827049176687,50.0,9.010600624705877,9.17355744278252,9.757867379877233,10.332192240634775,12.0,GradualDrift,Defective,False
C002492,B05,Memory_IC,CH-01,21.99,120.0,40.95,12.602043645073998,12.748187208820609,14.651641859812145,31.302946151997585,50.0,9.106375406917726,9.101647746602534,9.22051835679845,9.289282406424018,12.0,SuddenAnomaly,Defective,False
C002496,B05,Memory_IC,CH-01,21.99,120.0,40.95,10.541492728950995,11.286796181969478,14.374453378093085,17.683953380140068,50.0,9.219558282371604,9.40077793501414,9.778940470233673,10.178535424007295,12.0,GradualDrift,Defective,False
C002505,B06,Memory_IC,CH-04,25.16,125.0,33.22,12.4830092959952,14.011251937669783,18.82527323380471,24.542351503070805,50.0,9.247657885177375,9.356577917049409,9.634280493022464,10.115964346544493,12.0,RapidDrift,Defective,False
C002509,B06,Memory_IC,CH-04,25.16,125.0,33.22,,11.039954815575165,14.769279982496508,22.08312972376259,50.0,8.937912550562064,8.916172197566254,9.024966791289922,9.075451034328747,12.0,SuddenAnomaly,Defective,False
C002510,B06,Memory_IC,CH-04,25.16,125.0,33.22,14.6980101427203,12.672185629030452,11.360108469344812,11.185502817862334,50.0,,9.767473134973068,9.679778882498994,9.58171488924308,12.0,EarlyLifeInstability,Defective,False
C002515,B06,Memory_IC,CH-04,25.16,125.0,33.22,11.813113672966152,13.352541883574446,16.441551390879685,20.982423145108203,50.0,9.001012048537504,9.207034737722603,9.602367544478884,10.02037929152496,12.0,RapidDrift,Defective,False
C002522,B06,Memory_IC,CH-04,25.16,125.0,33.22,10.992137115551683,12.098943464266434,15.920146026717656,19.7783831031848,50.0,9.682197451705424,9.83374994503508,10.260847294986934,10.707530681514696,12.0,GradualDrift,Defective,False
C002534,B06,Memory_IC,CH-04,25.16,125.0,33.22,12.562042132966065,11.02457609771126,10.624078664379851,10.325024913999185,50.0,10.144493610016774,9.954745364077628,9.916142214262612,9.909082533389531,12.0,EarlyLifeInstability,Defective,False
C002536,B06,Memory_IC,CH-04,25.16,125.0,33.22,10.707897750930089,10.831074398907502,13.14553782806065,25.19630344308496,50.0,9.10204511625171,9.150834441385904,9.223784635639166,9.307544758105246,12.0,SuddenAnomaly,Defective,False
C002547,B06,Memory_IC,CH-04,25.16,125.0,33.22,11.123176847122403,11.778425297877046,13.92092530426718,16.068130450042666,50.0,8.955921055924058,9.095062072646746,9.658288945149677,10.169934290105957,12.0,GradualDrift,Defective,False
C002552,B06,Memory_IC,CH-04,25.16,125.0,33.22,12.504385343800251,13.29674740099584,15.802376446148424,18.50856518083245,50.0,9.557075468843257,9.660598074405932,9.835141160303218,10.050822167861078,12.0,GradualDrift,Defective,False
C002555,B06,Memory_IC,CH-04,25.16,125.0,33.22,10.580204775290918,11.28851846932437,13.26039707152248,15.22195660482136,50.0,9.58425507475306,9.627702658662423,9.849181695580816,10.035098245654725,12.0,GradualDrift,Defective,False
C002558,B06,Memory_IC,CH-04,25.16,125.0,33.22,13.373811601712267,14.472327013670776,17.749709801213733,21.17849691592244,50.0,9.022399567133036,9.153540237056395,9.513337323221382,9.842685262206388,12.0,GradualDrift,Defective,False
C002567,B06,Memory_IC,CH-04,25.16,125.0,33.22,11.684259425926935,15.867339869462086,30.01107633450017,44.2490058168618,50.0,9.1141698401179,9.18810428518248,9.44178977669153,9.689988752552011,12.0,NearLimitDrift,Defective,False
C002571,B06,Memory_IC,CH-04,25.16,125.0,33.22,11.876226418936476,12.402930006475769,14.26421336791211,16.051301365057096,50.0,9.268739519083148,9.393686958193872,9.753434794176972,10.11495697588228,12.0,GradualDrift,Defective,False
C002575,B06,Memory_IC,CH-04,25.16,125.0,33.22,12.171004633149666,12.382480602157427,15.621382482615177,24.939936732472425,50.0,9.066603347147844,9.07654658563156,9.167836633143184,9.240903620888334,12.0,SuddenAnomaly,Defective,False
C002578,B06,Memory_IC,CH-04,25.16,125.0,33.22,12.451802569228036,12.64087899605007,16.81266245625756,23.985958515730744,50.0,9.499198956499631,9.495730178481264,9.5760015042637,9.704242898061509,12.0,SuddenAnomaly,Defective,False
C002581,B06,Memory_IC,CH-04,25.16,125.0,33.22,11.54832800928862,11.655112513311344,16.93058750856587,12.719773591584008,50.0,8.500863774539782,8.530674685024062,8.638402840983861,8.728390758459657,12.0,NonMonotonicAnomaly,Defective,False
C002582,B06,Memory_IC,CH-04,25.16,125.0,33.22,10.557625248111034,11.9455400411282,16.671833183483965,21.058985346506223,50.0,9.423527791920876,9.768933833256485,10.59480072830618,11.35355470516256,12.0,RapidDrift,Defective,False
C002588,B06,Memory_IC,CH-04,25.16,125.0,33.22,11.841757025744364,12.347514610087435,13.844730533434168,15.363637787737677,50.0,9.067915773825282,9.176773512962118,9.511663133353183,9.819384991509972,12.0,GradualDrift,Defective,False
C002591,B06,Memory_IC,CH-04,25.16,125.0,33.22,12.431548897174038,13.236646748631488,16.149181906737756,19.310290780810835,50.0,8.98076694700748,9.154874552372329,9.65435337120519,10.131922754019667,12.0,GradualDrift,Defective,False
C002593,B06,Memory_IC,CH-04,25.16,125.0,33.22,10.729666883014792,11.381241897429245,13.7128268048944,16.302881537417708,50.0,8.659564992557256,8.774465531070017,9.137075380290709,9.515245168968358,12.0,GradualDrift,Defective,False
C002594,B06,Memory_IC,CH-04,25.16,125.0,33.22,11.341994080036288,13.240448048636694,18.148354632898545,23.69925068877825,50.0,9.18241640918021,9.52605781935601,10.178391896381289,,12.0,RapidDrift,Defective,False
C002596,B06,Memory_IC,CH-04,25.16,125.0,33.22,12.78856158846211,14.065211501663766,17.63547860855983,21.45408066371494,50.0,9.023748459832374,9.16047141296129,9.568376984999189,10.010669399756722,12.0,GradualDrift,Defective,False
C002598,B06,Memory_IC,CH-04,25.16,125.0,33.22,11.728239334911406,13.59421053060884,18.88699790441195,25.248035825771773,50.0,9.059689054435225,9.34240354935847,10.018134170224306,10.666938523581331,12.0,RapidDrift,Defective,False
C002605,B06,Memory_IC,CH-04,25.16,125.0,33.22,11.567902184599724,12.022614951184384,13.97134371826637,15.985135275404156,50.0,9.068365713876478,9.205783643009346,9.691151370353737,10.156796906242365,12.0,GradualDrift,Defective,False
C002609,B06,Memory_IC,CH-04,25.16,125.0,33.22,16.01306534572333,13.949647878328705,12.395024414009104,12.27056757922405,50.0,9.740449439649012,9.661088469773128,9.571676306069962,9.544860224315215,12.0,EarlyLifeInstability,Defective,False
C002610,B06,Memory_IC,CH-04,25.16,125.0,33.22,11.313967068499329,13.363832142733102,18.73409831111059,24.25838438386997,50.0,9.528266731060937,9.713005743939148,10.12833420155226,10.531500282073704,12.0,RapidDrift,Defective,False
C002613,B06,Memory_IC,CH-04,25.16,125.0,33.22,10.500014414634917,10.74646097209418,15.402306361356626,24.88504755669112,50.0,8.463473092588346,8.487161631000763,8.591895382359047,8.68576222147074,12.0,SuddenAnomaly,Defective,False
C002615,B06,Memory_IC,CH-04,25.16,125.0,33.22,9.977661871914163,12.041111542018047,18.70038970638887,25.726649782034308,50.0,9.313882049951417,9.450286538016003,10.065241857366775,10.47693635169627,12.0,RapidDrift,Defective,False
C002629,B06,Memory_IC,CH-04,25.16,125.0,33.22,16.586839399185948,14.290785609910335,12.919088690426417,12.232079356948148,50.0,9.091959359856942,9.005302790967844,8.900072219225294,8.848903164812075,12.0,EarlyLifeInstability,Defective,False
C002633,B06,Memory_IC,CH-04,25.16,125.0,33.22,11.6532415093268,12.710970737838634,16.15074897910262,19.60650494688784,50.0,9.593651960773846,9.697563249821322,10.047484245614688,10.383888078908468,12.0,GradualDrift,Defective,False
C002636,B06,Memory_IC,CH-04,25.16,125.0,33.22,12.866200988091547,13.461751881259575,15.11963220172604,16.680831403459994,50.0,9.01139197251081,9.158667181090426,9.700371510346994,10.227830511504552,12.0,GradualDrift,Defective,False
C002640,B06,Memory_IC,CH-04,25.16,125.0,33.22,11.342906973317891,11.897463872996616,13.65655086403556,15.389822417930455,50.0,8.987673637372602,9.023718704613614,9.165435092548543,9.293217790868663,12.0,GradualDrift,Defective,False
C002643,B06,Memory_IC,CH-04,25.16,125.0,33.22,12.467345883239222,17.458890155046518,32.91845444401006,49.24452917667996,50.0,9.324734436614682,9.447736692842556,9.787741217662967,10.077275154747184,12.0,NearLimitDrift,Defective,False
C002644,B06,Memory_IC,CH-04,25.16,125.0,33.22,14.343805676853778,12.943849386497948,12.10125615238237,11.73208101108226,50.0,9.646982824672095,9.592002437865142,9.531203087950848,9.505294873409287,12.0,EarlyLifeInstability,Defective,False
C002648,B06,Memory_IC,CH-04,25.16,125.0,33.22,11.55257132666127,12.611575227320104,16.260074030616394,19.86035099301005,50.0,9.590646524544608,9.7124324213942,10.050239239013091,10.372910988579404,12.0,GradualDrift,Defective,False
C002651,B06,Memory_IC,CH-04,25.16,125.0,33.22,13.940121948921966,14.170877551224148,18.89350472774733,14.839086678765083,50.0,9.074781009192892,9.087489662659769,9.175535308832549,9.2400347067735,12.0,NonMonotonicAnomaly,Defective,False
C002655,B06,Memory_IC,CH-04,25.16,125.0,33.22,11.834027441345505,12.793532262114024,15.33640492393628,18.012383790375125,50.0,9.07851060544308,9.158878028916565,9.379602688925385,9.592458473731462,12.0,GradualDrift,Defective,False
C002666,B06,Memory_IC,CH-04,25.16,125.0,33.22,13.139782164812932,14.042027656008068,16.80447574582891,19.5071618269816,50.0,9.071580003266268,9.183064733108743,9.605734745200492,9.99427925702473,12.0,GradualDrift,Defective,False
C002670,B06,Memory_IC,CH-04,25.16,125.0,33.22,12.541219598488404,16.992839609108838,30.74565976899027,45.24908979932858,50.0,9.249742495530752,9.409750532705244,9.783752257325752,10.178402206562083,12.0,NearLimitDrift,Defective,False
C002672,B06,Memory_IC,CH-04,25.16,125.0,33.22,11.303065529258824,12.350269168302969,15.587608630007534,18.80002559457185,50.0,9.34499332179813,9.530027503099634,9.974590630237245,10.380940724742606,12.0,GradualDrift,Defective,False
C002674,B06,Memory_IC,CH-04,25.16,125.0,33.22,11.9734899575171,12.040056804504191,14.893253946104764,28.649925555008416,50.0,9.67384540093476,9.681609372244717,9.771626433221693,9.884192527163282,12.0,SuddenAnomaly,Defective,False
C002683,B06,Memory_IC,CH-04,25.16,125.0,33.22,9.803398204890748,14.34469182089452,28.913074130055413,43.964305584911656,50.0,8.921590142551041,9.07447856642875,9.4490404065152,9.84672442592229,12.0,NearLimitDrift,Defective,False
C002692,B06,Memory_IC,CH-04,25.16,125.0,33.22,11.696239386781796,12.74032016302183,15.378783435289758,17.69917034925801,50.0,9.574835481678724,9.677189855465022,9.98788104786925,10.356008710157344,12.0,GradualDrift,Defective,False
C002698,B06,Memory_IC,CH-04,25.16,125.0,33.22,13.374823157380506,13.881146575489629,15.717875449828348,17.688176996164728,50.0,9.474836958264875,9.497794526737524,9.712932232435929,9.83915357011426,12.0,GradualDrift,Defective,False
C002699,B06,Memory_IC,CH-04,25.16,125.0,33.22,12.549595926711508,12.945349036058651,17.372180957697516,28.27890004746985,50.0,9.524891359902908,9.564956497031124,9.683984577276556,9.800139960965442,12.0,SuddenAnomaly,Defective,False
C002703,B06,Memory_IC,CH-04,25.16,125.0,33.22,13.127243023883311,13.530415678982187,14.893524467235476,16.464477808674427,50.0,9.616518540256967,9.832918510469367,10.414213157661676,10.912227982545742,12.0,GradualDrift,Defective,False
C002722,B06,Memory_IC,CH-04,25.16,125.0,33.22,11.46895652497793,11.64221348223288,18.70200722943293,12.101182201589252,50.0,9.653408401228305,9.684133818919603,9.706030104211845,9.78033893886617,12.0,NonMonotonicAnomaly,Defective,False
C002729,B06,Memory_IC,CH-04,25.16,125.0,33.22,11.45481457736634,12.464130069394058,15.53714662500096,18.71921227943129,50.0,9.049396170338731,9.193568008816598,9.588503345154004,10.021117488105476,12.0,GradualDrift,Defective,False
C002730,B06,Memory_IC,CH-04,25.16,125.0,33.22,12.672197848248478,13.57377823262908,15.984352613422413,18.392406360676315,50.0,9.38841809441707,9.488846437920252,9.848591279190272,10.222773246497606,12.0,GradualDrift,Defective,False
C002732,B06,Memory_IC,CH-04,25.16,125.0,33.22,12.104431852598765,12.157936192392455,14.251335544949423,22.44362999615334,50.0,8.769347379126447,8.79835467993961,,8.982460016780987,12.0,SuddenAnomaly,Defective,False
C002736,B06,Memory_IC,CH-04,25.16,125.0,33.22,11.30462665260249,11.276816800325104,14.609600779633196,25.734026627951465,50.0,9.563024219047051,9.565649154368336,9.590635237379336,9.680183815056866,12.0,SuddenAnomaly,Defective,False
C002741,B06,Memory_IC,CH-04,25.16,125.0,33.22,11.780494600709847,12.64788730890734,15.532130747889344,18.31820187531849,50.0,10.222198762363432,10.270533995202966,10.413356625579215,10.601425029182613,12.0,GradualDrift,Defective,False
C002756,B06,Memory_IC,CH-04,25.16,125.0,33.22,11.812008728036783,13.83703792160598,20.11755150582873,26.375318343288573,50.0,9.458390474570136,9.703002531037546,10.222896656819248,10.907979743923924,12.0,RapidDrift,Defective,False
C002762,B06,Memory_IC,CH-04,25.16,125.0,33.22,10.868779899942986,11.969502343637483,15.012639023438114,18.029761456235114,50.0,9.652137049730069,9.80306007027293,10.279895630471108,10.774757561519428,12.0,GradualDrift,Defective,False
C002763,B06,Memory_IC,CH-04,25.16,125.0,33.22,14.455131982545792,14.887749179355644,16.469703572268674,18.316329072861937,50.0,8.955224054895636,9.10934071015708,9.558765314603685,10.05405667314923,12.0,GradualDrift,Defective,False
C002765,B06,Memory_IC,CH-04,25.16,125.0,33.22,11.181639192231682,12.171626856927931,15.165769309209374,18.28289683739189,50.0,9.30839885085846,9.474572094813098,9.925505109882344,10.402687185302891,12.0,GradualDrift,Defective,False
C002770,B06,Memory_IC,CH-04,25.16,125.0,33.22,12.79549588720528,12.82375329341479,16.62322226744416,30.41405004947132,50.0,8.812278878381134,8.892288986961612,8.976524024760256,9.075438126106633,12.0,SuddenAnomaly,Defective,False
C002775,B06,Memory_IC,CH-04,25.16,125.0,33.22,11.818945391064172,12.444762526627589,14.411592660823556,16.0774456267889,50.0,9.59875093122689,9.68402170660848,9.919868961248172,10.15339527240234,12.0,GradualDrift,Defective,False
C002778,B06,Memory_IC,CH-04,25.16,125.0,33.22,12.059114851008353,12.572650026455856,14.401608792589125,16.438992731620115,50.0,9.098212930696157,9.1662451489998,9.347569140018742,9.554326750544517,12.0,GradualDrift,Defective,False
C002803,B06,Memory_IC,CH-04,25.16,125.0,33.22,12.110707777654902,13.387863745428051,16.86443626327883,20.300957805293617,50.0,9.499864026911508,9.6051940127173,9.965020699597517,10.331882667304807,12.0,GradualDrift,Defective,False
C002815,B06,Memory_IC,CH-04,25.16,125.0,33.22,12.615146670359213,13.478733129568656,15.900890304069105,18.106936266185336,50.0,8.841723169746597,8.951936557775785,9.295082016940764,9.625546210502964,12.0,GradualDrift,Defective,False
C002822,B06,Memory_IC,CH-04,25.16,125.0,33.22,11.16466658579702,15.653294413691755,30.44628457466601,45.81554614832494,50.0,9.779792672130784,9.971776764932782,10.411777693054614,10.869110151734626,12.0,NearLimitDrift,Defective,False
C002827,B06,Memory_IC,CH-04,25.16,125.0,33.22,11.050781739734644,16.126768187249144,32.345513421323155,49.18719607174767,50.0,,9.09163137619157,9.603604102746512,10.115874478163065,12.0,NearLimitDrift,Defective,False
C002829,B06,Memory_IC,CH-04,25.16,125.0,33.22,16.96288403946216,15.726458691675578,14.315518404523662,14.21375985376982,50.0,9.428904808608268,9.319366252779677,9.28976580760461,9.24145292294517,12.0,EarlyLifeInstability,Defective,False
C002854,B06,Memory_IC,CH-04,25.16,125.0,33.22,10.57748613514747,10.41934812177782,16.51330707991676,11.490305408585868,50.0,8.897623280426279,8.973101712300947,9.019143410698543,9.083329178695848,12.0,NonMonotonicAnomaly,Defective,False
C002859,B06,Memory_IC,CH-04,25.16,125.0,33.22,11.00610883379368,11.64329180346929,14.690370984278,17.689585108440173,50.0,9.21373075873128,9.313021562569435,9.600964842712994,9.850639368412867,12.0,GradualDrift,Defective,False
C002863,B06,Memory_IC,CH-04,25.16,125.0,33.22,12.608843835330555,14.570275027983106,20.25741445948142,25.82555743636861,50.0,8.799049055161204,9.13227748247072,9.895576183067096,10.711966056164568,12.0,RapidDrift,Defective,False
C002865,B06,Memory_IC,CH-04,25.16,125.0,33.22,11.2077196026686,12.548366670070171,,21.50205879850951,50.0,9.22318561366784,9.26086759036587,9.763451334294874,10.10789416545989,12.0,RapidDrift,Defective,False
C002868,B06,Memory_IC,CH-04,25.16,125.0,33.22,15.612716562117484,14.19558052415065,12.96836801687036,12.71510032927911,50.0,9.060921477995857,8.9398990134528,8.919213929486919,8.826399974415498,12.0,EarlyLifeInstability,Defective,False
C002870,B06,Memory_IC,CH-04,25.16,125.0,33.22,13.43374346720739,14.911959737458004,21.062564872437218,27.601776720874007,50.0,9.284909735202012,9.367775047352874,9.822570028216331,10.22614882644855,12.0,RapidDrift,Defective,False
C002871,B06,Memory_IC,CH-04,25.16,125.0,33.22,12.509777459357428,13.858968337034488,18.958687543542663,23.50577956638841,50.0,9.050076029296768,9.312720192659953,9.63978090625989,9.97675135322508,12.0,RapidDrift,Defective,False
C002873,B06,Memory_IC,CH-04,25.16,125.0,33.22,13.204050100968658,18.17312556461365,33.591291261020224,49.59722171294198,50.0,9.011385437571182,9.104811949234762,9.35101741788201,9.583783821540615,12.0,NearLimitDrift,Defective,False
C002875,B06,Memory_IC,CH-04,25.16,125.0,33.22,12.41140098209334,13.851156846702745,18.07349491990255,22.51479365248809,50.0,8.95103803194683,9.294182473461657,10.196593459205632,11.037063473062664,12.0,RapidDrift,Defective,False
C002878,B06,Memory_IC,CH-04,25.16,125.0,33.22,11.393344755733622,15.770324848050748,28.36234094241399,41.72020400484911,50.0,8.88824206131018,9.008059375205084,9.555161794246018,10.09153473699621,12.0,NearLimitDrift,Defective,False
C002879,B06,Memory_IC,CH-04,25.16,125.0,33.22,11.452005807989908,11.73579138152585,13.710582839158402,23.081324720668405,50.0,9.142367149452188,9.19586552224863,9.319220562633785,9.483113168732768,12.0,SuddenAnomaly,Defective,False
C002881,B06,Memory_IC,CH-04,25.16,125.0,33.22,14.649743210187404,13.489302128857185,12.595750694702351,12.255916247350653,50.0,9.357308969393014,9.234685786375769,9.155208617817369,9.117028874424213,12.0,EarlyLifeInstability,Defective,False
C002882,B06,Memory_IC,CH-04,25.16,125.0,33.22,12.084420483441676,12.58958188354992,14.23344063818647,15.91085030386366,50.0,9.020841157330285,9.158294270684957,9.68362075724135,10.207276560058236,12.0,GradualDrift,Defective,False
C002887,B06,Memory_IC,CH-04,25.16,125.0,33.22,11.04739912684702,11.085588160830302,14.561516537794862,19.16271844684983,50.0,9.156971076343767,9.169447031746138,9.225808922545838,9.291104625300518,12.0,SuddenAnomaly,Defective,False
C002893,B06,Memory_IC,CH-04,25.16,125.0,33.22,10.80402449770042,11.11719031194456,15.168164966669387,19.098903096356302,50.0,9.587005258142751,9.612793191324869,9.670545764206093,9.725918469503345,12.0,SuddenAnomaly,Defective,False
C002895,B06,Memory_IC,CH-04,25.16,125.0,33.22,11.651268129919632,11.835209957833746,15.30529336946958,22.91297820839337,50.0,9.12400062229372,9.1705072809274,9.306126732970046,9.40718819898966,12.0,SuddenAnomaly,Defective,False
C002900,B06,Memory_IC,CH-04,25.16,125.0,33.22,12.29204149543813,12.326341023927643,17.830481778371396,13.059501986874068,50.0,8.8025939530492,8.846347867501208,8.978313781555826,9.07754078025715,12.0,NonMonotonicAnomaly,Defective,False
C002904,B06,Memory_IC,CH-04,25.16,125.0,33.22,12.725406716876098,12.98670872713824,20.491034175980936,14.340210110137113,50.0,8.968472178398075,8.962275805772041,9.05549095385351,9.120944496827676,12.0,NonMonotonicAnomaly,Defective,False
C002908,B06,Memory_IC,CH-04,25.16,125.0,33.22,11.807908893959482,11.92033197545414,21.12926062785692,12.485488273375648,50.0,9.483054038366175,9.516750803943069,9.603062566239062,9.680896432815524,12.0,NonMonotonicAnomaly,Defective,False
C002910,B06,Memory_IC,CH-04,25.16,125.0,33.22,10.657697711058786,11.21432310581926,13.377995364278386,15.62147230498119,50.0,9.736043160585533,9.869725003756669,10.258162443726198,10.670897195949708,12.0,GradualDrift,Defective,False
C002911,B06,Memory_IC,CH-04,25.16,125.0,33.22,10.187676593139392,12.005523382906134,17.09557008697918,22.6232701966922,50.0,9.551916907443076,9.806862459629732,10.40026737529677,11.030932160294933,12.0,RapidDrift,Defective,False
C002917,B06,Memory_IC,CH-04,25.16,125.0,33.22,10.92118108460803,11.49955432034973,13.816235025363714,16.295044579059443,50.0,9.23683252804019,9.328150239237832,9.549728655079171,9.724812025111842,12.0,GradualDrift,Defective,False
C002918,B06,Memory_IC,CH-04,25.16,125.0,33.22,12.208390688279389,13.159861093782627,15.566600099844637,17.937838803468082,50.0,9.02060063159787,9.2003505622575,9.629229132439798,10.126823479839532,12.0,GradualDrift,Defective,False
C002919,B06,Memory_IC,CH-04,25.16,125.0,33.22,10.676863676633255,15.776934707314114,31.16984180172811,47.512698765068734,50.0,8.676888206927964,8.861199907239786,9.39518222001549,,12.0,NearLimitDrift,Defective,False
C002925,B06,Memory_IC,CH-04,25.16,125.0,33.22,12.241796964276944,13.230362956882756,16.736879292742284,20.18072755530143,50.0,9.313033949454772,9.497690340783493,9.920159607083852,10.361834741354429,12.0,GradualDrift,Defective,False
C002926,B06,Memory_IC,CH-04,25.16,125.0,33.22,11.429204889905696,12.677238847100837,16.079527096975863,19.67962747246841,50.0,9.21439979739637,9.358056866742857,9.740641173704557,10.13676307450242,12.0,GradualDrift,Defective,False
C002928,B06,Memory_IC,CH-04,25.16,125.0,33.22,11.227869398747384,11.55653956526665,15.999722766492727,30.49075810007885,50.0,9.596724507546002,9.646523121346329,9.756394696583977,9.855363386590687,12.0,SuddenAnomaly,Defective,False
C002932,B06,Memory_IC,CH-04,25.16,125.0,33.22,11.572855275521052,11.770747240577712,21.78440744358946,12.32109747844823,50.0,9.350540678424094,9.412149992123046,9.519409209830696,9.6372721614965,12.0,NonMonotonicAnomaly,Defective,False
C002933,B06,Memory_IC,CH-04,25.16,125.0,33.22,11.729824676415245,11.926932168767149,14.32486491410844,31.339009275056128,50.0,9.380771344436877,9.476772836166496,9.653412169585312,9.827836195649216,12.0,SuddenAnomaly,Defective,False
C002937,B06,Memory_IC,CH-04,25.16,125.0,33.22,11.046339747245224,11.477547097010609,13.127587956356855,14.604689960883867,50.0,9.234300745253725,9.371501456843465,9.594090585207905,9.788011271517105,12.0,GradualDrift,Defective,False
C002940,B06,Memory_IC,CH-04,25.16,125.0,33.22,10.756864323797016,14.435016285393669,26.98845929334225,39.68337191278648,50.0,9.36350921130056,9.559433228003895,10.15361559146784,10.771288411705047,12.0,NearLimitDrift,Defective,False
C002941,B06,Memory_IC,CH-04,25.16,125.0,33.22,13.124017582732543,13.259997752623164,16.422894699506774,31.50958338657338,50.0,9.333427146617051,9.333223510529397,9.44503026821734,9.523544159885285,12.0,SuddenAnomaly,Defective,False
C002943,B06,Memory_IC,CH-04,25.16,125.0,33.22,11.531843999049164,16.327212928099087,31.17057850552188,46.93064329807585,50.0,9.32788828881167,9.402785904982002,9.691925844172673,9.94316415496119,12.0,NearLimitDrift,Defective,False
C002952,B06,Memory_IC,CH-04,25.16,125.0,33.22,11.389333253821974,11.509023739587995,14.501379300412763,21.78553658180764,50.0,8.788128384279945,8.797669943743456,8.899100548477813,9.001901772999412,12.0,SuddenAnomaly,Defective,False
C002966,B06,Memory_IC,CH-04,25.16,125.0,33.22,11.110339939495727,15.658319800633707,28.32885298995488,42.245138566262014,50.0,9.158134425866518,9.259318686112795,9.51368240818704,9.78389427224461,12.0,NearLimitDrift,Defective,False
C002973,B06,Memory_IC,CH-04,25.16,125.0,33.22,11.57059497049303,12.035202790810942,13.532234969139925,15.168586502542489,50.0,9.294575645558783,9.423175644677867,9.753403761103966,10.061741829312494,12.0,GradualDrift,Defective,False
C002977,B06,Memory_IC,CH-04,25.16,125.0,33.22,11.44640623607402,11.575861038470943,15.246945880010747,22.48362938784122,50.0,8.905195240168096,8.924445365059634,8.984990701551643,8.997732695667443,12.0,SuddenAnomaly,Defective,False
C002980,B06,Memory_IC,CH-04,25.16,125.0,33.22,11.272051313656958,11.360803037502766,14.741562284780317,21.08896187847394,50.0,9.579878395735362,9.633096494549363,,9.87828058706562,12.0,SuddenAnomaly,Defective,False
C002988,B06,Memory_IC,CH-04,25.16,125.0,33.22,12.106207843446024,14.086362438451944,20.2846375058243,26.476141947337968,50.0,9.358100273211743,9.529273851897058,9.919692772191462,10.491702840381503,12.0,RapidDrift,Defective,False
C002991,B06,Memory_IC,CH-04,25.16,125.0,33.22,12.349072767288163,13.560379103349234,17.171008765670965,20.461725221276733,50.0,9.436640319363075,9.504778102338063,9.794045398316632,9.983760187075628,12.0,GradualDrift,Defective,False
C002996,B06,Memory_IC,CH-04,25.16,125.0,33.22,10.660075130272288,15.83225170696578,31.32197434729914,47.04496832895639,50.0,9.575136535922772,9.656233849520504,10.02084578981385,10.363619556473829,12.0,NearLimitDrift,Defective,False
C002997,B06,Memory_IC,CH-04,25.16,125.0,33.22,11.224755982507714,11.265826085235076,13.55773023657244,22.331190000906496,50.0,9.167206684969727,9.178285039395282,9.278816600162989,9.328451280684522,12.0,SuddenAnomaly,Defective,False
C002998,B06,Memory_IC,CH-04,25.16,125.0,33.22,13.43542757609226,15.13890522369244,20.20093344613888,24.89140881829089,50.0,8.74692493613212,8.867276316970253,9.228985570094045,9.521402548266998,12.0,RapidDrift,Defective,False
C003012,B07,Logic_IC,CH-01,24.67,125.0,34.16,11.641051857191131,11.61516078583274,21.390494693123813,12.200448867827266,50.0,8.06548672191042,8.0921487219545,8.182498339433831,8.251763898454358,12.0,NonMonotonicAnomaly,Defective,False
C003017,B07,Logic_IC,CH-01,24.67,125.0,34.16,12.015030946110992,13.02150158166486,16.018981343596483,19.147482766400152,50.0,7.579971992370984,7.6470173168148285,7.828678608954453,8.056885792582515,12.0,GradualDrift,Defective,False
C003024,B07,Logic_IC,CH-01,24.67,125.0,34.16,11.363324558231762,12.857324446609969,16.0509009518692,20.525289480219428,50.0,7.923935565168446,8.087008929787556,8.561058248117384,8.856559763413275,12.0,RapidDrift,Defective,False
C003027,B07,Logic_IC,CH-01,24.67,125.0,34.16,10.437921290396432,11.061197198893316,13.211724740869505,15.556028415781972,50.0,7.595258639319535,7.6814105476996115,7.941874905947658,8.190612331674966,12.0,GradualDrift,Defective,False
C003032,B07,Logic_IC,CH-01,24.67,125.0,34.16,11.785244613366658,16.599809182059563,31.773203702589264,47.50508768163326,50.0,7.972404654249534,8.07867575852689,8.492810349279276,8.951047815023054,12.0,NearLimitDrift,Defective,False
C003036,B07,Logic_IC,CH-01,24.67,125.0,34.16,10.87620913994208,12.027544602195215,16.31005856418654,20.761830891238933,50.0,7.566072087670048,7.764257464558552,8.179703640318158,8.643847206837334,12.0,RapidDrift,Defective,False
C003037,B07,Logic_IC,CH-01,24.67,125.0,34.16,11.710437905477123,11.921925592766248,14.670654753178187,20.604825588289,50.0,7.775276876748205,7.8237408731732705,7.8968033792736785,8.005519173276987,12.0,SuddenAnomaly,Defective,False
C003047,B07,Logic_IC,CH-01,24.67,125.0,34.16,12.1190976936573,12.26022782836411,15.898473032770282,24.36599391458209,50.0,8.012135504659826,8.046306530653846,8.106701509227573,8.223857255864928,12.0,SuddenAnomaly,Defective,False
C003049,B07,Logic_IC,CH-01,24.67,125.0,34.16,10.25133637963429,10.202297057089694,14.36042378745725,10.605806117300734,50.0,7.68758839583596,7.719322277995955,7.823487564916995,7.964279141611899,12.0,NonMonotonicAnomaly,Defective,False
C003060,B07,Logic_IC,CH-01,24.67,125.0,34.16,11.454809059973206,11.422230659154495,17.459858420272578,12.186316926732296,50.0,7.5300848415862465,7.561412132809833,7.682723605744145,7.813056579966835,12.0,NonMonotonicAnomaly,Defective,False
C003061,B07,Logic_IC,CH-01,24.67,125.0,34.16,13.443343358795364,12.222350695261312,11.238412538084336,11.065370141281653,50.0,8.388248727370659,8.328146324498196,8.228715820223284,8.144489348922008,12.0,EarlyLifeInstability,Defective,False
C003074,B07,Logic_IC,CH-01,24.67,125.0,34.16,10.216974704100938,11.435352597329445,14.635874899757145,17.77486731749673,50.0,7.8743819414873535,8.01801476288264,8.488027514683976,9.003261988026315,12.0,GradualDrift,Defective,False
C003076,B07,Logic_IC,CH-01,24.67,125.0,34.16,13.31285728161252,12.471242460498196,11.799018525449425,11.699344387816126,50.0,8.111751228140394,8.062053736318992,7.875346790279711,7.851468344536527,12.0,EarlyLifeInstability,Defective,False
C003078,B07,Logic_IC,CH-01,24.67,125.0,34.16,10.737097145055197,10.980055355808975,19.76238509863101,12.635013603171451,50.0,7.991245900586902,8.016667594959443,8.112860410673706,8.19180416456895,12.0,NonMonotonicAnomaly,Defective,False
C003079,B07,Logic_IC,CH-01,24.67,125.0,34.16,11.60190196450966,12.654443349126014,16.032590791287163,19.19126762358077,50.0,7.823766701180856,7.9137359042979645,8.18219643085667,8.430848104612304,12.0,GradualDrift,Defective,False
C003086,B07,Logic_IC,CH-01,24.67,125.0,34.16,12.143193224934132,12.511171130278042,17.200183222755076,23.96500779465547,50.0,7.796804593920455,7.812119481752727,7.947494663910653,8.058098410990034,12.0,SuddenAnomaly,Defective,False
C003088,B07,Logic_IC,CH-01,24.67,125.0,34.16,12.010088180510827,12.840894831073856,15.50970631831749,18.38219395804065,50.0,7.993083236756479,8.095068010044171,8.446362577014828,8.854797089979675,12.0,GradualDrift,Defective,False
C003092,B07,Logic_IC,CH-01,24.67,125.0,34.16,12.345502848433137,12.919879905750776,14.619934317195913,16.430197393271666,50.0,7.374568081724344,7.423776599249947,7.581317176197322,7.762096602024765,12.0,GradualDrift,Defective,False
C003097,B07,Logic_IC,CH-01,24.67,125.0,34.16,11.392282831097942,12.589096171327192,16.11715476732068,19.881464239549828,50.0,7.705451801474584,7.741156625001874,7.877278753153948,8.04843290236521,12.0,GradualDrift,Defective,False
C003104,B07,Logic_IC,CH-01,24.67,125.0,34.16,11.49241058045135,15.715866451658284,,40.661524225408,50.0,8.126730452307452,8.280057966176763,8.823702330088887,9.319511455176183,12.0,NearLimitDrift,Defective,False
C003106,B07,Logic_IC,CH-01,24.67,125.0,34.16,11.25056713903327,11.513704815889366,14.419785748317148,21.71194738599447,50.0,8.205726356062922,8.178239160284393,8.256090876714595,8.358206297965195,12.0,SuddenAnomaly,Defective,False
C003114,B07,Logic_IC,CH-01,24.67,125.0,34.16,10.941219735434,13.048662213303304,19.71941086822708,25.944131958508123,50.0,8.557004372414067,8.600439693110017,8.987096156251145,9.208489922139748,12.0,RapidDrift,Defective,False
C003115,B07,Logic_IC,CH-01,24.67,125.0,34.16,13.152165611487948,11.359429337469704,10.895142209163003,10.834811021642317,50.0,8.149623567121868,8.03029887453313,8.000264883332651,7.920447099184669,12.0,EarlyLifeInstability,Defective,False
C003116,B07,Logic_IC,CH-01,24.67,125.0,34.16,12.194577347049972,12.459967496952796,22.8628985659276,13.219746195624362,50.0,7.862672929819249,7.868042809753179,8.006398716627322,8.056590151404775,12.0,NonMonotonicAnomaly,Defective,False
C003118,B07,Logic_IC,CH-01,24.67,125.0,34.16,10.48656981452311,11.894407213588186,15.338666031657054,19.0859708601836,50.0,8.547782346251454,8.72891582627414,9.26561001057201,9.802715393172948,12.0,GradualDrift,Defective,False
C003120,B07,Logic_IC,CH-01,24.67,125.0,34.16,11.711580421447808,12.809947510109383,16.38254580199409,20.04101072463064,50.0,7.704529297687583,7.82943547085516,8.21075558734307,8.612928408857686,12.0,GradualDrift,Defective,False
C003121,B07,Logic_IC,CH-01,24.67,125.0,34.16,12.01446933172059,13.198392105136987,16.106883145546433,18.802681761116133,50.0,8.484472889819099,8.536196921990195,8.733172770899875,8.934227961071082,12.0,GradualDrift,Defective,False
C003123,B07,Logic_IC,CH-01,24.67,125.0,34.16,10.601593555034214,10.68295114774887,19.36760702270461,11.166117365377648,50.0,7.784528838583306,7.813201122304549,7.938214927039741,7.995159978087407,12.0,NonMonotonicAnomaly,Defective,False
C003124,B07,Logic_IC,CH-01,24.67,125.0,34.16,12.146054479995726,12.444491220508269,16.56296908791918,20.555369859505063,50.0,7.534392278398441,7.534918235091379,7.61062802323733,7.738260168492697,12.0,SuddenAnomaly,Defective,False
C003125,B07,Logic_IC,CH-01,24.67,125.0,34.16,10.586054768990993,11.656551707672753,14.84280211353942,17.99165193449778,50.0,7.942762746125501,8.17173057147597,8.717344953315793,9.224672060347572,12.0,GradualDrift,Defective,False
C003127,B07,Logic_IC,CH-01,24.67,125.0,34.16,11.164471786519115,11.3046677121132,14.0135411044851,29.260314663330178,50.0,8.078102954897718,8.110374650168797,8.213273524904508,8.280574423062701,12.0,SuddenAnomaly,Defective,False
C003128,B07,Logic_IC,CH-01,24.67,125.0,34.16,10.998104061331365,11.72573588458664,13.913679953817311,15.947078128084035,50.0,7.794497257768165,7.963893479862705,8.397975841785877,8.810035265023608,12.0,GradualDrift,Defective,False
C003129,B07,Logic_IC,CH-01,24.67,125.0,34.16,11.332283635901096,12.342915024807317,15.402975484212696,18.29202834674292,50.0,8.046539716591152,8.077459371979693,8.255715934127528,8.403304006688597,12.0,GradualDrift,Defective,False
C003137,B07,Logic_IC,CH-01,24.67,125.0,34.16,9.85671150944733,10.008821827187628,12.793036577199183,22.567983468536173,50.0,7.507292683092031,7.584410047797845,7.719684990305704,7.822815680928542,12.0,SuddenAnomaly,Defective,False
C003157,B07,Logic_IC,CH-01,24.67,125.0,34.16,11.221399887245592,11.582904552938388,12.987552287504046,14.6709917490151,50.0,7.980396927080094,8.176440599887133,8.592351605064035,8.993026508712983,12.0,GradualDrift,Defective,False
C003165,B07,Logic_IC,CH-01,24.67,125.0,34.16,11.077455679541693,13.191969207600495,19.28709062128248,25.592722781976683,50.0,7.858751736658597,8.058878057317024,8.693351374080082,9.239407404906595,12.0,RapidDrift,Defective,False
C003170,B07,Logic_IC,CH-01,24.67,125.0,34.16,12.743263038943343,10.930195609393335,10.656484723283846,10.226530107674694,50.0,8.206062414351011,8.031233539582624,7.977441066482034,8.009675041220502,12.0,EarlyLifeInstability,Defective,False
C003180,B07,Logic_IC,CH-01,24.67,125.0,34.16,11.718181276727396,11.69349684623382,13.677320084771733,21.25426122377762,50.0,7.441386575805148,7.46135383607516,7.553980316218929,7.655340503323314,12.0,SuddenAnomaly,Defective,False
C003181,B07,Logic_IC,CH-01,24.67,125.0,34.16,11.21351139784105,12.748094931105852,18.43846006644217,24.122917437573857,50.0,7.8167921501620095,8.160104077067471,8.968131176416948,9.761522166710384,12.0,RapidDrift,Defective,False
C003186,B07,Logic_IC,CH-01,24.67,125.0,34.16,11.731931205766331,13.047531806410616,16.3273357264539,19.50935985753097,50.0,8.017152215106728,8.196391249325197,8.702352913970286,9.191042876771595,12.0,GradualDrift,Defective,False
C003192,B07,Logic_IC,CH-01,24.67,125.0,34.16,11.073892659731126,16.615401653825636,32.923824296608984,49.44071557008572,50.0,7.947579255502329,8.060313637452214,8.525461193253161,8.93044825841786,12.0,NearLimitDrift,Defective,False
C003195,B07,Logic_IC,CH-01,24.67,125.0,34.16,11.519903222454792,15.901497063614448,29.297275272131035,43.2569625589965,50.0,8.040565563453779,8.153011906950974,8.49202315930302,8.832079557999643,12.0,NearLimitDrift,Defective,False
C003197,B07,Logic_IC,CH-01,24.67,125.0,34.16,11.58787610015823,12.229527432988489,14.107529560174214,16.091759342871303,50.0,7.840359352082357,7.950831673285371,8.341639260504646,8.706326020034085,12.0,GradualDrift,Defective,False
C003201,B07,Logic_IC,CH-01,24.67,125.0,34.16,10.379911323742236,15.528111079403963,31.227265375166706,47.73987976873229,50.0,8.025238080332063,8.234504038844902,8.821873152529394,9.423218799609597,12.0,NearLimitDrift,Defective,False
C003210,B07,Logic_IC,CH-01,24.67,125.0,34.16,13.48826603536958,14.53617979235284,17.522089314635956,20.77945864658776,50.0,7.983110055922853,8.111026776134674,8.457027445931676,8.790336171505883,12.0,GradualDrift,Defective,False
C003216,B07,Logic_IC,CH-01,24.67,125.0,34.16,10.038698635930876,10.391049663502566,11.833816712143088,13.281115766098685,50.0,7.911462253782973,8.118806450819386,8.70900233768242,9.271021664468744,12.0,GradualDrift,Defective,False
C003225,B07,Logic_IC,CH-01,24.67,125.0,34.16,10.514436059102144,10.427184093225415,19.17513328903304,10.687566303841384,50.0,7.770004531888198,7.768450917603487,7.828269969669907,7.951679844737301,12.0,NonMonotonicAnomaly,Defective,False
C003228,B07,Logic_IC,CH-01,24.67,125.0,34.16,9.97015333933614,11.126347776155,14.745023446598507,18.50353475373788,50.0,7.8524164353296335,8.083097126682283,8.51675163943956,8.883370361961594,12.0,RapidDrift,Defective,False
C003232,B07,Logic_IC,CH-01,24.67,125.0,34.16,10.21949302375407,15.14889528511202,29.547155873492624,44.42715210761983,50.0,7.75198035711921,7.857240442188383,8.171765978935701,8.546604703595104,12.0,NearLimitDrift,Defective,False
C003233,B07,Logic_IC,CH-01,24.67,125.0,34.16,11.174677120345148,13.177809850715144,18.04809722936636,22.741161980565344,50.0,7.873477126553378,8.190081403619809,8.78772655305465,9.42105190830385,12.0,RapidDrift,Defective,False
C003235,B07,Logic_IC,CH-01,24.67,125.0,34.16,10.84183615990646,10.962460965262196,20.372026548808336,11.73807210280842,50.0,7.732757865095806,7.752538519133706,7.782491030275538,7.8479431137731055,12.0,NonMonotonicAnomaly,Defective,False
C003236,B07,Logic_IC,CH-01,24.67,125.0,34.16,11.42396602391626,12.605020627510992,15.947323265031594,19.62154252299124,50.0,7.757770762623721,7.821898995654621,8.152786961120219,8.499945031743765,12.0,GradualDrift,Defective,False
C003237,B07,Logic_IC,CH-01,24.67,125.0,34.16,12.164754720589682,13.21595245839513,16.603628024605214,19.7838930063184,50.0,7.428349530127954,7.6064287458498,8.04223768387832,8.475660224365882,12.0,GradualDrift,Defective,False
C003247,B07,Logic_IC,CH-01,24.67,125.0,34.16,9.684545050037546,9.737081906928164,18.04921338399709,10.210011360669212,50.0,8.002758580057682,8.028602405859063,8.149144699846635,8.272127205955755,12.0,NonMonotonicAnomaly,Defective,False
C003249,B07,Logic_IC,CH-01,24.67,125.0,34.16,12.004660637490677,12.923671118439271,15.624711776062256,18.29998672764658,50.0,7.95833550473989,8.146544454582884,8.674672358954226,9.26826058830638,12.0,GradualDrift,Defective,False
C003252,B07,Logic_IC,CH-01,24.67,125.0,34.16,11.32616206883707,11.820505338951536,13.716404631119287,15.597266357916457,50.0,7.738806177173486,7.918326267932585,8.45292046928039,8.969452449635279,12.0,GradualDrift,Defective,False
C003253,B07,Logic_IC,CH-01,24.67,125.0,34.16,15.84749106452146,13.116221813880095,11.422222352815425,11.628803355424983,50.0,8.513742946218583,8.301387150316051,8.269825420870783,8.266393673584076,12.0,EarlyLifeInstability,Defective,False
C003264,B07,Logic_IC,CH-01,24.67,125.0,34.16,10.825681669712436,11.02767098960664,14.233157953301312,20.266208863413965,50.0,8.068593054900914,8.161431483028071,8.262988018153507,8.366301164487519,12.0,SuddenAnomaly,Defective,False
C003267,B07,Logic_IC,CH-01,24.67,125.0,34.16,11.221220105964983,13.047441089512189,18.679426313377064,24.37756420860092,50.0,7.648042868668416,8.015224562964537,8.918937321903144,9.746568625894382,12.0,RapidDrift,Defective,False
C003269,B07,Logic_IC,CH-01,24.67,125.0,34.16,10.922715185965766,10.97170492933818,16.306966477969976,11.850119686233658,50.0,7.864825211330479,7.888008603098088,7.941003489713071,7.994698452650375,12.0,NonMonotonicAnomaly,Defective,False
C003275,B07,Logic_IC,CH-01,24.67,125.0,34.16,10.747683122580156,10.853708823594795,19.53093793626097,11.377281730400316,50.0,8.051208893441894,8.084636882340636,8.20836839224307,8.292599975465379,12.0,NonMonotonicAnomaly,Defective,False
C003280,B07,Logic_IC,CH-01,24.67,125.0,34.16,10.16920661791946,11.499169498190945,15.384067733717844,19.258378824879227,50.0,8.01264308422571,8.153016403798041,8.769413002763782,9.353394399060642,12.0,RapidDrift,Defective,False
C003297,B07,Logic_IC,CH-01,24.67,125.0,34.16,11.800630743427943,11.89953310446763,16.973497258554687,13.186573134295912,50.0,8.083017779420722,8.141339304453949,8.242236752160224,8.342517576693185,12.0,NonMonotonicAnomaly,Defective,False
C003304,B07,Logic_IC,CH-01,24.67,125.0,34.16,10.363748110963185,11.487022066179977,15.237237167531289,18.818742724849,50.0,8.05088071217646,8.194815610615724,8.616675852858705,9.015808548463152,12.0,GradualDrift,Defective,False
C003306,B07,Logic_IC,CH-01,24.67,125.0,34.16,11.85119581858179,11.93632831149285,13.936163241523808,24.685203758739952,50.0,8.021578343638527,8.091900177749512,8.217502977068806,8.326031506879207,12.0,SuddenAnomaly,Defective,False
C003318,B07,Logic_IC,CH-01,24.67,125.0,34.16,10.768232413999913,10.9548078847296,13.24030480390369,23.184060682071724,50.0,7.69279294143103,7.730417893170051,7.917929409957486,8.010766862334545,12.0,SuddenAnomaly,Defective,False
C003319,B07,Logic_IC,CH-01,24.67,125.0,34.16,11.87664268057123,16.779882048098408,32.03509876648417,47.49392068150059,50.0,7.782459699844772,7.962858642751027,8.38402741898553,8.79025119893489,12.0,NearLimitDrift,Defective,False
C003324,B07,Logic_IC,CH-01,24.67,125.0,34.16,14.375073543573858,12.40470392717057,11.390745438145224,11.40413456860929,50.0,8.055003337143239,8.015282181671287,7.968817457648885,7.88704025759862,12.0,EarlyLifeInstability,Defective,False
C003326,B07,Logic_IC,CH-01,24.67,125.0,34.16,12.471589828155356,12.669467280671212,19.07386926122779,12.86170967789374,50.0,8.172765363012745,8.17786341625576,8.293738374107585,8.436365122647654,12.0,NonMonotonicAnomaly,Defective,False
C003330,B07,Logic_IC,CH-01,24.67,125.0,34.16,10.038041196225144,10.04415670983783,11.668287705768384,27.286726213632857,50.0,8.186742292697717,8.211043830277918,8.262814660104691,8.3325424381866,12.0,SuddenAnomaly,Defective,False
C003335,B07,Logic_IC,CH-01,24.67,125.0,34.16,10.78244074685016,11.09898753197079,13.837642856145008,28.613091311496213,50.0,7.50846082729311,7.565191839657286,7.679599165783764,7.778388175148525,12.0,SuddenAnomaly,Defective,False
C003336,B07,Logic_IC,CH-01,24.67,125.0,34.16,11.901994665271094,10.36675829000917,9.461565103367196,9.246612630170755,50.0,8.121461193710338,8.010146053555978,7.885624370645669,7.864868917542501,12.0,EarlyLifeInstability,Defective,False
C003342,B07,Logic_IC,CH-01,24.67,125.0,34.16,10.8402112004556,11.680570762181867,13.992094925627107,16.42007179083369,50.0,8.257406759698297,8.434134255776806,8.857791129307913,9.21016667824316,12.0,GradualDrift,Defective,False
C003347,B07,Logic_IC,CH-01,24.67,125.0,34.16,12.01556156702967,12.897323969189149,15.283625472057423,17.824814795826835,50.0,8.419082990218289,8.593709483734521,9.059918787022204,9.611098381898907,12.0,GradualDrift,Defective,False
C003355,B07,Logic_IC,CH-01,24.67,125.0,34.16,14.044867674018102,11.624979001633315,10.258673825372174,10.13330489695101,50.0,8.572517659972771,8.456575478362277,8.405667633705265,8.390010732735567,12.0,EarlyLifeInstability,Defective,False
C003356,B07,Logic_IC,CH-01,24.67,125.0,34.16,11.0706629054155,10.934729199541584,17.839170891567292,12.227074435837272,50.0,8.268062598217533,8.24142121846216,8.271773190138791,8.321397437504993,12.0,NonMonotonicAnomaly,Defective,False
C003357,B07,Logic_IC,CH-01,24.67,125.0,34.16,10.354820526403785,11.19123115744922,13.449142099527888,15.698695186540172,50.0,8.024778742958832,8.176095229279328,8.576477463374024,9.004601953665489,12.0,GradualDrift,Defective,False
C003361,B07,Logic_IC,CH-01,24.67,125.0,34.16,11.007252743259173,12.20672316238764,15.897362720808337,20.084533132828096,50.0,7.93988393149295,8.253444398952045,9.092671542289354,10.110630886751157,12.0,RapidDrift,Defective,False
C003364,B07,Logic_IC,CH-01,24.67,125.0,34.16,10.395399875831254,10.568581265557244,12.016281591840295,13.76154259841536,50.0,7.730214759428303,7.728198371349765,7.893762800304177,8.038529581473393,12.0,GradualDrift,Defective,False
C003373,B07,Logic_IC,CH-01,24.67,125.0,34.16,11.025943157895789,11.483706759410904,12.774196527186502,14.051650806353456,50.0,7.182376832013446,7.24359869342978,7.410425835984752,7.6191872512732255,12.0,GradualDrift,Defective,False
C003375,B07,Logic_IC,CH-01,24.67,125.0,34.16,10.540968813819992,11.9178463093159,15.456469031410458,19.21221561447558,50.0,7.782436682067799,7.933887699374693,8.364824149201608,8.798349542129365,12.0,GradualDrift,Defective,False
C003376,B07,Logic_IC,CH-01,24.67,125.0,34.16,12.03190366955958,12.772041226548964,15.2554721544422,17.75222483921809,50.0,8.00450458793035,8.108563844567135,8.4210215662255,8.772804439862968,12.0,GradualDrift,Defective,False
C003379,B07,Logic_IC,CH-01,24.67,125.0,34.16,10.4514708109135,10.785005989257916,14.593277438161913,24.804591133425863,50.0,7.397050183049784,7.407172610307411,7.477508957598743,7.577702274622869,12.0,SuddenAnomaly,Defective,False
C003380,B07,Logic_IC,CH-01,24.67,125.0,34.16,11.51390054094094,12.29582629326674,14.853691598309348,17.57156166129573,50.0,7.60511324136869,7.767583294640967,8.308901545765686,8.873945304431889,12.0,GradualDrift,Defective,False
C003390,B07,Logic_IC,CH-01,24.67,125.0,34.16,11.892562026690817,12.882274965310463,15.426142746378057,18.086068395506885,50.0,8.216342021905884,8.400205500699064,8.893026567020629,9.39224083461588,12.0,GradualDrift,Defective,False
C003394,B07,Logic_IC,CH-01,24.67,125.0,34.16,11.214249403314486,11.940482274694984,14.068605559938218,16.315182077284078,50.0,8.061549103694805,8.270065252843754,8.82399811146927,9.367643878755556,12.0,GradualDrift,Defective,False
C003395,B07,Logic_IC,CH-01,24.67,125.0,34.16,10.85463083574612,11.048211228613305,12.767156862871094,25.68003525788976,50.0,7.949829530783086,7.968744369379754,8.019538937263574,8.137665503603042,12.0,SuddenAnomaly,Defective,False
C003400,B07,Logic_IC,CH-01,24.67,125.0,34.16,11.182823624889451,11.571589732072033,14.978552843424264,24.983405327367745,50.0,7.953020870945091,7.9953557095215455,8.070173784905167,8.15992765947238,12.0,SuddenAnomaly,Defective,False
C003402,B07,Logic_IC,CH-01,24.67,125.0,34.16,10.88492605123319,11.11709013721208,,27.818836664925843,50.0,8.394276339197733,8.379931339464816,8.4337441267366,8.472709306564115,12.0,SuddenAnomaly,Defective,False
C003404,B07,Logic_IC,CH-01,24.67,125.0,34.16,10.890502857538172,12.35704416202478,16.47659753104523,21.196836046073265,50.0,7.841947608852094,7.861172078037779,8.178431821624505,8.63454616651854,12.0,RapidDrift,Defective,False
C003420,B07,Logic_IC,CH-01,24.67,125.0,34.16,11.32955755505876,11.563863938870629,13.864425897869896,30.25316251258517,50.0,7.649214897403364,7.706482298053842,7.764758652204267,7.863118073962928,12.0,SuddenAnomaly,Defective,False
C003432,B07,Logic_IC,CH-01,24.67,125.0,34.16,10.166790403699729,11.22933391805902,14.60499212620059,18.21020386216845,50.0,7.947248718825119,8.069431061090905,8.49482911505268,8.949867065901406,12.0,GradualDrift,Defective,False
C003440,B07,Logic_IC,CH-01,24.67,125.0,34.16,10.387865938823865,10.86189137973486,12.792465189155022,14.69344417772252,50.0,8.253093872421172,8.362808953887084,8.62957039200204,8.905427429750869,12.0,GradualDrift,Defective,False
C003441,B07,Logic_IC,CH-01,24.67,125.0,34.16,11.68148745120207,13.094094811803911,18.08765320151456,23.279165251600443,50.0,7.512165854263583,7.779945842346521,8.13578790628215,8.537004991870532,12.0,RapidDrift,Defective,False
C003446,B07,Logic_IC,CH-01,24.67,125.0,34.16,10.9850523498735,11.060597358460992,20.719274468235632,11.892639993154228,50.0,7.81802875257562,7.873652615649386,7.990406116045269,8.095146463772727,12.0,NonMonotonicAnomaly,Defective,False
C003449,B07,Logic_IC,CH-01,24.67,125.0,34.16,10.528319028938546,10.771246077170243,12.705502293842002,19.24914141611338,50.0,8.274557450159158,8.23188400093656,8.202645289704563,8.189555510382728,12.0,SuddenAnomaly,Defective,False
C003450,B07,Logic_IC,CH-01,24.67,125.0,34.16,11.384682453284237,13.400373630824877,18.783364541143044,24.806110772297256,50.0,8.553053392799226,8.710533460354332,9.30013355390117,10.00365535456277,12.0,RapidDrift,Defective,False
C003451,B07,Logic_IC,CH-01,24.67,125.0,34.16,14.331135540435875,11.798885339100163,10.236789773810148,9.828102845912024,50.0,8.036970134883111,7.914530820751033,7.863734849030508,7.867510468412204,12.0,EarlyLifeInstability,Defective,False
C003460,B07,Logic_IC,CH-01,24.67,125.0,34.16,11.648761439069824,11.861757854161098,15.756822370753705,26.630364408213445,50.0,7.780911001365661,7.793184600669286,7.8395768362270495,7.894661904378833,12.0,SuddenAnomaly,Defective,False
C003466,B07,Logic_IC,CH-01,24.67,125.0,34.16,10.860872251386102,15.905244149692155,31.95044917862785,48.460737879652015,50.0,8.07424093565179,8.225367851684853,8.534514279388757,8.864177058980559,12.0,NearLimitDrift,Defective,False
C003467,B07,Logic_IC,CH-01,24.67,125.0,34.16,11.075502768728528,12.98396033555218,18.40664113934,23.857653293021137,50.0,7.826635063783489,7.975626291611768,8.232098271341485,8.561762024254001,12.0,RapidDrift,Defective,False
C003468,B07,Logic_IC,CH-01,24.67,125.0,34.16,11.99311400429876,13.09084134957958,16.478624748546217,19.910116666716345,50.0,7.870451267239967,8.003562430895764,8.335583979098343,8.632331452061708,12.0,GradualDrift,Defective,False
C003471,B07,Logic_IC,CH-01,24.67,125.0,34.16,11.192969317120516,11.80637916010009,13.57394561571586,15.460994151878124,50.0,7.9724717760811,8.160498298576552,8.60259866316524,9.05694783634318,12.0,GradualDrift,Defective,False
C003476,B07,Logic_IC,CH-01,24.67,125.0,34.16,11.354256579924854,11.548322350674336,15.650771478997465,20.529548705834745,50.0,7.713920376869383,7.750421661428787,7.829714960130175,7.900224721841503,12.0,SuddenAnomaly,Defective,False
C003479,B07,Logic_IC,CH-01,24.67,125.0,34.16,10.995953084890775,10.867742587085973,14.551803360417765,18.82532095950404,50.0,7.961514732747937,7.993264581315122,8.083682758531483,8.200915781971378,12.0,SuddenAnomaly,Defective,False
C003490,B07,Logic_IC,CH-01,24.67,125.0,34.16,11.29886584437604,15.371373982098756,28.06284237068456,41.21575106442337,50.0,7.988112861885508,8.1568687484606,8.521985900238091,8.930112427214492,12.0,NearLimitDrift,Defective,False
C003493,B07,Logic_IC,CH-01,24.67,125.0,34.16,10.678464078217974,12.202109936332285,16.13443652047071,19.93837657619809,50.0,7.754686903365873,7.953202442556384,8.384110270851606,8.943525570541633,12.0,RapidDrift,Defective,False
C003494,B07,Logic_IC,CH-01,24.67,125.0,34.16,9.915140325820005,10.128096016160782,11.79997344031726,13.458769557269488,50.0,7.78072910257587,7.975073589599235,8.497438246718962,8.95564937473305,12.0,GradualDrift,Defective,False
C003499,B07,Logic_IC,CH-01,24.67,125.0,34.16,11.77851060848745,11.832425389652409,19.70265692325617,12.151876046854492,50.0,7.568710753058434,7.620291062410153,7.756185212206222,7.90112340459903,12.0,NonMonotonicAnomaly,Defective,False
C003500,B07,Logic_IC,CH-01,24.67,125.0,34.16,11.226068275658188,11.411243868450764,17.48232172719377,12.26995174050877,50.0,8.352930533499308,8.410141188070437,8.519086705353304,8.607792137510916,12.0,NonMonotonicAnomaly,Defective,False
C003502,B08,Logic_IC,CH-01,26.03,125.0,41.06,12.294715468764268,11.450837072310051,10.599449501755084,10.39616327633467,50.0,7.79260191386262,7.64855224782116,7.622600586850769,7.554836634043115,12.0,EarlyLifeInstability,Defective,False
C003505,B08,Logic_IC,CH-01,26.03,125.0,41.06,10.08143015196918,15.353212550675565,32.06810786815617,49.34671830698907,50.0,7.752173435668675,7.860891534341693,8.190649247372757,8.481090426641883,12.0,NearLimitDrift,Defective,False
C003506,B08,Logic_IC,CH-01,26.03,125.0,41.06,9.885454048615289,10.70689146859339,13.701401400395032,16.680777879854404,50.0,7.848141239861313,8.02308244507749,8.52202128608528,9.02580600946808,12.0,GradualDrift,Defective,False
C003508,B08,Logic_IC,CH-01,26.03,125.0,41.06,9.030063219196316,9.215541130772571,16.357185715697007,10.612071664758808,50.0,8.066999750658267,8.067872971767597,8.130347599892275,8.236465166133945,12.0,NonMonotonicAnomaly,Defective,False
C003510,B08,Logic_IC,CH-01,26.03,125.0,41.06,10.432864587990377,11.229897552269977,13.725086259360316,16.197229114599708,50.0,8.047684269060474,8.16535455071598,8.588033484479904,9.007019752879726,12.0,GradualDrift,Defective,False
C003513,B08,Logic_IC,CH-01,26.03,125.0,41.06,9.921343940350946,10.06528511964841,13.912276936406778,21.1920544176108,50.0,7.464000790060252,7.455596381955641,7.506800195090781,7.536318590001853,12.0,SuddenAnomaly,Defective,False
C003518,B08,Logic_IC,CH-01,26.03,125.0,41.06,10.161822596830806,10.222463698962482,18.285416052734547,11.427241042153094,50.0,7.985650778737867,8.017748877610357,8.078878042611384,8.168714470922833,12.0,NonMonotonicAnomaly,Defective,False
C003519,B08,Logic_IC,CH-01,26.03,125.0,41.06,10.177453529324303,10.468317860131895,12.919022036240394,22.19597129693837,50.0,8.06811957092243,8.153502925327054,8.263649235432133,8.347790491857111,12.0,SuddenAnomaly,Defective,False
C003524,B08,Logic_IC,CH-01,26.03,125.0,41.06,10.114549685695778,11.959217435250029,16.480517308022474,21.896623014462204,50.0,7.358881502805237,7.580555263599752,8.078620676887422,8.616410358863158,12.0,RapidDrift,Defective,False
C003526,B08,Logic_IC,CH-01,26.03,125.0,41.06,10.165998734176496,11.575984620257616,14.971801368761762,18.36746024664894,50.0,8.00776981213197,8.190219886400367,8.752097126535208,9.335886560360589,12.0,GradualDrift,Defective,False
C003528,B08,Logic_IC,CH-01,26.03,125.0,41.06,10.65832132242448,11.023597785251685,12.489852865174932,13.977594907386598,50.0,8.07252727725174,8.213523358590498,8.630560897932797,9.042979131736429,12.0,GradualDrift,Defective,False
C003529,B08,Logic_IC,CH-01,26.03,125.0,41.06,10.648716907963715,11.432529927522395,13.68439906739728,16.13089146475915,50.0,8.429141555527112,8.489428606366987,8.759807130512508,9.076086384255222,12.0,GradualDrift,Defective,False
C003530,B08,Logic_IC,CH-01,26.03,125.0,41.06,9.515449240343788,10.660988084672796,14.8547389059615,18.980364633317045,50.0,7.794050814083503,8.060283551702778,9.00280598789314,9.98682338234522,12.0,RapidDrift,Defective,False
C003531,B08,Logic_IC,CH-01,26.03,125.0,41.06,9.80255231545342,15.106400627786655,32.595800199980204,49.77184792416286,50.0,8.03689158112091,8.128504869367129,8.57160551907584,9.001948550486713,12.0,NearLimitDrift,Defective,False
C003533,B08,Logic_IC,CH-01,26.03,125.0,41.06,10.201023201471475,10.969134384642745,13.262339365242047,15.66656479903326,50.0,7.862267980824554,7.939268196741814,8.145875516895753,8.386970602829713,12.0,GradualDrift,Defective,False
C003534,B08,Logic_IC,CH-01,26.03,125.0,41.06,13.33128218183766,11.574819229528435,10.620746841902326,9.934856812976625,50.0,8.21290466401552,7.968888117490999,7.945996825930447,7.902090804483093,12.0,EarlyLifeInstability,Defective,False
C003537,B08,Logic_IC,CH-01,26.03,125.0,41.06,11.05366923171676,13.094383970261202,17.880736927911638,23.588933412377816,50.0,7.870656669217895,8.04005984255418,8.3528262571733,8.650782504891051,12.0,RapidDrift,Defective,False
C003538,B08,Logic_IC,CH-01,26.03,125.0,41.06,11.158350591224911,11.932173135264536,14.476324493986487,16.97942294087804,50.0,7.472300151441811,7.541781659942129,7.791028302955348,8.051234872215696,12.0,GradualDrift,Defective,False
C003539,B08,Logic_IC,CH-01,26.03,125.0,41.06,10.632249918891327,10.741937919841718,14.04316046563747,18.44231591708985,50.0,7.808704308458147,7.831646698546603,7.890172909654426,7.972813024486298,12.0,SuddenAnomaly,Defective,False
C003542,B08,Logic_IC,CH-01,26.03,125.0,41.06,10.681363303462629,11.69451230776994,15.061177528057971,18.649222438523147,50.0,7.914957652880802,8.055128248224253,8.492071917218286,8.963322002524611,12.0,GradualDrift,Defective,False
C003548,B08,Logic_IC,CH-01,26.03,125.0,41.06,10.403850888027488,11.417830558558224,15.531238016389125,19.654574595896506,50.0,7.958074898695104,8.18512547747435,9.112895793832358,10.076663395613206,12.0,RapidDrift,Defective,False
C003551,B08,Logic_IC,CH-01,26.03,125.0,41.06,9.27652296765639,10.43495290695276,14.087686055020084,17.95301211607251,50.0,7.777317817371516,7.893808187980886,8.287887035562713,8.657213323763662,12.0,GradualDrift,Defective,False
C003559,B08,Logic_IC,CH-01,26.03,125.0,41.06,9.981670399605944,11.114705311141543,14.428323873698584,17.778060157932934,50.0,7.720617426180357,7.831066552663199,8.204457718496883,8.59114427643249,12.0,GradualDrift,Defective,False
C003563,B08,Logic_IC,CH-01,26.03,125.0,41.06,10.379569512114598,11.055919813327476,12.712037942698773,14.650465994190697,50.0,7.887131887191908,8.013299577830304,8.417980431076423,8.773216520338746,12.0,GradualDrift,Defective,False
C003567,B08,Logic_IC,CH-01,26.03,125.0,41.06,11.615869042991232,16.15837094677685,29.66115999008537,44.34061066395337,50.0,8.2315631970622,8.360911921163233,8.747389848798102,9.132361623711354,12.0,NearLimitDrift,Defective,False
C003568,B08,Logic_IC,CH-01,26.03,125.0,41.06,11.234125891120703,12.397600794804047,16.114111845518163,19.74259600324019,50.0,8.029610784138052,8.19916325534307,8.751346795662906,9.253486269012344,12.0,GradualDrift,Defective,False
C003581,B08,Logic_IC,CH-01,26.03,125.0,41.06,11.455012143295347,12.518495293939834,15.778261314959906,19.135048537079733,50.0,7.879568160313263,7.9709095320984895,8.161105029948637,8.418326128724715,12.0,GradualDrift,Defective,False
C003583,B08,Logic_IC,CH-01,26.03,125.0,41.06,10.913676435438209,11.994000207723357,15.71999268910105,19.54102521743353,50.0,7.980686340567058,8.063035713799064,8.370569498916849,8.660672328097018,12.0,GradualDrift,Defective,False
C003586,B08,Logic_IC,CH-01,26.03,125.0,41.06,10.714441833803754,12.12032304135742,16.79390637413585,21.25712736327587,50.0,7.830954827498561,8.133101053969082,8.74818919405495,9.439961157664625,12.0,RapidDrift,Defective,False
C003609,B08,Logic_IC,CH-01,26.03,125.0,41.06,10.020954813298305,10.103553593142047,12.994718730623664,19.911366467755457,50.0,8.004141232759105,8.028514549367744,8.084850973614376,8.112971033517834,12.0,SuddenAnomaly,Defective,False
C003611,B08,Logic_IC,CH-01,26.03,125.0,41.06,16.98054014893337,14.201764982376451,12.911298051983785,12.573422305438186,50.0,8.25963489216365,8.03186727065178,8.072058397731867,7.981147763160056,12.0,EarlyLifeInstability,Defective,False
C003613,B08,Logic_IC,CH-01,26.03,125.0,41.06,10.957024226311807,11.515149089418856,13.370892245466631,15.027671449084814,50.0,7.578450581672083,7.659579589942606,7.829792744726117,8.012162122527624,12.0,GradualDrift,Defective,False
C003615,B08,Logic_IC,CH-01,26.03,125.0,41.06,9.934757683554787,11.479287700487935,16.649513837389012,22.49804820974025,50.0,7.82079648949737,8.03770124251578,8.455018066899703,8.92172110838483,12.0,RapidDrift,Defective,False
C003621,B08,Logic_IC,CH-01,26.03,125.0,41.06,10.553242990588698,12.595391433954294,18.305655877911946,24.048165233936608,50.0,7.320362601660608,7.282891758059245,7.719152294541436,7.99048477899048,12.0,RapidDrift,Defective,False
C003634,B08,Logic_IC,CH-01,26.03,125.0,41.06,10.881331211052387,12.999024646386998,19.26426363624128,24.8053440279127,50.0,7.780756542707086,7.984776568624222,8.413033709251916,8.862589588495403,12.0,RapidDrift,Defective,False
C003639,B08,Logic_IC,CH-01,26.03,125.0,41.06,10.330492154698751,10.447731730439092,14.194036213679082,25.480261615574307,50.0,7.838239755859976,7.860519788995504,7.891932101089337,7.891230806160866,12.0,SuddenAnomaly,Defective,False
C003642,B08,Logic_IC,CH-01,26.03,125.0,41.06,14.883740216404446,12.493239479677598,11.40402658497332,10.58581687221382,50.0,8.4916264942497,8.333195610553862,8.342321489654708,8.259619865076782,12.0,EarlyLifeInstability,Defective,False
C003648,B08,Logic_IC,CH-01,26.03,125.0,41.06,10.208351951848044,11.214648598431117,14.980560348090783,18.68569684719189,50.0,7.563670134500421,7.66674255860254,7.850022608714024,8.048820153012622,12.0,GradualDrift,Defective,False
C003649,B08,Logic_IC,CH-01,26.03,125.0,41.06,9.967908345166595,10.050253552636503,12.354077443133097,26.061128936164494,50.0,8.367594287115114,8.352944851915641,8.446423708519678,8.560516822347662,12.0,SuddenAnomaly,Defective,False
C003650,B08,Logic_IC,CH-01,26.03,125.0,41.06,10.182907938329684,10.209541649597591,18.6562953648249,12.098824448040714,50.0,7.997725655822526,8.030251239786299,8.05843812708526,8.084699660483066,12.0,NonMonotonicAnomaly,Defective,False
C003652,B08,Logic_IC,CH-01,26.03,125.0,41.06,11.805179145446196,12.255494687403704,14.042194089331469,15.595898159343465,50.0,8.133028132901297,8.244824381002804,8.700332698890744,9.187284504751476,12.0,GradualDrift,Defective,False
C003654,B08,Logic_IC,CH-01,26.03,125.0,41.06,11.488546264899783,11.91421235205438,13.40669114944545,15.00260861140571,50.0,7.747118744723729,7.8968646827713,8.336544153718947,8.731625602217719,12.0,GradualDrift,Defective,False
C003660,B08,Logic_IC,CH-01,26.03,125.0,41.06,10.748996866556842,11.006684120827682,15.41383353262082,27.74541181700404,50.0,8.051112496898481,8.120516382068343,8.238684125123081,8.319232070669814,12.0,SuddenAnomaly,Defective,False
C003662,B08,Logic_IC,CH-01,26.03,125.0,41.06,16.34075619014522,14.253762709822308,11.9566472614583,11.912335675552916,50.0,8.151037490029925,8.075064040389318,8.000239736692443,7.883690622311296,12.0,EarlyLifeInstability,Defective,False
C003663,B08,Logic_IC,CH-01,26.03,125.0,41.06,14.157673355066224,12.860041307920524,11.82613831415698,11.88874390562265,50.0,7.99811821137602,7.933761945939105,7.756433133525669,7.740334761933718,12.0,EarlyLifeInstability,Defective,False
C003668,B08,Logic_IC,CH-01,26.03,125.0,41.06,10.96642224418029,12.166660543607968,15.483332553383711,18.91417203495457,50.0,7.955113996437665,8.05818738628276,8.40026271650266,8.71916857982522,12.0,GradualDrift,Defective,False
C003670,B08,Logic_IC,CH-01,26.03,125.0,41.06,12.529609492732844,12.737858282438578,15.201083434220058,30.268958537716767,50.0,7.59829361532448,7.646820561779338,7.718141100978311,7.786287773264776,12.0,SuddenAnomaly,Defective,False
C003676,B08,Logic_IC,CH-01,26.03,125.0,41.06,13.309735680409291,11.230628853579413,10.676670345421828,10.02231973532003,50.0,8.672249981912033,8.566254808289932,8.484130779332023,8.478736528078912,12.0,EarlyLifeInstability,Defective,False
C003677,B08,Logic_IC,CH-01,26.03,125.0,41.06,11.973135477249858,16.37786757932419,29.5539445246064,43.75216937302374,50.0,7.437948741213626,7.636134802065091,8.223898642397273,8.788709840768146,12.0,NearLimitDrift,Defective,False
C003679,B08,Logic_IC,CH-01,26.03,125.0,41.06,9.807914402556534,10.45956038071749,13.09105427792847,15.743703640305014,50.0,7.4777519789413,7.534309561278536,7.779208231688597,7.986750788771348,12.0,GradualDrift,Defective,False
C003687,B08,Logic_IC,CH-01,26.03,125.0,41.06,9.909715086138451,9.959329626224156,11.959407470567074,17.84773144665593,50.0,8.05135578052279,8.107598388808434,8.27065841792511,8.432426136903693,12.0,SuddenAnomaly,Defective,False
C003691,B08,Logic_IC,CH-01,26.03,125.0,41.06,10.2793863009393,11.108974942032368,13.164800154103736,14.927321815942244,50.0,8.205734916139615,8.369321516318788,8.756521349573053,9.208375015474752,12.0,GradualDrift,Defective,False
C003699,B08,Logic_IC,CH-01,26.03,125.0,41.06,10.2361485604987,10.372112256031222,12.727212086181552,22.45728646901373,50.0,7.928013210143066,7.940590518812337,8.014351983382959,8.068347909031152,12.0,SuddenAnomaly,Defective,False
C003706,B08,Logic_IC,CH-01,26.03,125.0,41.06,9.714102406577314,15.027766945567002,31.360027761468583,48.766572018838055,50.0,8.216205343677492,8.33995710978669,8.749040258029735,9.17287493857633,12.0,NearLimitDrift,Defective,False
C003708,B08,Logic_IC,CH-01,26.03,125.0,41.06,10.933043351170374,10.902479225902075,12.9189890525301,19.031007780133244,50.0,7.742747159232001,7.745662642141307,7.825933809808208,7.843270870007561,12.0,SuddenAnomaly,Defective,False
C003721,B08,Logic_IC,CH-01,26.03,125.0,41.06,10.745279752824482,11.045611956819544,14.91197200139252,21.123941370366826,50.0,7.299914482813434,7.352717537501754,7.405975820668708,7.466216141955773,12.0,SuddenAnomaly,Defective,False
C003722,B08,Logic_IC,CH-01,26.03,125.0,41.06,10.476197969327483,11.801021758901022,15.236447779385909,18.89186785039988,50.0,8.214954245756887,8.281338843266957,8.618182198981655,8.92909418764415,12.0,GradualDrift,Defective,False
C003724,B08,Logic_IC,CH-01,26.03,125.0,41.06,10.00055005215382,15.385381341131923,29.970171411507604,46.236146483786,50.0,7.9445158859265534,8.11232752296153,8.628457096629985,9.159949874136032,12.0,NearLimitDrift,Defective,False
C003725,B08,Logic_IC,CH-01,26.03,125.0,41.06,10.470700377724777,11.259388438709951,13.601536472213745,15.989153951412948,50.0,7.750738212973374,7.973010382857861,8.531705986022654,9.111476040661977,12.0,GradualDrift,Defective,False
C003729,B08,Logic_IC,CH-01,26.03,125.0,41.06,10.709556049274797,10.867548747740358,14.32004412698437,25.82693228101362,50.0,7.750238823868993,7.849329220493958,8.002080182122357,8.153289478927885,12.0,SuddenAnomaly,Defective,False
C003732,B08,Logic_IC,CH-01,26.03,125.0,41.06,10.706410901663505,12.044026299467832,15.767205562156017,19.678892986269982,50.0,7.612816529983987,7.722901083624028,8.082601954103898,8.424722499870912,12.0,GradualDrift,Defective,False
C003733,B08,Logic_IC,CH-01,26.03,125.0,41.06,10.462114051207491,10.59417776633488,14.652173310369395,27.642937053377786,50.0,8.183001309587345,8.202320002568195,8.254958551589482,8.302716541562406,12.0,SuddenAnomaly,Defective,False
C003734,B08,Logic_IC,CH-01,26.03,125.0,41.06,9.902029460351784,10.775307394615089,12.837171457255751,15.31993616757424,50.0,8.170495724927667,8.238261097787355,8.459219350425764,8.72478396710421,12.0,GradualDrift,Defective,False
C003736,B08,Logic_IC,CH-01,26.03,125.0,41.06,9.723519258482945,10.60558986793497,13.779081911404678,17.123504379559055,50.0,7.799566746515368,,8.060142256552343,,12.0,GradualDrift,Defective,False
C003748,B08,Logic_IC,CH-01,26.03,125.0,41.06,11.460679353876632,11.599576695643066,20.342958971157927,12.244346225916862,50.0,7.775750274209453,7.823255291414448,7.944218522656248,8.010121280861696,12.0,NonMonotonicAnomaly,Defective,False
C003749,B08,Logic_IC,CH-01,26.03,125.0,41.06,9.771170361107592,10.709430247391245,13.0160819499015,15.493066175919626,50.0,7.685807747436678,7.85548699917729,8.419392929467387,8.977977689713555,12.0,GradualDrift,Defective,False
C003751,B08,Logic_IC,CH-01,26.03,125.0,41.06,14.58634298116295,12.71823342078487,11.54579555618606,11.558997165275663,50.0,7.804646079684123,7.656715453847164,7.615168067862993,7.549997091477766,12.0,EarlyLifeInstability,Defective,False
C003759,B08,Logic_IC,CH-01,26.03,125.0,41.06,10.946143742641882,15.553103049855636,29.35198359519546,43.44931934439288,50.0,7.396581632655677,7.460558125913117,7.726677855868598,8.040248332079601,12.0,NearLimitDrift,Defective,False
C003765,B08,Logic_IC,CH-01,26.03,125.0,41.06,10.622026796792484,11.61155816707207,14.760046915298233,17.61488105849367,50.0,7.819082394299027,7.993405030341353,8.561875605829435,9.124229424128687,12.0,GradualDrift,Defective,False
C003770,B08,Logic_IC,CH-01,26.03,125.0,41.06,10.92945543809724,11.120029864827154,14.707812663805557,23.343440649500707,50.0,8.238066809324533,8.264204576915096,8.330500192991535,8.355187621095755,12.0,SuddenAnomaly,Defective,False
C003773,B08,Logic_IC,CH-01,26.03,125.0,41.06,10.709102283010058,13.027147791766216,18.994221161606035,24.66330568559728,50.0,8.131844791468726,8.396812691396702,9.26321412760568,10.058329223714574,12.0,RapidDrift,Defective,False
C003784,B08,Logic_IC,CH-01,26.03,125.0,41.06,9.889243835471028,11.19367851397652,14.354340568981517,18.18912295786169,50.0,7.783754400992195,8.123714268070731,8.934579783301787,9.783787581724589,12.0,RapidDrift,Defective,False
C003789,B08,Logic_IC,CH-01,26.03,125.0,41.06,10.415989609921333,15.004161816048402,31.06159708080776,47.34906709267391,50.0,8.219152893888207,8.416421766428384,8.974324807405344,9.555641670956929,12.0,NearLimitDrift,Defective,False
C003791,B08,Logic_IC,CH-01,26.03,125.0,41.06,10.184409849018442,10.171038020011627,12.355212821493655,25.12845449824896,50.0,7.947609059594991,8.03987511231941,8.258981970479317,8.427121250881411,12.0,SuddenAnomaly,Defective,False
C003794,B08,Logic_IC,CH-01,26.03,125.0,41.06,11.169956985856423,11.3470890151752,14.222845899282149,22.97366704811921,50.0,8.11535006627528,8.1789399972537,8.340606173210928,8.446838208830226,12.0,SuddenAnomaly,Defective,False
C003795,B08,Logic_IC,CH-01,26.03,125.0,41.06,10.076206624801916,10.799451342804655,12.549819795038154,14.487902109046289,50.0,8.055214087526197,8.187450372410582,8.688706925144547,9.157036100808105,12.0,GradualDrift,Defective,False
C003796,B08,Logic_IC,CH-01,26.03,125.0,41.06,10.466237864192486,11.04608275790303,12.982571547529348,14.98361983170902,50.0,7.602537509983946,7.683657441914121,7.876320627831321,8.14840346990147,12.0,GradualDrift,Defective,False
C003810,B08,Logic_IC,CH-01,26.03,125.0,41.06,11.176716487701269,11.249253820076628,13.846963025247902,23.80833376856051,50.0,7.781037892903755,7.82701526110098,7.892630592090648,7.909260638593299,12.0,SuddenAnomaly,Defective,False
C003824,B08,Logic_IC,CH-01,26.03,125.0,41.06,10.086105713538206,10.755049198321885,12.18043944188905,13.811697049177091,50.0,8.00117193348036,8.074926129309068,8.260231193526758,8.46516942018234,12.0,GradualDrift,Defective,False
C003827,B08,Logic_IC,CH-01,26.03,125.0,41.06,10.658979426468449,11.687848753159068,,17.502294335540597,50.0,7.873073267687314,7.946151541916545,8.21121963443202,8.485824607396616,12.0,GradualDrift,Defective,False
C003828,B08,Logic_IC,CH-01,26.03,125.0,41.06,9.380035691828796,10.114948956582271,12.0365018058689,13.885309333851495,50.0,7.741573299518206,7.8190737141335855,8.02188794160472,8.209757410532962,12.0,GradualDrift,Defective,False
C003829,B08,Logic_IC,CH-01,26.03,125.0,41.06,11.747513183440834,11.836663921897616,14.05389502406199,30.36316913940214,50.0,7.822781745517405,7.846284229208702,7.937905251489504,8.04224177665947,12.0,SuddenAnomaly,Defective,False
C003833,B08,Logic_IC,CH-01,26.03,125.0,41.06,10.366570385732786,10.96407068680378,12.60313646619215,14.37216875514293,50.0,7.714137694790667,7.881506166190206,8.242767922355233,8.599118235807854,12.0,GradualDrift,Defective,False
C003845,B08,Logic_IC,CH-01,26.03,125.0,41.06,10.791352530632444,11.557896818722382,13.717690618121974,16.25322021917131,50.0,7.677485475180176,7.723082051410156,7.988193713326248,8.246354700815917,12.0,GradualDrift,Defective,False
C003846,B08,Logic_IC,CH-01,26.03,125.0,41.06,9.400869400954871,9.550083083812927,16.739903405785203,10.406192948498376,50.0,7.892236858501517,7.90944053342657,7.94127848556732,8.015021361976467,12.0,NonMonotonicAnomaly,Defective,False
C003862,B08,Logic_IC,CH-01,26.03,125.0,41.06,13.011929129055208,11.712126830042044,10.30398196901402,10.27321425168227,50.0,7.919540008269722,7.754672539003661,7.700831020259323,7.690736460511675,12.0,EarlyLifeInstability,Defective,False
C003864,B08,Logic_IC,CH-01,26.03,125.0,41.06,10.79050178366898,11.024404957121584,15.0002476000101,25.596397136047216,50.0,8.107562001291567,8.144326439647067,8.23212431681814,8.289998382119192,12.0,SuddenAnomaly,Defective,False
C003871,B08,Logic_IC,CH-01,26.03,125.0,41.06,10.900764680966375,11.91009401981754,14.906308638898706,17.88429721173946,50.0,8.153573503479326,8.263610709065372,8.549521157291746,8.842743499014052,12.0,GradualDrift,Defective,False
C003876,B08,Logic_IC,CH-01,26.03,125.0,41.06,11.460311409821594,11.6864627093372,20.57648988804068,12.226909976644611,50.0,8.049904747066643,8.12497015117428,8.332214493427994,8.479706822404623,12.0,NonMonotonicAnomaly,Defective,False
C003886,B08,Logic_IC,CH-01,26.03,125.0,41.06,10.434484995370786,10.548302390128354,20.392648340608293,10.969907000551093,50.0,7.987922076222295,8.029311249654192,8.139600439419862,8.230508449480483,12.0,NonMonotonicAnomaly,Defective,False
C003887,B08,Logic_IC,CH-01,26.03,125.0,41.06,14.253229188704156,12.285437111044358,10.580537076821306,10.322466283307282,50.0,8.963006130059023,8.773981293357393,8.7849513394159,8.78596462803992,12.0,EarlyLifeInstability,Defective,False
C003889,B08,Logic_IC,CH-01,26.03,125.0,41.06,10.760212263596069,12.335255069702608,16.249799310187825,20.225790148931555,50.0,7.862522928078929,8.106375094873588,9.047388393978409,10.00965195863654,12.0,RapidDrift,Defective,False
C003890,B08,Logic_IC,CH-01,26.03,125.0,41.06,10.146957731070229,10.248684013428797,13.460213707640143,27.61019959113185,50.0,7.578002516788839,7.590336757956904,7.641999596921747,7.626319087851735,12.0,SuddenAnomaly,Defective,False
C003891,B08,Logic_IC,CH-01,26.03,125.0,41.06,10.917128698029568,12.325441860155998,17.235072725432847,21.831481352406065,50.0,7.911978101828063,8.216407933383987,9.111042412607723,10.021366107316537,12.0,RapidDrift,Defective,False
C003895,B08,Logic_IC,CH-01,26.03,125.0,41.06,10.792678776018466,11.255720004619016,12.853439586142148,14.696573679956778,50.0,8.05157928631184,8.096085396845114,8.253061538513926,8.407555386579077,12.0,GradualDrift,Defective,False
C003903,B08,Logic_IC,CH-01,26.03,125.0,41.06,11.13453499886643,11.252079703827302,14.098452704431246,28.242862664179423,50.0,7.64652843951496,7.598867253109397,7.66983650248469,7.713396615106632,12.0,SuddenAnomaly,Defective,False
C003909,B08,Logic_IC,CH-01,26.03,125.0,41.06,10.579877460030918,12.764548739022535,18.376477470613622,24.69192976569062,50.0,7.833704199909233,8.12343095733864,9.029247806853547,10.022240268787154,12.0,RapidDrift,Defective,False
C003913,B08,Logic_IC,CH-01,26.03,125.0,41.06,10.937322203383555,11.166219815366048,15.570683439889354,26.29721819393045,50.0,7.722500230977843,7.729968640489683,7.783535387121387,7.821967695450555,12.0,SuddenAnomaly,Defective,False
C003914,B08,Logic_IC,CH-01,26.03,125.0,41.06,10.954865247847811,12.12022583517258,15.249024138818182,18.54196223341844,50.0,8.067548244122078,8.192753492304238,8.520734043912205,8.866397120558412,12.0,GradualDrift,Defective,False
C003918,B08,Logic_IC,CH-01,26.03,125.0,41.06,10.934975052048378,11.0341863934484,17.308644411634432,12.096607677536587,50.0,7.8214995039569475,7.871925120658504,7.944892362221536,8.019045924561915,12.0,NonMonotonicAnomaly,Defective,False
C003919,B08,Logic_IC,CH-01,26.03,125.0,41.06,9.380164280627252,14.625778716332148,30.945041484611515,47.39682592247363,50.0,7.965378982752504,8.176112234673482,8.711009024488401,9.3302471546322,12.0,NearLimitDrift,Defective,False
C003921,B08,Logic_IC,CH-01,26.03,125.0,41.06,10.646879913884096,10.884903340070665,14.669536530258362,28.071403235607384,50.0,7.537824622829172,7.545712469223699,7.606330115822418,7.660499128211152,12.0,SuddenAnomaly,Defective,False
C003922,B08,Logic_IC,CH-01,26.03,125.0,41.06,10.38348203092358,12.171201900381469,16.386228711179168,21.327575745404243,50.0,7.663270838095486,7.943134726907928,8.319973876931856,8.77888492080913,12.0,RapidDrift,Defective,False
C003934,B08,Logic_IC,CH-01,26.03,125.0,41.06,11.252314380820366,11.428661726009434,15.908881885953532,27.08308842064207,50.0,7.639738410830919,7.670052033382859,7.754568046363556,7.854436130952922,12.0,SuddenAnomaly,Defective,False
C003935,B08,Logic_IC,CH-01,26.03,125.0,41.06,10.355145595321078,11.268341403764817,13.760763126589628,16.24773732097819,50.0,7.912249952657238,8.055888517794804,8.544054365639653,9.085570576491806,12.0,GradualDrift,Defective,False
C003938,B08,Logic_IC,CH-01,26.03,125.0,41.06,10.82073444826004,11.245773910155032,12.72035563290385,14.300501681917062,50.0,8.070407593464326,8.193808902681576,8.53505416883545,8.95811441461801,12.0,GradualDrift,Defective,False
C003940,B08,Logic_IC,CH-01,26.03,125.0,41.06,10.188934545485075,11.318231938425006,15.656831096215289,20.30964889130309,50.0,7.924632871968487,8.224539773418309,8.96605186186727,9.608827219366646,12.0,RapidDrift,Defective,False
C003942,B08,Logic_IC,CH-01,26.03,125.0,41.06,11.406163503518338,11.368614145541947,14.511152082531725,22.7060253330635,50.0,7.94398421585517,7.951127385696066,8.00018375061013,8.07446148650315,12.0,SuddenAnomaly,Defective,False
C003953,B08,Logic_IC,CH-01,26.03,125.0,41.06,9.088846324779857,10.11261247423965,13.48365612475715,16.843564214743914,50.0,8.005693186830772,8.085296538217131,8.254138624727501,8.448584617127617,12.0,GradualDrift,Defective,False
C003960,B08,Logic_IC,CH-01,26.03,125.0,41.06,10.012549914173665,11.203159524476789,14.454240064250552,17.780278482673257,50.0,7.8887164025,8.030026638226069,8.310953993634573,8.692763749871414,12.0,GradualDrift,Defective,False
C003967,B08,Logic_IC,CH-01,26.03,125.0,41.06,10.829299887259396,11.483634419100502,13.77543829371292,16.179865479610932,50.0,8.282986209272039,8.427984380169015,8.934873661954986,9.413739945413347,12.0,GradualDrift,Defective,False
C003969,B08,Logic_IC,CH-01,26.03,125.0,41.06,10.734906236851636,10.627714940292227,16.13732212900807,11.145023788211228,50.0,7.889135634385469,7.887291122041938,7.909774431503768,7.928690825391355,12.0,NonMonotonicAnomaly,Defective,False
C003972,B08,Logic_IC,CH-01,26.03,125.0,41.06,9.45754274175816,9.652856549453302,13.783214015171678,26.75639251474301,50.0,7.772311789001447,7.795998482592933,7.95188689867167,8.014067926830656,12.0,SuddenAnomaly,Defective,False
C003978,B08,Logic_IC,CH-01,26.03,125.0,41.06,9.546605640304884,10.586732843637684,13.520841293426113,16.752943392762493,50.0,7.973306284793753,8.149752737065109,8.701641986440166,9.17033755022184,12.0,GradualDrift,Defective,False
C003980,B08,Logic_IC,CH-01,26.03,125.0,41.06,9.396084717368703,14.007227509911466,27.063447958098727,41.43867137970888,50.0,7.615967037145865,7.721563825213368,8.052086062172364,8.404174987611087,12.0,NearLimitDrift,Defective,False
C003983,B08,Logic_IC,CH-01,26.03,125.0,41.06,9.827615365113584,11.01351928916623,14.561680214264833,18.13410826945318,50.0,8.426123621888587,8.534990208198662,9.01458367441605,9.513874449215336,12.0,GradualDrift,Defective,False
C003987,B08,Logic_IC,CH-01,26.03,125.0,41.06,9.898651331274982,10.730316980609174,12.88195358675129,15.032441093199456,50.0,7.679295538908114,7.802521969192847,8.286498810597198,8.770983314328946,12.0,GradualDrift,Defective,False
C003992,B08,Logic_IC,CH-01,26.03,125.0,41.06,13.685231231843924,11.493873922966737,10.215336512612312,9.581309003111924,50.0,7.782683046442456,7.599985904438042,7.629682739912468,7.597538847286025,12.0,EarlyLifeInstability,Defective,False
C003994,B08,Logic_IC,CH-01,26.03,125.0,41.06,9.96048455523237,11.057721255318969,14.447114351757444,17.796095911473643,50.0,7.670340582314269,7.757921458763277,8.04428165688073,8.287423248182085,12.0,GradualDrift,Defective,False
C003998,B08,Logic_IC,CH-01,26.03,125.0,41.06,10.094240284340938,10.601197936679185,12.28269039856608,13.900359739229687,50.0,7.767950724294405,7.880359007240098,8.213250280145518,8.522843856531864,12.0,GradualDrift,Defective,False
C004000,B08,Logic_IC,CH-01,26.03,125.0,41.06,11.432499300242828,11.69286133665989,14.985663578632824,23.29731105303246,50.0,7.83540547987886,7.861841133941217,7.938113544007758,8.007097293594132,12.0,SuddenAnomaly,Defective,False
C004004,B09,MixedSignal,CH-01,23.32,125.0,39.5,13.94413038085562,14.91249950830404,18.132861040389848,21.31793382396081,50.0,10.349638827881748,10.517842880850372,11.01785953671955,11.537199236613848,12.0,GradualDrift,Defective,False
C004008,B09,MixedSignal,CH-01,23.32,125.0,39.5,15.858618423512777,16.301437274200545,17.79845389984426,19.321040675448742,50.0,10.025209632799266,10.152583571696852,10.497579568982774,10.874408507868887,12.0,GradualDrift,Defective,False
C004013,B09,MixedSignal,CH-01,23.32,125.0,39.5,15.888727518102728,16.935574720919224,20.397654191903403,23.82367252865349,50.0,10.241205667392608,10.412355728288968,10.807853046831356,11.226690579098523,12.0,GradualDrift,Defective,False
C004021,B09,MixedSignal,CH-01,23.32,125.0,39.5,11.7985213995606,11.835478143902682,19.959677507987507,12.384403245243517,50.0,9.885478765231596,9.911789817429852,9.955908906566796,10.033839891535726,12.0,NonMonotonicAnomaly,Defective,False
C004026,B09,MixedSignal,CH-01,23.32,125.0,39.5,14.720291840950006,13.811073967349069,13.00809074431935,12.612520008004688,50.0,9.573587007496828,9.48285652230545,9.36856933090327,9.379306002704086,12.0,EarlyLifeInstability,Defective,False
C004041,B09,MixedSignal,CH-01,23.32,125.0,39.5,13.523195231191206,13.680076857729851,23.738405973673075,14.12887751764227,50.0,10.680187885256355,10.724719256227909,10.826204399069685,10.985376543636516,12.0,NonMonotonicAnomaly,Defective,False
C004048,B09,MixedSignal,CH-01,23.32,125.0,39.5,14.59773750876148,14.983584538837029,16.35721824795663,17.80285793303822,50.0,10.39439207131264,10.532664345739867,10.918424397470254,11.318620550254568,12.0,GradualDrift,Defective,False
C004049,B09,MixedSignal,CH-01,23.32,125.0,39.5,14.102829727623403,14.26408440228388,16.302778117494306,24.613916695984948,50.0,10.405341503129913,10.458288368959291,10.557809070578786,10.67374800226562,12.0,SuddenAnomaly,Defective,False
C004051,B09,MixedSignal,CH-01,23.32,125.0,39.5,14.215621653520536,14.75879390007975,16.598066486069666,18.719664744418697,50.0,9.911191773581429,10.074065708374878,10.554085145179569,11.017081915221278,12.0,GradualDrift,Defective,False
C004052,B09,MixedSignal,CH-01,23.32,125.0,39.5,15.31008515147022,15.198583441589758,18.50406651196208,30.23516319567711,50.0,9.706002196542473,9.745973695556316,9.84036784756642,9.907850255165403,12.0,SuddenAnomaly,Defective,False
C004058,B09,MixedSignal,CH-01,23.32,125.0,39.5,18.91483625264499,16.823136998053986,14.89211395496255,14.57623212738021,50.0,10.175597654324044,10.1212117464107,9.983888468365466,10.020476203396914,12.0,EarlyLifeInstability,Defective,False
C004062,B09,MixedSignal,CH-01,23.32,125.0,39.5,15.867086238234007,14.523340342787,14.034874606351714,13.682542301700668,50.0,10.248614531691068,10.109032107896732,10.117654725364856,10.118867669338432,12.0,EarlyLifeInstability,Defective,False
C004065,B09,MixedSignal,CH-01,23.32,125.0,39.5,14.781315814512178,16.02262008071625,19.80307082194854,23.584027891123853,50.0,10.274110450022553,10.581950867681565,11.222096910094496,11.635410086661382,12.0,RapidDrift,Defective,False
C004066,B09,MixedSignal,CH-01,23.32,125.0,39.5,14.633585407326123,15.32935780614764,17.916969394297237,20.34394462984687,50.0,10.82261992581514,10.902196450067082,11.164291911885154,11.459577371857636,12.0,GradualDrift,Defective,False
C004069,B09,MixedSignal,CH-01,23.32,125.0,39.5,14.038409924488576,14.100520862558222,16.212906763429313,32.65308588701856,50.0,9.82623215774415,9.825929270088878,9.837907210523197,9.97540936365597,12.0,SuddenAnomaly,Defective,False
C004078,B09,MixedSignal,CH-01,23.32,125.0,39.5,14.037023166409703,14.324000926779334,18.53226821112645,32.019896748966204,50.0,10.356054446611497,10.383946768704684,10.518311038865855,10.614007367942271,12.0,SuddenAnomaly,Defective,False
C004080,B09,MixedSignal,CH-01,23.32,125.0,39.5,13.212958350069163,14.056592727761926,16.58486251357891,19.14935811271315,50.0,10.67841615208686,10.771263532946575,11.220759198373502,11.594705102020368,12.0,GradualDrift,Defective,False
C004084,B09,MixedSignal,CH-01,23.32,125.0,39.5,14.990691783064843,15.542375345863764,17.010798100433593,18.61894754317012,50.0,10.296349814268227,10.413025914249207,10.779056346090464,11.081649532878776,12.0,GradualDrift,Defective,False
C004085,B09,MixedSignal,CH-01,23.32,125.0,39.5,12.842363980228257,13.324616323808568,15.180656933849574,17.191729507726908,50.0,9.267627309214667,9.4356030122883,10.011918104802978,10.59223075224899,12.0,GradualDrift,Defective,False
C004092,B09,MixedSignal,CH-01,23.32,125.0,39.5,13.919077207546993,14.950078181147184,17.705701443887293,20.724591492547223,50.0,9.475113995308048,9.501398168778174,9.650590817692736,9.816457724946993,12.0,GradualDrift,Defective,False
C004095,B09,MixedSignal,CH-01,23.32,125.0,39.5,13.89697722293234,14.41415082512697,16.47190123535405,18.724534686305805,50.0,10.57592346365625,10.710311654328738,11.138885357216749,11.57342031250899,12.0,GradualDrift,Defective,False
C004096,B09,MixedSignal,CH-01,23.32,125.0,39.5,12.823725536869254,13.919616786366468,17.177443262795066,20.34860382940143,50.0,9.494221463338455,9.594342503794635,10.026332098188169,10.50129559431983,12.0,GradualDrift,Defective,False
C004097,B09,MixedSignal,CH-01,23.32,125.0,39.5,17.75919845022549,15.764231772425504,14.229652861155946,14.268607943224968,50.0,9.820407996735756,9.702773048361196,9.5863039403511,9.56806744236625,12.0,EarlyLifeInstability,Defective,False
C004103,B09,MixedSignal,CH-01,23.32,125.0,39.5,13.517456683513949,14.36198341538553,16.993814610845938,19.62986572669565,50.0,10.13577868162852,10.20727813746341,10.504533532757412,10.78308865071616,12.0,GradualDrift,Defective,False
C004109,B09,MixedSignal,CH-01,23.32,125.0,39.5,14.062851134890456,14.22686473233344,18.382593764057567,23.809009828497093,50.0,10.040422566702675,10.076613160012746,10.185320725233543,10.29254137285568,12.0,SuddenAnomaly,Defective,False
C004110,B09,MixedSignal,CH-01,23.32,125.0,39.5,13.366209071796158,17.31506329268601,30.50723523747764,44.0571392918632,50.0,10.115537933892249,10.339860718890687,10.952789976379943,11.541056495212754,12.0,NearLimitDrift,Defective,False
C004120,B09,MixedSignal,CH-01,23.32,125.0,39.5,14.025361194058656,15.914879976912893,21.52000687421369,27.06535021407405,50.0,9.92565617690378,10.13095938721477,10.397881399276624,10.786077514321637,12.0,RapidDrift,Defective,False
C004121,B09,MixedSignal,CH-01,23.32,125.0,39.5,13.67554460473259,14.686073361500746,17.697490731931616,20.756771840915807,50.0,9.828524790032889,9.943045810049329,10.406237348977749,10.94641445382426,12.0,GradualDrift,Defective,False
C004124,B09,MixedSignal,CH-01,23.32,125.0,39.5,14.332113005269344,15.607953781870432,18.790773215805384,22.02811282989116,50.0,9.870746192290984,10.015378805635727,10.519725162380754,11.004668637236408,12.0,GradualDrift,Defective,False
C004127,B09,MixedSignal,CH-01,23.32,125.0,39.5,15.441492604308928,15.538715078017034,17.36638513560054,31.95100710263565,50.0,10.166646252739186,10.199732423121027,10.217020007605766,10.22066041798487,12.0,SuddenAnomaly,Defective,False
C004131,B09,MixedSignal,CH-01,23.32,125.0,39.5,13.918679406854748,14.718508782132616,17.53009443527698,20.086897480896827,50.0,9.933523367442064,9.983644223843651,10.142519262864106,10.293958364410065,12.0,GradualDrift,Defective,False
C004134,B09,MixedSignal,CH-01,23.32,125.0,39.5,13.061682430310295,14.036289025838604,17.47208684701359,21.08979051368943,50.0,9.98783442133253,10.143497739883385,10.586630438276394,11.01966553176399,12.0,GradualDrift,Defective,False
C004141,B09,MixedSignal,CH-01,23.32,125.0,39.5,14.556523784618744,15.009248013284443,16.63516324080199,18.06726580253405,50.0,10.085585196610351,10.154810796084886,10.521286407778527,10.861062937589873,12.0,GradualDrift,Defective,False
C004148,B09,MixedSignal,CH-01,23.32,125.0,39.5,14.197952049786378,15.292371943219251,18.715096671810706,22.125758575315142,50.0,9.856502813479588,9.931683918619624,10.107085027750022,10.259127979513655,12.0,GradualDrift,Defective,False
C004156,B09,MixedSignal,CH-01,23.32,125.0,39.5,14.637528194475433,15.263157215973145,17.036446593866245,18.77028690210356,50.0,10.446852028700237,10.700562822563422,11.245338299010196,11.780470784481524,12.0,GradualDrift,Defective,False
C004162,B09,MixedSignal,CH-01,23.32,125.0,39.5,13.901416804929635,14.835715989137997,18.68716505947809,22.55618347079016,50.0,9.769430641316744,10.059253681944584,10.924834121367727,11.853894631249474,12.0,RapidDrift,Defective,False
C004166,B09,MixedSignal,CH-01,23.32,125.0,39.5,14.80962347779576,16.54112307983535,21.536993053117072,27.47511125300772,50.0,10.514374352166282,10.599179197380325,10.97145314976862,11.29366131857227,12.0,RapidDrift,Defective,False
C004178,B09,MixedSignal,CH-01,23.32,125.0,39.5,13.152004251790258,15.758073758110037,21.9119571178029,28.60596406887124,50.0,10.080786329449246,10.258091437086746,10.966677381438217,11.69832073798992,12.0,RapidDrift,Defective,False
C004186,B09,MixedSignal,CH-01,23.32,125.0,39.5,14.663518796050674,15.019049587121312,18.72316915703305,27.919948212351425,50.0,10.247026801722589,10.285200160425225,10.375028450650488,10.450283974715653,12.0,SuddenAnomaly,Defective,False
C004202,B09,MixedSignal,CH-01,23.32,125.0,39.5,14.217436099499668,14.304271652162582,17.77640414528834,31.18621191136115,50.0,10.33431384133681,10.38866300346462,10.48189974376556,10.54920315916696,12.0,SuddenAnomaly,Defective,False
C004211,B09,MixedSignal,CH-01,23.32,125.0,39.5,14.610641514915171,14.602556593180916,16.340017221202487,22.41190667236287,50.0,9.58938296659112,9.627004630247995,9.713889624678536,9.841962518363037,12.0,SuddenAnomaly,Defective,False
C004213,B09,MixedSignal,CH-01,23.32,125.0,39.5,18.7291045589319,17.099303957008523,16.093748363365535,15.896400325859002,50.0,10.524122527155017,10.305474918385306,10.323169378758584,10.2663566450209,12.0,EarlyLifeInstability,Defective,False
C004220,B09,MixedSignal,CH-01,23.32,125.0,39.5,13.116450368547929,13.38581900975482,17.259532113622793,24.645405489007928,50.0,10.126633538551566,10.158540665682883,10.212796144810662,10.303542267243994,12.0,SuddenAnomaly,Defective,False
C004222,B09,MixedSignal,CH-01,23.32,125.0,39.5,15.26911279304844,16.335859819943277,19.75583958902313,23.371308659180503,50.0,10.353909952263422,10.51447848291519,10.813355335892677,11.105037642766524,12.0,GradualDrift,Defective,False
C004225,B09,MixedSignal,CH-01,23.32,125.0,39.5,15.46928010201474,16.435929395741972,20.309477010676336,23.564444288895825,50.0,9.83944665239769,10.116739312497296,10.883943719885185,11.647552658018306,12.0,RapidDrift,Defective,False
C004227,B09,MixedSignal,CH-01,23.32,125.0,39.5,17.62198386476193,17.956076592162642,24.906407693776245,18.754565824660364,50.0,10.364236592673771,10.405503978712098,10.465688710622384,10.552685245447735,12.0,NonMonotonicAnomaly,Defective,False
C004231,B09,MixedSignal,CH-01,23.32,125.0,39.5,13.520211794450368,14.053469466471894,15.889883313374046,17.49340510428842,50.0,10.280443205699148,10.457863798959512,11.000970228819394,11.522743015189365,12.0,GradualDrift,Defective,False
C004234,B09,MixedSignal,CH-01,23.32,125.0,39.5,14.818951463271482,15.73428260382062,18.05203950771229,20.45807474590311,50.0,9.355807929319086,9.46666600376724,9.662613889852228,9.877106114475524,12.0,GradualDrift,Defective,False
C004235,B09,MixedSignal,CH-01,23.32,125.0,39.5,14.667435371701806,14.85222734215019,19.19648970388571,,50.0,10.24788037373384,10.282286957186663,10.391565718720445,10.471935151464132,12.0,SuddenAnomaly,Defective,False
C004240,B09,MixedSignal,CH-01,23.32,125.0,39.5,14.839508427533875,15.24105689239876,19.730578010086152,27.783998326877445,50.0,10.143764621489735,10.13941644499303,10.223758524521456,10.2670855509683,12.0,SuddenAnomaly,Defective,False
C004242,B09,MixedSignal,CH-01,23.32,125.0,39.5,13.124009982441118,14.467450161683104,18.05849086990901,21.74240328378512,50.0,9.056706264483122,9.147444496416512,9.331363014570837,9.491902821881244,12.0,GradualDrift,Defective,False
C004252,B09,MixedSignal,CH-01,23.32,125.0,39.5,14.395452370654755,15.855944015762018,21.01460328391198,26.41300857645916,50.0,9.80374613477638,9.968402541560604,10.2970206658753,10.73471310067522,12.0,RapidDrift,Defective,False
C004254,B09,MixedSignal,CH-01,23.32,125.0,39.5,18.68107256799972,16.344600367683327,14.82947386462951,14.274468784962586,50.0,10.221906342586427,10.133518598730436,10.068755803365429,9.993230150861235,12.0,EarlyLifeInstability,Defective,False
C004255,B09,MixedSignal,CH-01,23.32,125.0,39.5,12.85675875652062,14.783732609345895,19.86556392119384,25.7494488630284,50.0,10.250760252547924,10.463444892168194,11.16324037510882,11.817436926678376,12.0,RapidDrift,Defective,False
C004259,B09,MixedSignal,CH-01,23.32,125.0,39.5,11.872789433098925,11.981218632885726,19.371750510661265,12.663168566433749,50.0,10.259826964973955,10.251841144558474,10.282697450098295,10.24403306904796,12.0,NonMonotonicAnomaly,Defective,False
C004269,B09,MixedSignal,CH-01,23.32,125.0,39.5,14.964986583150871,15.17529104664947,20.91344823880707,16.285220579713858,50.0,9.43689072058059,9.46570170581825,9.521904814986,9.635937847056642,12.0,NonMonotonicAnomaly,Defective,False
C004276,B09,MixedSignal,CH-01,23.32,125.0,39.5,12.195441207914651,12.814991493754771,14.732169824483892,16.530226208990722,50.0,9.778961730005545,9.845881198936125,9.99538321004522,10.192154303846872,12.0,GradualDrift,Defective,False
C004281,B09,MixedSignal,CH-01,23.32,125.0,39.5,12.429377040398212,13.29722288220194,16.210788851214538,19.27256826167416,50.0,9.122985550340442,9.257161619818428,9.783907812029923,10.337881335798343,12.0,GradualDrift,Defective,False
C004282,B09,MixedSignal,CH-01,23.32,125.0,39.5,13.875782209340342,13.990502942616592,21.01963884829885,14.967128184483933,50.0,10.00705305528894,10.04145603269357,10.147442869352028,10.227212370349198,12.0,NonMonotonicAnomaly,Defective,False
C004283,B09,MixedSignal,CH-01,23.32,125.0,39.5,21.053121226515746,18.81222376448956,17.23727164793501,16.607783623703053,50.0,9.801010657625628,9.735734104365916,9.660674410555838,9.62825715230112,12.0,EarlyLifeInstability,Defective,False
C004294,B09,MixedSignal,CH-01,23.32,125.0,39.5,13.173311864394758,13.301915335235718,17.033996933833492,22.805252689744783,50.0,10.618778045363356,10.629632753036136,10.745969692118411,10.819317683749135,12.0,SuddenAnomaly,Defective,False
C004299,B09,MixedSignal,CH-01,23.32,125.0,39.5,13.866923253167805,14.272575438769929,16.60201406449569,24.23240229678258,50.0,9.462059493709535,9.474379473280743,9.504065082422862,9.547280083576108,12.0,SuddenAnomaly,Defective,False
C004307,B09,MixedSignal,CH-01,23.32,125.0,39.5,11.640214892694464,11.765559290943958,21.815354998221387,12.527885695625017,50.0,10.121411016154305,10.13553006762723,10.227662132865785,10.350940195513417,12.0,NonMonotonicAnomaly,Defective,False
C004315,B09,MixedSignal,CH-01,23.32,125.0,39.5,13.271155927767545,14.446246928918542,17.65988563965809,20.993646799870127,50.0,10.115681014994578,10.278851418844766,10.700399088082518,11.116906458416326,12.0,GradualDrift,Defective,False
C004316,B09,MixedSignal,CH-01,23.32,125.0,39.5,13.234138992143988,14.8544634322639,20.06021161616231,25.25114174400281,50.0,10.38250651717932,10.57638894634564,11.100577904583352,11.649298742421214,12.0,RapidDrift,Defective,False
C004323,B09,MixedSignal,CH-01,23.32,125.0,39.5,13.63235798972724,17.88758956676802,30.766111389422804,44.14902251188204,50.0,9.70705663115237,9.916280366357409,10.52873514184394,11.1513267414507,12.0,NearLimitDrift,Defective,False
C004326,B09,MixedSignal,CH-01,23.32,125.0,39.5,14.906317666634308,15.86258262591746,19.066201543673387,22.1837681313972,50.0,9.554144816616663,9.75208270525433,10.328227311360136,10.854496935075062,12.0,GradualDrift,Defective,False
C004329,B09,MixedSignal,CH-01,23.32,125.0,39.5,13.375387495295069,15.77855065598128,22.10133021124207,29.15698798633986,50.0,9.840885320805834,9.924523920560762,10.411852473892148,10.828913894779836,12.0,RapidDrift,Defective,False
C004331,B09,MixedSignal,CH-01,23.32,125.0,39.5,15.074030797187156,15.886522140470396,18.503939884844662,21.18639818532142,50.0,10.10336189081709,10.19272794990614,10.444682087046148,10.657685082397638,12.0,GradualDrift,Defective,False
C004345,B09,MixedSignal,CH-01,23.32,125.0,39.5,14.65634355825411,15.534275286846666,17.76339803737679,19.83271312064337,50.0,9.808860848598655,9.917122923080534,10.229786483418618,10.630082942786512,12.0,GradualDrift,Defective,False
C004346,B09,MixedSignal,CH-01,23.32,125.0,39.5,12.2253700258748,12.64841626714315,14.710641347647387,16.738513565476133,50.0,10.540519994178943,10.674523910472876,11.101605867328525,11.500364883189274,12.0,GradualDrift,Defective,False
C004355,B09,MixedSignal,CH-01,23.32,125.0,39.5,13.367182628423867,13.514866787008293,18.004661777045627,23.23310010010324,50.0,10.147155331757848,10.185720697658317,10.288530527464683,10.424871370064974,12.0,SuddenAnomaly,Defective,False
C004356,B09,MixedSignal,CH-01,23.32,125.0,39.5,15.041848034976155,15.869587313974865,18.10591629939997,20.327345499276,50.0,9.371323064686043,9.51370222823883,10.029488379830626,10.54451759262259,12.0,GradualDrift,Defective,False
C004357,B09,MixedSignal,CH-01,23.32,125.0,39.5,14.340485556798292,16.025528532056576,21.9593421460065,28.06960914345649,50.0,10.39581133662157,10.52826062412634,11.092629420666215,11.720298358111537,12.0,RapidDrift,Defective,False
C004359,B09,MixedSignal,CH-01,23.32,125.0,39.5,14.542364410369403,14.734809384771443,17.065422194727574,28.56008425273238,50.0,9.766964987962272,9.80630848771592,9.91989365503689,9.988648400314265,12.0,SuddenAnomaly,Defective,False
C004365,B09,MixedSignal,CH-01,23.32,125.0,39.5,15.47661583008708,16.319944530543044,18.922311184481167,21.78015517573748,50.0,10.162292200951365,10.340258362338371,10.861559367275609,11.30630194640186,12.0,GradualDrift,Defective,False
C004374,B09,MixedSignal,CH-01,23.32,125.0,39.5,14.829921191741454,15.468550929568226,17.32432542986526,19.26548514080347,50.0,9.784849896950796,9.845264633467792,10.019238493581168,10.257569345472495,12.0,GradualDrift,Defective,False
C004378,B09,MixedSignal,CH-01,23.32,125.0,39.5,14.18514934117561,15.178522486498377,18.018024461916063,21.14501730171497,50.0,9.938336521564942,10.058744256324514,10.431946535580447,10.7616639561259,12.0,GradualDrift,Defective,False
C004381,B09,MixedSignal,CH-01,23.32,125.0,39.5,12.430213422336212,12.682963879756793,22.25581311563348,14.076150849336482,50.0,10.11570060354057,10.114909191515718,10.198525664377213,10.27101536698108,12.0,NonMonotonicAnomaly,Defective,False
C004382,B09,MixedSignal,CH-01,23.32,125.0,39.5,15.369323937206063,15.525130524215584,17.795245503130097,33.02899619648741,50.0,9.652851133308566,9.639252838326088,9.726434819473294,9.791580949328816,12.0,SuddenAnomaly,Defective,False
C004385,B09,MixedSignal,CH-01,23.32,125.0,39.5,14.711287432823193,15.463349410784735,17.14566974097836,18.943954687327658,50.0,9.831876158593902,9.99351078853687,10.511181577171756,10.994998699323071,12.0,GradualDrift,Defective,False
C004391,B09,MixedSignal,CH-01,23.32,125.0,39.5,14.03400230846966,15.260382162479534,19.117124185946423,23.437892016536296,50.0,10.275796341359555,10.56310124638888,11.259692852298429,11.950572623689949,12.0,RapidDrift,Defective,False
C004394,B09,MixedSignal,CH-01,23.32,125.0,39.5,14.267956673402644,14.600254509324447,19.00098912228171,15.61052773472723,50.0,9.91959288145125,9.930483806031404,10.04244064227555,10.153001216591049,12.0,NonMonotonicAnomaly,Defective,False
C004395,B09,MixedSignal,CH-01,23.32,125.0,39.5,15.58639863799618,16.73997222003409,20.409700701732604,24.06995586228072,50.0,9.959244982585986,9.98937511357694,10.145891356678217,10.330426651263265,12.0,GradualDrift,Defective,False
C004398,B09,MixedSignal,CH-01,23.32,125.0,39.5,17.428351354138805,15.690377123504026,15.082576077234544,14.75683036312179,50.0,10.674717984721202,10.540232792095502,10.501350235501052,10.428549390267532,12.0,EarlyLifeInstability,Defective,False
C004400,B09,MixedSignal,CH-01,23.32,125.0,39.5,14.203124706822862,14.263809314272898,23.71279436927144,15.577747482793438,50.0,9.77754965004555,9.825251772759175,9.934247511954595,10.026895486761168,12.0,NonMonotonicAnomaly,Defective,False
C004401,B09,MixedSignal,CH-01,23.32,125.0,39.5,13.231159439960678,14.375582719706289,17.873769406919877,20.97965471622817,50.0,10.19621356752724,10.352654650526787,10.781507545156058,11.248653910495408,12.0,GradualDrift,Defective,False
C004404,B09,MixedSignal,CH-01,23.32,125.0,39.5,15.28227750099524,16.159429559182332,18.758876751744324,21.68597627377805,50.0,9.9457187906647,9.977140293476314,10.176786618153669,10.391978006730744,12.0,GradualDrift,Defective,False
C004406,B09,MixedSignal,CH-01,23.32,125.0,39.5,13.006244030484671,13.756608667010122,16.375690040372383,18.765389025427314,50.0,9.52195846135542,9.683391453187705,10.136188553194865,10.600591230913835,12.0,GradualDrift,Defective,False
C004412,B09,MixedSignal,CH-01,23.32,125.0,39.5,16.627776107678205,15.02235737722942,14.12714975484062,13.712336853494444,50.0,10.070807361471424,9.939011676078024,9.897342181777043,9.762647221979403,12.0,EarlyLifeInstability,Defective,False
C004420,B09,MixedSignal,CH-01,23.32,125.0,39.5,15.26743962319517,20.0480270921594,34.66872550760791,49.9881080611386,50.0,10.427470185686094,10.644746366567116,11.201178335862204,11.75244179419498,12.0,NearLimitDrift,Defective,False
C004421,B09,MixedSignal,CH-01,23.32,125.0,39.5,13.646610873431166,15.986532475060642,22.12184314701914,28.4210686885178,50.0,9.94433737433132,10.267635230739806,10.91751386867094,11.772462517764728,12.0,RapidDrift,Defective,False
C004427,B09,MixedSignal,CH-01,23.32,125.0,39.5,13.554170175493724,18.524895376625192,33.14858841960542,48.241884354469526,50.0,9.783394307978392,9.93944807042536,10.294850516321478,10.663807583091955,12.0,NearLimitDrift,Defective,False
C004429,B09,MixedSignal,CH-01,23.32,125.0,39.5,13.485586387009011,14.5115693415099,18.037198343838543,21.43209284749346,50.0,10.076424613297876,10.205153109302458,10.647131843604685,11.042230966430823,12.0,GradualDrift,Defective,False
C004439,B09,MixedSignal,CH-01,23.32,125.0,39.5,15.493534849674548,16.205963728011014,18.7434559820333,21.139098976185345,50.0,10.383778685932818,10.548981112526995,11.04449355262024,11.532994246445725,12.0,GradualDrift,Defective,False
C004442,B09,MixedSignal,CH-01,23.32,125.0,39.5,15.194978003253755,16.61880599170179,22.911044053576312,29.05709307746527,50.0,9.200977965754085,9.472120525908952,10.282353895476206,11.260129077543064,12.0,RapidDrift,Defective,False
C004443,B09,MixedSignal,CH-01,23.32,125.0,39.5,14.288700544895026,18.63048400491615,33.32954315137396,48.00099566281623,50.0,9.430033794849235,9.505565526907176,9.861172475719352,10.225698616674409,12.0,NearLimitDrift,Defective,False
C004445,B09,MixedSignal,CH-01,23.32,125.0,39.5,14.675600791770847,14.664340467626497,20.365953304467894,15.50953961406835,50.0,10.454899487394933,10.515156641204438,10.651319463386557,10.784214316223144,12.0,NonMonotonicAnomaly,Defective,False
C004453,B09,MixedSignal,CH-01,23.32,125.0,39.5,14.293794461126769,14.983778378554938,17.092068234024275,19.21229159597232,50.0,8.98841676689634,9.124040683654126,9.47344381483693,9.85614963699376,12.0,GradualDrift,Defective,False
C004456,B09,MixedSignal,CH-01,23.32,125.0,39.5,13.554818527411872,15.390253777735063,21.551422361403315,27.632643793620424,50.0,9.980714849860036,10.227035015619093,10.95962874941037,11.73924118631184,12.0,RapidDrift,Defective,False
C004458,B09,MixedSignal,CH-01,23.32,125.0,39.5,14.206325560304208,15.431309208817083,18.869076330615563,22.352527273280604,50.0,9.506605907370268,9.54678118063744,9.719198235115403,9.861619844056143,12.0,GradualDrift,Defective,False
C004466,B09,MixedSignal,CH-01,23.32,125.0,39.5,13.78401067559709,15.781602238722355,21.49351932988155,27.43225673071133,50.0,9.678583417109918,9.829817466795136,10.300050670373825,10.73201288437094,12.0,RapidDrift,Defective,False
C004476,B09,MixedSignal,CH-01,23.32,125.0,39.5,13.920275558531578,14.139071753469304,17.209472925414293,25.550144777496435,50.0,10.112887573091346,10.145196954048352,10.23955389803675,10.290771898597738,12.0,SuddenAnomaly,Defective,False
C004480,B09,MixedSignal,CH-01,23.32,125.0,39.5,15.052119540540952,15.990020359830371,19.014558772185072,22.39768311840159,50.0,10.19552009262791,10.264847240643329,10.567658118710202,10.860797550779385,12.0,GradualDrift,Defective,False
C004481,B09,MixedSignal,CH-01,23.32,125.0,39.5,12.877907010277932,13.731766819957134,16.826316764550537,20.122327748859853,50.0,9.701576403280605,9.8296070467339,10.141189157674887,10.51220090326238,12.0,GradualDrift,Defective,False
C004482,B09,MixedSignal,CH-01,23.32,125.0,39.5,14.51484247567968,15.466193431767936,18.15910948140252,20.91713171265632,50.0,9.55584305994688,9.709738112665535,10.209205413965517,10.712036244530829,12.0,GradualDrift,Defective,False
C004484,B09,MixedSignal,CH-01,23.32,125.0,39.5,14.84631975557914,15.853185012022418,19.254021369153065,22.945284168880352,50.0,9.610583060049583,9.765565021055286,10.143845176240552,10.552915362009418,12.0,GradualDrift,Defective,False
C004491,B09,MixedSignal,CH-01,23.32,125.0,39.5,14.284761051597968,15.148996342073032,17.878711954122267,20.35005933018523,50.0,10.150038864300647,10.314312244401677,10.732650482993934,11.104025402804352,12.0,GradualDrift,Defective,False
C004515,B10,Analog_IC,CH-01,24.41,125.0,44.7,7.852268627712377,7.909508096731845,10.819498612817709,26.37564150945732,50.0,6.748215954115154,6.778135120875375,6.834995369218981,6.913153409215814,12.0,SuddenAnomaly,Defective,False
C004516,B10,Analog_IC,CH-01,24.41,125.0,44.7,8.174102678217718,8.751343467234788,10.790547517155252,13.116430350161345,50.0,6.78627170768251,6.889630700180728,7.142761801096946,7.371556050792184,12.0,GradualDrift,Defective,False
C004523,B10,Analog_IC,CH-01,24.41,125.0,44.7,9.207834829597733,9.088427762979268,11.155483838376298,20.12619181054456,50.0,6.778754757015764,6.842158134572917,6.9129584162830655,6.996775325122629,12.0,SuddenAnomaly,Defective,False
C004525,B10,Analog_IC,CH-01,24.41,125.0,44.7,7.533580913781374,7.5033893353621295,10.6520946848677,23.76283336492892,50.0,6.554944731970266,6.569403781781899,6.620013946219278,6.672839392963765,12.0,SuddenAnomaly,Defective,False
C004532,B10,Analog_IC,CH-01,24.41,125.0,44.7,9.295132699979966,9.238254543727129,19.02312521477766,9.629822504000437,50.0,6.267842457567959,6.292488961730808,6.333146930603584,6.378040756046755,12.0,NonMonotonicAnomaly,Defective,False
C004534,B10,Analog_IC,CH-01,24.41,125.0,44.7,7.395819776354994,12.8942777082387,28.752825122699303,44.731106462006906,50.0,6.38450098143412,6.472534036884375,6.716852760964939,6.982292373447679,12.0,NearLimitDrift,Defective,False
C004535,B10,Analog_IC,CH-01,24.41,125.0,44.7,8.661713622848254,9.684507332924737,12.961042044396631,16.424868665604325,50.0,6.963788537102674,7.154822347481646,7.598264617551394,8.089641387968413,12.0,GradualDrift,Defective,False
C004538,B10,Analog_IC,CH-01,24.41,125.0,44.7,7.172125037180699,7.173629937118002,9.458611447928902,16.114985085688254,50.0,6.403048138321007,6.479224082790229,6.517754330081896,6.583710590447099,12.0,SuddenAnomaly,Defective,False
C004554,B10,Analog_IC,CH-01,24.41,125.0,44.7,8.730624477967304,9.680969857705144,11.97732298749558,14.539265306188623,50.0,6.422867188064705,6.63117267941288,7.175552576561406,7.720447240789936,12.0,GradualDrift,Defective,False
C004556,B10,Analog_IC,CH-01,24.41,125.0,44.7,8.23606245692294,8.654995156409829,10.274462913057658,12.116824200859313,50.0,6.346055777111038,6.379538998107992,6.537745043879479,6.706127910416077,12.0,GradualDrift,Defective,False
C004558,B10,Analog_IC,CH-01,24.41,125.0,44.7,8.425223462264187,13.361298095856194,28.228275979988737,44.16433817424567,50.0,6.135607072677076,6.335946682631519,6.9198590413010015,7.514838059213748,12.0,NearLimitDrift,Defective,False
C004562,B10,Analog_IC,CH-01,24.41,125.0,44.7,7.518714961410266,8.148797826289716,10.221456368781617,12.467899501251209,50.0,6.685526278897228,6.876790853314791,7.378019164960762,7.894132986801881,12.0,GradualDrift,Defective,False
C004567,B10,Analog_IC,CH-01,24.41,125.0,44.7,7.710627438608931,7.692800468926996,10.594980828669623,20.02040291313847,50.0,6.69593070340911,6.74832161712535,6.860992045587369,6.933973210751095,12.0,SuddenAnomaly,Defective,False
C004572,B10,Analog_IC,CH-01,24.41,125.0,44.7,9.22680082652217,9.440179507732948,17.894594309196577,10.07661842092862,50.0,6.344356567553499,6.384408692135982,6.463125020192186,6.530728159400651,12.0,NonMonotonicAnomaly,Defective,False
C004575,B10,Analog_IC,CH-01,24.41,125.0,44.7,8.772315727700887,9.797015546189096,13.266955394501588,16.907943086277353,50.0,6.419720512119641,6.519132634063674,6.813717818797757,7.101289287524941,12.0,GradualDrift,Defective,False
C004578,B10,Analog_IC,CH-01,24.41,125.0,44.7,7.132689946450628,8.61257741049883,12.174765740954165,15.986307022324937,50.0,6.228085184517297,6.464523481677999,7.359566871844448,8.205420124873825,12.0,RapidDrift,Defective,False
C004585,B10,Analog_IC,CH-01,24.41,125.0,44.7,8.061234187193683,9.416701514823666,12.799567198052973,16.156971349226946,50.0,6.650218974650106,6.831042236766616,7.3971668865432925,7.9680223623043105,12.0,GradualDrift,Defective,False
C004586,B10,Analog_IC,CH-01,24.41,125.0,44.7,7.7615383321393745,9.028933109803246,12.55831216600556,16.183387495657712,50.0,6.387987009750626,6.470429910905883,6.766150763081577,7.018987508819339,12.0,GradualDrift,Defective,False
C004587,B10,Analog_IC,CH-01,24.41,125.0,44.7,12.38021145611698,10.967712828080078,9.600684354457425,9.28970219561082,50.0,6.459149775340985,6.319164901044354,6.279585542049673,6.256633321315274,12.0,EarlyLifeInstability,Defective,False
C004588,B10,Analog_IC,CH-01,24.41,125.0,44.7,7.66023983340394,7.838315581687777,17.81678768973445,8.786274660593739,50.0,6.355214353323062,6.407783069333438,6.452207630154835,6.555767772859844,12.0,NonMonotonicAnomaly,Defective,False
C004595,B10,Analog_IC,CH-01,24.41,125.0,44.7,11.193050043028329,10.106868181529066,,8.820949802245588,50.0,6.511759965170371,6.349600331876763,6.259608832444138,6.210919998963994,12.0,EarlyLifeInstability,Defective,False
C004596,B10,Analog_IC,CH-01,24.41,125.0,44.7,8.841781580881557,9.850828634534912,13.220976998936736,16.585531870178198,50.0,7.025646483119749,7.117428739640322,7.360579240581497,7.634373189804084,12.0,GradualDrift,Defective,False
C004598,B10,Analog_IC,CH-01,24.41,125.0,44.7,8.400337565317523,8.63730544396408,12.109492632579622,18.7414109027162,50.0,6.34028097548708,6.414289922637749,6.575212284467347,6.743549135789536,12.0,SuddenAnomaly,Defective,False
C004603,B10,Analog_IC,CH-01,24.41,125.0,44.7,8.398805249682953,8.658147592026042,16.549197698057274,9.823250373458634,50.0,6.590557976426962,6.586061882982915,6.662994264760124,6.732069535444131,12.0,NonMonotonicAnomaly,Defective,False
C004605,B10,Analog_IC,CH-01,24.41,125.0,44.7,7.005594103546706,7.079891097916502,13.631607570531276,7.505620933570995,50.0,6.333793887618848,6.3717811936164255,6.541230488563562,6.679388838568767,12.0,NonMonotonicAnomaly,Defective,False
C004607,B10,Analog_IC,CH-01,24.41,125.0,44.7,9.7893199821036,9.761405277216973,18.060282771649888,9.77094662671149,50.0,6.325320832156168,6.359982577886551,6.448610322393715,6.568191244102783,12.0,NonMonotonicAnomaly,Defective,False
C004608,B10,Analog_IC,CH-01,24.41,125.0,44.7,8.402086870916536,8.416003408560803,12.445748497431422,23.07079403930593,50.0,6.49221248409677,6.4747827133385885,6.555678513481685,6.629696297150523,12.0,SuddenAnomaly,Defective,False
C004610,B10,Analog_IC,CH-01,24.41,125.0,44.7,8.195702714365723,9.5422752690682,13.522268800412512,17.536052503351133,50.0,6.59377774466822,6.704260462300499,7.160118006107709,7.564462819514143,12.0,RapidDrift,Defective,False
C004621,B10,Analog_IC,CH-01,24.41,125.0,44.7,6.896688242215098,7.755936109522851,10.733290494530229,13.601497685979565,50.0,6.7430022163188434,6.882936376908047,7.226152260477149,7.568611891562423,12.0,GradualDrift,Defective,False
C004623,B10,Analog_IC,CH-01,24.41,125.0,44.7,8.794076809108219,9.95041630637858,13.441184501295838,17.51561539665216,50.0,6.428125657902734,6.546856379213802,6.858072397001706,7.190558644908556,12.0,RapidDrift,Defective,False
C004626,B10,Analog_IC,CH-01,24.41,125.0,44.7,11.62070492968597,9.248952468144449,8.06394762212966,7.671181898563222,50.0,6.833391054148527,6.75780770647374,6.66092561408399,6.5820942256010975,12.0,EarlyLifeInstability,Defective,False
C004633,B10,Analog_IC,CH-01,24.41,125.0,44.7,7.91287589131232,13.542087740455964,28.944746956871047,46.00814342746131,50.0,6.676937908714978,6.9488929660790895,7.587106626958363,8.191074578804058,12.0,NearLimitDrift,Defective,False
C004634,B10,Analog_IC,CH-01,24.41,125.0,44.7,8.345262934074203,9.423749570992252,12.742246677563427,16.09494706430806,50.0,6.969879422510306,7.083641723866005,7.414229390008995,7.855139765756931,12.0,GradualDrift,Defective,False
C004637,B10,Analog_IC,CH-01,24.41,125.0,44.7,8.173407969369759,9.091262212848756,12.36337906951122,15.51232312180205,50.0,6.655439638076994,6.775797186168656,7.030579376292549,7.338791492548063,12.0,GradualDrift,Defective,False
C004642,B10,Analog_IC,CH-01,24.41,125.0,44.7,7.952319456376752,9.46974125904305,15.702986706381225,21.51171769542922,50.0,6.164983709701701,6.408008741109501,6.967982497818962,7.578591244693208,12.0,RapidDrift,Defective,False
C004672,B10,Analog_IC,CH-01,24.41,125.0,44.7,8.42274993953527,8.538841865606978,,9.67183369447434,50.0,6.438593071089835,6.438139747925157,6.5297846059245455,6.65204156618066,12.0,NonMonotonicAnomaly,Defective,False
C004679,B10,Analog_IC,CH-01,24.41,125.0,44.7,9.28663426612319,10.336115561375715,13.830543672669696,17.27851555934222,50.0,6.8283580243185655,6.889827466619183,7.048060638440255,7.235385447286378,12.0,GradualDrift,Defective,False
C004686,B10,Analog_IC,CH-01,24.41,125.0,44.7,8.428372737766534,9.0112208497423,11.30582375852504,13.554642130186132,50.0,6.537978711803842,6.689375393487989,7.208331561143708,7.733182714068058,12.0,GradualDrift,Defective,False
C004694,B10,Analog_IC,CH-01,24.41,125.0,44.7,7.881737389593069,9.248053027010526,12.642279047691252,15.761039833032113,50.0,6.924243671487916,6.970709496559218,7.161266688614315,7.353134268031549,12.0,GradualDrift,Defective,False
C004696,B10,Analog_IC,CH-01,24.41,125.0,44.7,8.193642604741125,8.799271933874438,10.436812572614793,12.218531724222984,50.0,6.873000987237306,6.95469275994065,7.174233423253183,7.334848999888103,12.0,GradualDrift,Defective,False
C004701,B10,Analog_IC,CH-01,24.41,125.0,44.7,8.789607446830667,9.125658871743676,,12.293572316174275,50.0,6.295174910082974,6.466454046933628,7.078012660275988,7.64362950449949,12.0,GradualDrift,Defective,False
C004704,B10,Analog_IC,CH-01,24.41,125.0,44.7,7.881617474807954,8.754229728331195,11.544621693700645,14.506690397055207,50.0,6.210981971093201,6.262401728648031,6.418061638455866,6.556855144160913,12.0,GradualDrift,Defective,False
C004705,B10,Analog_IC,CH-01,24.41,125.0,44.7,8.16743704668548,8.960025342147585,11.104119024466334,13.39203308804918,50.0,6.4430698791956456,6.56237803605002,6.7479017356966144,6.985549283723625,12.0,GradualDrift,Defective,False
C004706,B10,Analog_IC,CH-01,24.41,125.0,44.7,8.879417137926021,8.91179007441754,18.656147668716315,9.602751951920617,50.0,6.1809376882068445,6.179026515157879,6.211272935031013,6.239707185071164,12.0,NonMonotonicAnomaly,Defective,False
C004712,B10,Analog_IC,CH-01,24.41,125.0,44.7,6.570666550215057,8.909346401901963,13.753805908301274,19.18642893333638,50.0,6.459093892298715,6.64184854006048,7.56032301717506,8.467970319235633,12.0,RapidDrift,Defective,False
C004720,B10,Analog_IC,CH-01,24.41,125.0,44.7,8.246776636963368,8.347847247478054,11.059411203072672,17.835621708185524,50.0,6.579646746698602,6.596044975452989,6.701878070100859,6.839057395024258,12.0,SuddenAnomaly,Defective,False
C004725,B10,Analog_IC,CH-01,24.41,125.0,44.7,8.017035229582566,13.690874332173786,30.970600365842863,48.82675699383592,50.0,6.2492835282464,6.383558239678774,6.907664558876506,7.451422600233164,12.0,NearLimitDrift,Defective,False
C004727,B10,Analog_IC,CH-01,24.41,125.0,44.7,12.25773136703072,10.148153220371794,9.436897653201406,9.241569220046832,50.0,6.926097551475076,6.766872453796981,6.726170837377976,6.643397353760263,12.0,EarlyLifeInstability,Defective,False
C004729,B10,Analog_IC,CH-01,24.41,125.0,44.7,8.948899958961931,9.982731898168783,12.98566954547001,16.054175632540172,50.0,6.682652470974822,6.773867661643617,7.098689014149744,7.418701599362071,12.0,GradualDrift,Defective,False
C004731,B10,Analog_IC,CH-01,24.41,125.0,44.7,8.410631309113255,9.382430509323363,12.917113581281384,16.90894409011187,50.0,6.59352691372369,6.909945694258207,7.717123427731544,8.595612674432438,12.0,RapidDrift,Defective,False
C004745,B10,Analog_IC,CH-01,24.41,125.0,44.7,7.77006291821669,8.869883049875593,13.740811060335943,17.73430196883072,50.0,6.423444912613087,6.622009402032893,7.115587726227499,7.557895553277596,12.0,RapidDrift,Defective,False
C004748,B10,Analog_IC,CH-01,24.41,125.0,44.7,9.44500266314949,9.994238989435472,11.66132836592674,13.568611995758332,50.0,6.014154269131775,6.1826473088390825,6.592504604277785,7.002706619309482,12.0,GradualDrift,Defective,False
C004750,B10,Analog_IC,CH-01,24.41,125.0,44.7,8.087314633971635,8.62898075184102,10.425560077047145,12.34711156039623,50.0,6.732032557309517,6.8029282510734745,7.0620700861222,7.295964898915391,12.0,GradualDrift,Defective,False
C004757,B10,Analog_IC,CH-01,24.41,125.0,44.7,8.975948374304428,9.107851430723002,11.55911322598344,18.507968302594627,50.0,,6.428661898771826,6.447513202430052,6.466246200399396,12.0,SuddenAnomaly,Defective,False
C004768,B10,Analog_IC,CH-01,24.41,125.0,44.7,8.640281676341456,9.027272818131529,10.615327696818255,12.498213958093949,50.0,6.522563891635106,6.614948020393521,6.888288388815977,7.146226790194844,12.0,GradualDrift,Defective,False
C004769,B10,Analog_IC,CH-01,24.41,125.0,44.7,8.434762114314273,9.989724874272795,15.75850698104127,21.75585455373705,50.0,,6.886404074419082,7.480115297105805,7.990946498180201,12.0,RapidDrift,Defective,False
C004771,B10,Analog_IC,CH-01,24.41,125.0,44.7,7.129759824404065,12.27525197943795,27.69499178269152,43.90362661714314,50.0,6.449384969609549,6.566148904770562,6.982979326528611,7.430648035988797,12.0,NearLimitDrift,Defective,False
C004772,B10,Analog_IC,CH-01,24.41,125.0,44.7,8.238405528278536,8.975662510320324,12.074728739331857,15.083626153581728,50.0,6.3662036564579445,6.470335693480422,6.9294344762560325,7.362720919286546,12.0,GradualDrift,Defective,False
C004778,B10,Analog_IC,CH-01,24.41,125.0,44.7,7.602644924846454,13.09581153749933,29.192875770501303,45.75705014019832,50.0,6.051615844576379,6.2560616187242095,,7.36872072851416,12.0,NearLimitDrift,Defective,False
C004779,B10,Analog_IC,CH-01,24.41,125.0,44.7,8.764606251563658,9.363150001434963,11.03919661328196,12.638697316244846,50.0,6.61387785296825,6.752221097573698,7.175522588524892,7.620861820542924,12.0,GradualDrift,Defective,False
C004786,B10,Analog_IC,CH-01,24.41,125.0,44.7,8.588778305928065,9.59452658628448,12.522373396936814,15.44665068207502,50.0,6.765748393606459,6.92074315924719,7.378198614801752,7.813245126690638,12.0,GradualDrift,Defective,False
C004792,B10,Analog_IC,CH-01,24.41,125.0,44.7,7.759528107881434,8.500059392153009,10.943339618273368,13.473444683895194,50.0,6.8024238363226575,6.934789286836792,7.318657670019909,7.657026881507278,12.0,GradualDrift,Defective,False
C004793,B10,Analog_IC,CH-01,24.41,125.0,44.7,7.475771227713184,9.912114689650094,15.014866248341532,20.47208895722023,50.0,6.241227435913034,6.445300671946893,6.691092799896612,7.001984211420112,12.0,RapidDrift,Defective,False
C004804,B10,Analog_IC,CH-01,24.41,125.0,44.7,8.764413858371029,9.805828618170851,13.032563715424974,16.397360183325834,50.0,6.606300429491832,6.748620867194349,7.219343333077038,7.603925124180034,12.0,GradualDrift,Defective,False
C004806,B10,Analog_IC,CH-01,24.41,125.0,44.7,8.31250258556176,8.417244253486942,11.48140097327855,22.513568400214563,50.0,6.197926350551001,6.184115273152098,6.180535926437259,6.2036031236146,12.0,SuddenAnomaly,Defective,False
C004808,B10,Analog_IC,CH-01,24.41,125.0,44.7,8.20321555868304,8.504670755867673,10.686289051078935,24.09090607645578,50.0,6.49431449630755,6.517026755652157,6.562178144093092,6.656511437274756,12.0,SuddenAnomaly,Defective,False
C004809,B10,Analog_IC,CH-01,24.41,125.0,44.7,8.427665707746215,9.26410479045626,11.520504267982927,13.851076338653291,50.0,6.57483787317635,6.727068602412341,7.228771372908564,7.689739809700667,12.0,GradualDrift,Defective,False
C004811,B10,Analog_IC,CH-01,24.41,125.0,44.7,8.765031297011067,8.750019920027727,10.605331901310526,18.84548759544317,50.0,6.4335454855675005,6.4797522620279,6.526250382565222,6.569772345128227,12.0,SuddenAnomaly,Defective,False
C004817,B10,Analog_IC,CH-01,24.41,125.0,44.7,8.284755184546128,13.478555839665326,29.890933211687404,47.177801671997855,50.0,6.533743741604246,6.66569176730435,6.996645851186556,7.347285608237659,12.0,NearLimitDrift,Defective,False
C004828,B10,Analog_IC,CH-01,24.41,125.0,44.7,11.911260046110463,9.716694176224964,9.139784875736144,8.878859494128683,50.0,6.896658563538473,6.746140941746842,6.725315972481814,6.572395291341736,12.0,EarlyLifeInstability,Defective,False
C004829,B10,Analog_IC,CH-01,24.41,125.0,44.7,8.710478561493392,9.628270632766313,12.293928503764093,15.10062129588366,50.0,6.563832063124183,6.630590102985572,6.873826017212471,7.085474677248159,12.0,GradualDrift,Defective,False
C004830,B10,Analog_IC,CH-01,24.41,125.0,44.7,7.922706337709885,9.17312276334634,12.699440297518995,16.049636442414972,50.0,6.607747196131072,6.75209844567214,7.057945868831661,7.339068792493278,12.0,GradualDrift,Defective,False
C004833,B10,Analog_IC,CH-01,24.41,125.0,44.7,7.618977082823825,12.89262030914494,30.01670818710244,47.517644468408896,50.0,6.573409018336388,6.807442542644098,7.393989920443147,7.968152256844808,12.0,NearLimitDrift,Defective,False
C004834,B10,Analog_IC,CH-01,24.41,125.0,44.7,8.862662501152998,10.779117564155962,16.201938990130625,22.36076149946584,50.0,6.596215039640648,6.7098547079602415,7.197569613314289,7.691710665038112,12.0,RapidDrift,Defective,False
C004835,B10,Analog_IC,CH-01,24.41,125.0,44.7,7.882722663372002,8.246116301747628,10.012848086950102,11.69218386987819,50.0,6.485362567653393,6.681596426240618,7.160485911403961,7.624137141979308,12.0,GradualDrift,Defective,False
C004837,B10,Analog_IC,CH-01,24.41,125.0,44.7,8.646380815892806,9.165668520353975,10.816381158506331,12.807041520983857,50.0,6.689587548715499,6.76658464969831,7.067086094299853,7.436877231715886,12.0,GradualDrift,Defective,False
C004838,B10,Analog_IC,CH-01,24.41,125.0,44.7,8.929459278299573,9.765516342160526,12.006838381499724,14.222291137048918,50.0,6.438182460849703,6.644571318174304,7.132973417832738,7.595925737173128,12.0,GradualDrift,Defective,False
C004846,B10,Analog_IC,CH-01,24.41,125.0,44.7,9.941665723369484,10.087539567048362,12.627749057061116,28.158414718772047,50.0,6.373154810718118,6.470398082361948,6.585663967806443,6.783253507031592,12.0,SuddenAnomaly,Defective,False
C004850,B10,Analog_IC,CH-01,24.41,125.0,44.7,12.105533474303815,11.278104745209529,10.263384841352376,10.08641154383192,50.0,6.903877337364047,6.811452316521495,6.726515320907255,6.684628041713445,12.0,EarlyLifeInstability,Defective,False
C004853,B10,Analog_IC,CH-01,24.41,125.0,44.7,12.673564163107985,11.055503971140627,9.776927766701055,9.344195564516363,50.0,6.5612090129021166,6.449411823309562,6.367192941974109,6.350282808259652,12.0,EarlyLifeInstability,Defective,False
C004855,B10,Analog_IC,CH-01,24.41,125.0,44.7,7.845624411318927,12.994064998329726,29.60850439094824,47.15627590737565,50.0,6.444474820919783,6.630299608718516,7.078570946913279,7.576606684056641,12.0,NearLimitDrift,Defective,False
C004857,B10,Analog_IC,CH-01,24.41,125.0,44.7,8.023414204341153,8.951796155419963,11.762553186407986,14.680601171664966,50.0,6.310483669067155,6.477103963559092,7.044331695497095,7.509298864573615,12.0,GradualDrift,Defective,False
C004860,B10,Analog_IC,CH-01,24.41,125.0,44.7,8.657767670118188,13.181442528693522,27.972134146249083,43.372577617728695,50.0,6.428507585153777,6.571222422524846,7.058700953048057,7.600311176695826,12.0,NearLimitDrift,Defective,False
C004862,B10,Analog_IC,CH-01,24.41,125.0,44.7,10.481047104683784,9.049802635695782,8.466670066261361,8.277697843744539,50.0,6.855494913062485,6.727567104061671,6.687947149311457,6.593294171485101,12.0,EarlyLifeInstability,Defective,False
C004870,B10,Analog_IC,CH-01,24.41,125.0,44.7,12.146123553985335,9.65148742464112,8.88725825151424,8.735389842824922,50.0,6.921230778062634,6.821564233262407,6.714058924579294,6.756294473389284,12.0,EarlyLifeInstability,Defective,False
C004875,B10,Analog_IC,CH-01,24.41,125.0,44.7,8.716936367650526,8.822699800428271,17.116737830184086,9.590596111805745,50.0,6.514138453523662,6.530635251646305,6.665401128165792,6.80689206330062,12.0,NonMonotonicAnomaly,Defective,False
C004876,B10,Analog_IC,CH-01,24.41,125.0,44.7,8.709862474971477,8.93477085060153,11.316766549208218,18.317057090499627,50.0,6.747498424143166,6.770052300357047,6.841976518348153,6.930894490762866,12.0,SuddenAnomaly,Defective,False
C004879,B10,Analog_IC,CH-01,24.41,125.0,44.7,8.33850845694273,9.197158827978388,12.142529569652076,14.877731244618024,50.0,6.596863576553004,6.721741066855536,7.163752550329654,7.598652742659863,12.0,GradualDrift,Defective,False
C004881,B10,Analog_IC,CH-01,24.41,125.0,44.7,8.243280735845278,8.704285925621713,10.231923527583,11.546366419643151,50.0,6.335325056740393,6.470704376015638,6.689137846094854,6.981303799866315,12.0,GradualDrift,Defective,False
C004887,B10,Analog_IC,CH-01,24.41,125.0,44.7,8.217156937012016,8.562828171391047,14.93017277063393,9.614754483385289,50.0,6.163066926899674,6.200286340420231,6.317738014945076,6.455806145829189,12.0,NonMonotonicAnomaly,Defective,False
C004890,B10,Analog_IC,CH-01,24.41,125.0,44.7,7.734600015231778,9.05855831855636,12.600591779277456,16.195470477058993,50.0,6.496784657650703,6.552476318363031,6.714505761302536,6.851452975294677,12.0,GradualDrift,Defective,False
C004899,B10,Analog_IC,CH-01,24.41,125.0,44.7,8.83688258757575,9.83456704190447,13.3357271779163,17.014833200887345,50.0,6.714050521180648,6.837491401799689,7.344334932595406,7.874475022508958,12.0,GradualDrift,Defective,False
C004900,B10,Analog_IC,CH-01,24.41,125.0,44.7,8.734653340201605,9.57950564538366,11.76972410643336,14.134231265430438,50.0,6.73451276349231,6.891332535690505,7.254288908417191,7.678871706681355,12.0,GradualDrift,Defective,False
C004903,B10,Analog_IC,CH-01,24.41,125.0,44.7,8.79143852970599,9.332815179791336,10.78911064976765,12.42288263430252,50.0,6.302108564792673,6.362839812486284,6.591395740513548,6.839211033923374,12.0,GradualDrift,Defective,False
C004911,B10,Analog_IC,CH-01,24.41,125.0,44.7,12.208102371303804,10.290851685757984,9.048993598034262,8.753097319014284,50.0,6.802452702353386,6.612039808064048,6.596074609336636,6.625119761863853,12.0,EarlyLifeInstability,Defective,False
C004917,B10,Analog_IC,CH-01,24.41,125.0,44.7,8.428021302863462,9.1947543263541,10.875024339971777,12.86233260224214,50.0,6.454499629543059,6.5813872993529445,6.868980923298848,7.187989498160595,12.0,GradualDrift,Defective,False
C004925,B10,Analog_IC,CH-01,24.41,125.0,44.7,7.577097726724531,8.819594175410247,13.390879932753547,17.353119232418226,50.0,6.539848983355445,6.5438304961987095,7.029778271769554,7.4862295247107165,12.0,RapidDrift,Defective,False
C004933,B10,Analog_IC,CH-01,24.41,125.0,44.7,9.138681368808818,10.179069728556918,13.025968331394054,16.077402542854227,50.0,6.567679588122444,6.659275397170932,6.879882484750203,7.092683391956657,12.0,GradualDrift,Defective,False
C004936,B10,Analog_IC,CH-01,24.41,125.0,44.7,7.8910199017966995,13.132781412567466,28.77911454629559,45.07917053853082,50.0,6.234404933653895,6.331750834992966,6.625846241712807,6.904947550567935,12.0,NearLimitDrift,Defective,False
C004949,B10,Analog_IC,CH-01,24.41,125.0,44.7,8.345964748232031,9.017306875674532,11.433610665075316,14.047799996336051,50.0,6.413042666165224,6.4812673896278925,6.710029879051448,7.019657891882618,12.0,GradualDrift,Defective,False
C004951,B10,Analog_IC,CH-01,24.41,125.0,44.7,9.169191110628256,9.491042148341114,12.378548275103435,18.87632321007005,50.0,6.596382179924387,6.65776049873319,6.746766031019044,6.9036535341460725,12.0,SuddenAnomaly,Defective,False
C004953,B10,Analog_IC,CH-01,24.41,125.0,44.7,10.490737500261044,8.919814076038671,8.235294216528958,7.94055734251936,50.0,7.226446558583935,7.121563131404755,7.035178534304166,7.017505798324597,12.0,EarlyLifeInstability,Defective,False
C004955,B10,Analog_IC,CH-01,24.41,125.0,44.7,8.008651373662316,8.882842403064556,11.746031285680418,14.824199375229323,50.0,6.549055562741913,6.72288854487192,7.114071214757948,7.505608554436017,12.0,GradualDrift,Defective,False
C004957,B10,Analog_IC,CH-01,24.41,125.0,44.7,8.432616899013322,8.468975598152976,17.500673686294412,8.915862352592173,50.0,6.457853613692595,6.471758452707067,6.592360327635313,6.760228484495489,12.0,NonMonotonicAnomaly,Defective,False
C004960,B10,Analog_IC,CH-01,24.41,125.0,44.7,7.59367443874058,8.60952275575505,11.39135545410513,14.418929599249251,50.0,6.691811750284227,6.815219346596646,7.207179085493501,7.6033133122457555,12.0,GradualDrift,Defective,False
C004966,B10,Analog_IC,CH-01,24.41,125.0,44.7,8.077662573436948,9.930826552916937,14.176667910649869,18.72498589827133,50.0,6.174865199396441,6.210056489299492,6.562822984285977,6.938429781087909,12.0,RapidDrift,Defective,False
C004968,B10,Analog_IC,CH-01,24.41,125.0,44.7,7.90703242386013,8.013018788888715,11.045423593199546,21.625879650376937,50.0,6.645340797001475,6.634531744188767,6.711433627855154,6.815898731279521,12.0,SuddenAnomaly,Defective,False
C004969,B10,Analog_IC,CH-01,24.41,125.0,44.7,8.539234447908798,13.95311237431487,31.358446918009616,49.12848490896759,50.0,6.406618381687994,6.567409438208866,6.9659668787643865,7.394164487149709,12.0,NearLimitDrift,Defective,False
C004970,B10,Analog_IC,CH-01,24.41,125.0,44.7,8.679857161153345,9.73097078339682,13.074555160073368,16.3340286060552,50.0,6.5073477384013865,6.608802652090744,6.835422454012741,7.031736376566825,12.0,GradualDrift,Defective,False
C004972,B10,Analog_IC,CH-01,24.41,125.0,44.7,7.360059948510257,8.262691590614201,10.9613468291276,13.985128709996973,50.0,6.29632190124586,6.378025725515048,6.6679176306390895,6.9435002687403165,12.0,GradualDrift,Defective,False
C004975,B10,Analog_IC,CH-01,24.41,125.0,44.7,8.667089460298833,10.409534257678738,15.675533551486868,21.43994501785846,50.0,6.271804484983599,6.428510001015144,6.668194905623079,7.052993354486346,12.0,RapidDrift,Defective,False
C004977,B10,Analog_IC,CH-01,24.41,125.0,44.7,9.061616904334564,9.054661697576872,18.73800515186721,9.744954651505664,50.0,6.907118977913466,6.969812694175184,7.055189776621812,7.208197927083866,12.0,NonMonotonicAnomaly,Defective,False
C004988,B10,Analog_IC,CH-01,24.41,125.0,44.7,13.13585590203988,11.171745310188763,9.074428687745913,9.35834158564515,50.0,6.798098040705656,6.669858555693299,6.544881440973171,6.5710282322430045,12.0,EarlyLifeInstability,Defective,False
C004990,B10,Analog_IC,CH-01,24.41,125.0,44.7,8.233229093793936,13.945958980081471,30.92767619141867,48.17074587911347,50.0,6.141457911674696,6.269708188137049,6.623367181314479,6.995253168883434,12.0,NearLimitDrift,Defective,False
C004994,B10,Analog_IC,CH-01,24.41,125.0,44.7,7.737899144892897,8.592874179115762,11.840291098886604,15.13988957584226,50.0,6.578522804396664,6.756604614083779,7.201124367660645,7.676027534242743,12.0,GradualDrift,Defective,False
C005001,B11,Logic_IC,CH-03,24.13,125.0,45.39,9.149307842692698,14.575164208537531,31.9408648729593,49.15705765283328,50.0,8.315933009908083,8.4688210783441,8.922198352295105,9.400044542946178,12.0,NearLimitDrift,Defective,False
C005002,B11,Logic_IC,CH-03,24.13,125.0,45.39,9.04043859400538,9.859626887425597,12.478097751319034,15.179950576727975,50.0,7.719751704074826,7.874987219054256,8.286999698988893,8.737755850746519,12.0,GradualDrift,Defective,False
C005007,B11,Logic_IC,CH-03,24.13,125.0,45.39,9.758671254077957,14.290956756563432,28.75317035420258,43.165814755049965,50.0,7.976939052913767,8.111784241984145,8.530102306466011,8.979348089925823,12.0,NearLimitDrift,Defective,False
C005011,B11,Logic_IC,CH-03,24.13,125.0,45.39,9.352083284685373,10.335554523291814,13.493387242836958,16.851499669616928,50.0,8.3342030957086,8.42443125199751,8.666590456248452,8.929217587292673,12.0,GradualDrift,Defective,False
C005017,B11,Logic_IC,CH-03,24.13,125.0,45.39,10.730600126059455,11.38315622750762,13.194702228689554,15.061100897703165,50.0,7.966846882075865,8.10554633940573,8.44678141307344,8.817132636841196,12.0,GradualDrift,Defective,False
C005023,B11,Logic_IC,CH-03,24.13,125.0,45.39,10.24729126038782,10.263255464562418,16.750010412542053,11.373677215129012,50.0,8.154001478516031,8.19126605837817,8.275282291186285,8.388441757135723,12.0,NonMonotonicAnomaly,Defective,False
C005030,B11,Logic_IC,CH-03,24.13,125.0,45.39,8.840267224652338,9.427388323617317,11.287824207197424,13.084952407635628,50.0,7.788791199904854,7.975266944117619,8.555053067239873,9.072071812917384,12.0,GradualDrift,Defective,False
C005035,B11,Logic_IC,CH-03,24.13,125.0,45.39,10.92049671107375,11.754269449683528,14.438310381073777,17.143852058436394,50.0,8.206195248129527,8.28489185544635,8.54319942020984,8.786639608696385,12.0,GradualDrift,Defective,False
C005037,B11,Logic_IC,CH-03,24.13,125.0,45.39,10.016766073338523,11.027508480617175,13.998073200387935,17.2280244654718,50.0,7.875138047932956,8.042120885587384,8.453413572940912,8.862713335760022,12.0,GradualDrift,Defective,False
C005042,B11,Logic_IC,CH-03,24.13,125.0,45.39,9.746334707454832,10.5227020381937,13.059717830922873,15.604199698658684,50.0,7.943111252392256,8.123649952780603,8.580017799194282,9.014914631222927,12.0,GradualDrift,Defective,False
C005046,B11,Logic_IC,CH-03,24.13,125.0,45.39,10.39740682160665,12.38813154565759,19.40053511958089,26.81894522142667,50.0,8.293502272031771,8.516833687336895,9.42642385461506,10.448977551766658,12.0,RapidDrift,Defective,False
C005047,B11,Logic_IC,CH-03,24.13,125.0,45.39,10.860657130433337,11.009257543456425,20.683942472303627,11.708000992489918,50.0,8.261943628767364,8.312235158166514,8.393430357532598,8.442609460251036,12.0,NonMonotonicAnomaly,Defective,False
C005055,B11,Logic_IC,CH-03,24.13,125.0,45.39,9.849046944981342,15.026750669453929,31.011905910857664,47.89508430097566,50.0,8.220899431747757,8.347155741012482,8.756223344863207,9.145302992575395,12.0,NearLimitDrift,Defective,False
C005056,B11,Logic_IC,CH-03,24.13,125.0,45.39,9.998263928144327,14.512525183410965,28.99879323870529,43.278906163528106,50.0,7.815651007713359,7.881588035590041,8.190862296081983,8.463426211886906,12.0,NearLimitDrift,Defective,False
C005057,B11,Logic_IC,CH-03,24.13,125.0,45.39,9.94864123472066,10.849645809742286,,17.170069715339903,50.0,8.424855380180787,8.575743929013411,9.122557397731883,9.714700879835345,12.0,GradualDrift,Defective,False
C005065,B11,Logic_IC,CH-03,24.13,125.0,45.39,10.78125458657188,11.20067001529501,12.666988304121068,14.046445838182876,50.0,7.981044754776094,8.135230110837487,8.645783169548713,9.115081408419089,12.0,GradualDrift,Defective,False
C005069,B11,Logic_IC,CH-03,24.13,125.0,45.39,9.992691141902574,11.71371751638685,15.859855425235857,20.17018259494716,50.0,8.184423965416181,8.359765435108319,8.800731937297574,9.28285841679165,12.0,RapidDrift,Defective,False
C005074,B11,Logic_IC,CH-03,24.13,125.0,45.39,10.4421275759339,12.0126203102653,16.415841001880523,21.22453447663548,50.0,7.966292119129346,7.987134536707369,8.42248806461578,8.821248405364742,12.0,RapidDrift,Defective,False
C005080,B11,Logic_IC,CH-03,24.13,125.0,45.39,8.504599186412705,8.955340924942385,10.593026131433804,12.23200487238195,50.0,7.452928710959124,7.494475797534893,7.64017569169764,7.799697663008748,12.0,GradualDrift,Defective,False
C005086,B11,Logic_IC,CH-03,24.13,125.0,45.39,11.586041075459043,17.35325665770272,32.85130540111063,49.952750954357256,50.0,7.79042765722524,7.905276454463131,8.335356851109642,8.706449553604596,12.0,NearLimitDrift,Defective,False
C005089,B11,Logic_IC,CH-03,24.13,125.0,45.39,10.241219388084945,10.862391208826066,12.2741310649219,13.806974339841746,50.0,7.885772329755501,7.948609045397535,8.233200831679904,8.516568952876092,12.0,GradualDrift,Defective,False
C005090,B11,Logic_IC,CH-03,24.13,125.0,45.39,12.896515709105785,11.13977433842884,10.45212599370698,10.110865637832312,50.0,7.797344120624349,7.708439728934915,7.6278190675295185,7.623735193518216,12.0,EarlyLifeInstability,Defective,False
C005097,B11,Logic_IC,CH-03,24.13,125.0,45.39,9.08400311207972,10.700052146968014,14.766645142699025,19.9123306082748,50.0,8.089937123043732,8.139122846581062,8.471378505331636,8.766837107712613,12.0,RapidDrift,Defective,False
C005100,B11,Logic_IC,CH-03,24.13,125.0,45.39,9.539098452898612,11.278658287083369,16.69352303347752,22.37764963233755,50.0,8.549978039062307,8.75375980993646,9.485573999985217,10.082962761360111,12.0,RapidDrift,Defective,False
C005102,B11,Logic_IC,CH-03,24.13,125.0,45.39,9.268722803781763,10.806695774005084,15.762118791921075,20.88453604840718,50.0,8.213403525373485,8.32250754312901,8.928217187297662,9.65103694524834,12.0,RapidDrift,Defective,False
C005103,B11,Logic_IC,CH-03,24.13,125.0,45.39,10.17989465181499,14.844085032947712,27.83090024802581,42.127922973746,50.0,7.733062329672711,7.854921411295279,8.230135018858935,8.627207028513096,12.0,NearLimitDrift,Defective,False
C005104,B11,Logic_IC,CH-03,24.13,125.0,45.39,11.305640934282945,16.13485883895808,30.659873468958995,46.569194431226,50.0,8.165705255814114,8.304928096046343,8.700534742009157,9.120711040560964,12.0,NearLimitDrift,Defective,False
C005109,B11,Logic_IC,CH-03,24.13,125.0,45.39,10.150841055513762,10.38469072556572,13.475741938614547,20.6336453196173,50.0,8.554923575057453,8.626964254933299,8.679744239065672,8.717174516802341,12.0,SuddenAnomaly,Defective,False
C005110,B11,Logic_IC,CH-03,24.13,125.0,45.39,10.21283086937994,10.749907863864571,12.600766771533982,14.533791115913798,50.0,8.26664902087408,8.444193877229488,8.944424427186961,9.465447710156374,12.0,GradualDrift,Defective,False
C005112,B11,Logic_IC,CH-03,24.13,125.0,45.39,9.958273512780972,9.984017563979355,13.991120636657618,26.590857138438345,50.0,7.875866292798349,7.932539204615804,7.969080435689611,8.002804645452809,12.0,SuddenAnomaly,Defective,False
C005130,B11,Logic_IC,CH-03,24.13,125.0,45.39,10.252343435161048,11.020348616076792,13.635229511327925,16.3238557485749,50.0,7.6670020424637215,7.738681140219493,7.939240959740834,8.132687151302179,12.0,GradualDrift,Defective,False
C005138,B11,Logic_IC,CH-03,24.13,125.0,45.39,11.303518610224394,12.47221293977669,16.002861778485805,19.618453669677017,50.0,7.728194168632648,7.8817734336804595,8.319801788758513,8.735249385790771,12.0,GradualDrift,Defective,False
C005144,B11,Logic_IC,CH-03,24.13,125.0,45.39,10.21469455946072,10.158786031366304,20.161179585914446,10.672097003776312,50.0,7.740998982515032,7.753332893102362,7.836523341562573,7.860105757848809,12.0,NonMonotonicAnomaly,Defective,False
C005145,B11,Logic_IC,CH-03,24.13,125.0,45.39,11.199394285409708,11.911558499649804,14.319808070395666,16.69356362547719,50.0,7.860455381511866,7.972568896149014,8.288803232777617,8.602570360691876,12.0,GradualDrift,Defective,False
C005151,B11,Logic_IC,CH-03,24.13,125.0,45.39,9.999302616641232,9.975159292313649,20.377741766737053,11.36854162846927,50.0,8.342334755176992,8.371882240392228,8.488654550436646,8.594043596203623,12.0,NonMonotonicAnomaly,Defective,False
C005153,B11,Logic_IC,CH-03,24.13,125.0,45.39,9.430456290561374,9.536827246327688,11.981542751518797,22.141215069012496,50.0,8.036610638966716,8.022614684691126,8.156746604435664,8.267426773968477,12.0,SuddenAnomaly,Defective,False
C005162,B11,Logic_IC,CH-03,24.13,125.0,45.39,9.751699526211835,10.40180721832952,14.42583911848574,18.257790019642943,50.0,8.19337638135277,8.22579991496703,8.895784486751237,9.51445513998504,12.0,RapidDrift,Defective,False
C005164,B11,Logic_IC,CH-03,24.13,125.0,45.39,9.21075663816457,10.25060049810193,13.248790601602138,16.441110322582684,50.0,8.427269366778388,8.463102957538982,8.724864248059959,8.921838183539442,12.0,GradualDrift,Defective,False
C005165,B11,Logic_IC,CH-03,24.13,125.0,45.39,8.851047384011574,9.637239314657275,11.824934733298042,13.988706711337992,50.0,7.632644037668756,7.709008562374937,7.928390999275251,8.168721551876823,12.0,GradualDrift,Defective,False
C005166,B11,Logic_IC,CH-03,24.13,125.0,45.39,11.358236749198875,12.871039733220954,17.405267970420642,21.77413745557421,50.0,7.878571442216891,8.118236313312764,8.74453100560979,9.40942230793442,12.0,RapidDrift,Defective,False
C005168,B11,Logic_IC,CH-03,24.13,125.0,45.39,12.023011218493734,10.872797907598176,10.13023219067449,10.029768564768064,50.0,8.279800434877997,8.150227037011383,8.122640604038601,8.037923418265168,12.0,EarlyLifeInstability,Defective,False
C005171,B11,Logic_IC,CH-03,24.13,125.0,45.39,8.239074404066386,9.463047690736596,13.09423982574625,16.66674006338381,50.0,8.027218358044669,8.190655116920997,8.728124720556176,9.283400083613582,12.0,GradualDrift,Defective,False
C005172,B11,Logic_IC,CH-03,24.13,125.0,45.39,9.062977952052387,9.657944091974256,11.725114023717952,13.81124952881573,50.0,8.143549554020435,8.302700168005611,8.776998131356741,9.18702613966836,12.0,GradualDrift,Defective,False
C005173,B11,Logic_IC,CH-03,24.13,125.0,45.39,10.516736784702156,10.559476313494397,17.140112952205534,11.439160888205262,50.0,7.905346006869329,7.932545428072728,7.960168058627225,8.028912809923453,12.0,NonMonotonicAnomaly,Defective,False
C005176,B11,Logic_IC,CH-03,24.13,125.0,45.39,11.220237486648127,12.043055884433512,14.29012670625096,16.50155418606432,50.0,8.165147691559907,8.287674322912705,8.55930385873695,8.82362173900008,12.0,GradualDrift,Defective,False
C005182,B11,Logic_IC,CH-03,24.13,125.0,45.39,14.343381833720432,11.957754222971028,10.840653186814844,10.437808147834607,50.0,8.219417443265293,8.094470369070528,7.96913052407054,7.985891855971705,12.0,EarlyLifeInstability,Defective,False
C005186,B11,Logic_IC,CH-03,24.13,125.0,45.39,10.286787330228004,14.209699416930611,26.71440752768001,40.269432479023,50.0,8.113255466811408,8.282387484033617,8.89676057883396,9.536064483527523,12.0,NearLimitDrift,Defective,False
C005189,B11,Logic_IC,CH-03,24.13,125.0,45.39,12.80994144931208,11.08683754388367,10.38104643502431,10.137494166281854,50.0,8.253367897870898,8.123240215735601,8.090500117037656,8.104409606426941,12.0,EarlyLifeInstability,Defective,False
C005200,B11,Logic_IC,CH-03,24.13,125.0,45.39,10.310547523314684,11.0532958400406,13.357918841140796,15.428962352966549,50.0,7.9969648853925985,8.089050546902698,8.438865515825727,8.768318380562489,12.0,GradualDrift,Defective,False
C005216,B11,Logic_IC,CH-03,24.13,125.0,45.39,9.575286169780773,10.32035361649706,12.799240601577951,15.068074220628883,50.0,7.970261913240022,8.082795909997149,8.369512545754862,8.684276938468445,12.0,GradualDrift,Defective,False
C005221,B11,Logic_IC,CH-03,24.13,125.0,45.39,9.34266924404286,9.34519165148678,18.660892654592253,10.131343026163382,50.0,7.719309044740408,7.724735494997406,7.761048134236771,7.7509765190566755,12.0,NonMonotonicAnomaly,Defective,False
C005228,B11,Logic_IC,CH-03,24.13,125.0,45.39,13.223415707183444,11.860436623429951,11.059522135776785,10.924276727560647,50.0,8.306483572596095,8.177565321420314,8.11767686024315,8.124597056929499,12.0,EarlyLifeInstability,Defective,False
C005234,B11,Logic_IC,CH-03,24.13,125.0,45.39,11.46894717992372,12.261351628126292,14.938693089271425,17.570799061226484,50.0,8.201037154905936,8.291815265350534,8.620685935052506,8.977327606834894,12.0,GradualDrift,Defective,False
C005243,B11,Logic_IC,CH-03,24.13,125.0,45.39,11.940018637718186,12.446411791129073,14.35399092797256,16.121937458663158,50.0,7.737683283975008,7.902312201529905,8.35067963589622,8.787781852870884,12.0,GradualDrift,Defective,False
C005247,B11,Logic_IC,CH-03,24.13,125.0,45.39,9.970435213375543,10.329114902678024,11.932132711564536,13.646629148184727,50.0,7.6596309459039,7.7582499813809935,8.03906865365851,8.342988205503811,12.0,GradualDrift,Defective,False
C005248,B11,Logic_IC,CH-03,24.13,125.0,45.39,12.967845808168754,11.58143800991229,10.306508500641026,10.02796821016832,50.0,8.628345339814393,8.570069604969529,8.529628902249472,8.48703958024359,12.0,EarlyLifeInstability,Defective,False
C005249,B11,Logic_IC,CH-03,24.13,125.0,45.39,10.180972525759572,11.397040658113756,14.790135787951415,18.46019589373248,50.0,8.29632124132655,8.371432474182305,8.684333118841803,8.964074788478603,12.0,GradualDrift,Defective,False
C005263,B11,Logic_IC,CH-03,24.13,125.0,45.39,10.692113053886231,11.984889570337597,15.378282827401346,18.99993131678596,50.0,7.870115960013931,7.89022507279824,8.021930426889924,8.204976086338643,12.0,GradualDrift,Defective,False
C005269,B11,Logic_IC,CH-03,24.13,125.0,45.39,10.104125247747955,11.26884826585388,15.13739884536374,18.827681140223568,50.0,8.248382511636215,8.356886107196784,8.751891531160226,9.15259858933877,12.0,GradualDrift,Defective,False
C005270,B11,Logic_IC,CH-03,24.13,125.0,45.39,10.895153017877329,12.167235526391195,16.4729944657473,20.781477118521845,50.0,8.250540945142387,8.323151932722736,8.739687714686168,9.192915676613744,12.0,RapidDrift,Defective,False
C005286,B11,Logic_IC,CH-03,24.13,125.0,45.39,9.560298213148736,9.747564063550724,15.424446317050217,10.83682032031687,50.0,7.6052834676673085,7.608913179660188,7.678129699274279,7.755078395798956,12.0,NonMonotonicAnomaly,Defective,False
C005288,B11,Logic_IC,CH-03,24.13,125.0,45.39,10.269888494100108,15.23871691830212,29.43989782391901,44.1719595295694,50.0,8.076125940469668,8.185900846655079,8.41528545645378,8.594851059299273,12.0,NearLimitDrift,Defective,False
C005301,B11,Logic_IC,CH-03,24.13,125.0,45.39,8.948542375636038,10.081100371179549,13.409626719008152,17.0756270363775,50.0,8.068025272402496,8.17090635762331,8.514343631141859,8.874722054414486,12.0,GradualDrift,Defective,False
C005304,B11,Logic_IC,CH-03,24.13,125.0,45.39,8.560970430889583,8.761506761128777,11.912881768280664,20.83413325924652,50.0,8.123831748970012,8.145527816085142,8.259628305144027,8.449308518431256,12.0,SuddenAnomaly,Defective,False
C005310,B11,Logic_IC,CH-03,24.13,125.0,45.39,9.829863534491151,10.480427164035923,12.028299232349736,13.458913628592324,50.0,8.393512079722152,8.452946393513594,8.802332856041511,9.135155319979551,12.0,GradualDrift,Defective,False
C005320,B11,Logic_IC,CH-03,24.13,125.0,45.39,9.063979361321676,13.63742678798885,29.0549727726856,44.25200708751112,50.0,7.844353527317673,8.050286763887966,8.562429616426666,9.125355769052083,12.0,NearLimitDrift,Defective,False
C005322,B11,Logic_IC,CH-03,24.13,125.0,45.39,8.353436413140681,9.538021342845244,13.047804652395977,16.53169302355542,50.0,8.480892455624735,8.623750761325375,9.069142088493669,9.467599306759446,12.0,GradualDrift,Defective,False
C005331,B11,Logic_IC,CH-03,24.13,125.0,45.39,9.734750130552296,9.87317069775499,12.252396537953285,21.258438945223936,50.0,8.007819287391305,8.028768547287545,8.120669392950893,8.178215242063981,12.0,SuddenAnomaly,Defective,False
C005335,B11,Logic_IC,CH-03,24.13,125.0,45.39,10.421587892660256,14.5182005891074,28.304993483103768,43.05978922955706,50.0,7.697299000097493,7.896466975505878,8.486259407561748,9.048227489180745,12.0,NearLimitDrift,Defective,False
C005336,B11,Logic_IC,CH-03,24.13,125.0,45.39,10.413729124188066,11.399172530473557,14.063970972681764,16.81821639836798,50.0,8.126715875852334,8.187256870323742,8.431997828398611,8.706765738708976,12.0,GradualDrift,Defective,False
C005340,B11,Logic_IC,CH-03,24.13,125.0,45.39,8.914880119361719,8.723443651594604,18.40366428715111,9.309591136375552,50.0,8.151107681859347,8.183151019028651,8.196203756625493,8.185402739989485,12.0,NonMonotonicAnomaly,Defective,False
C005348,B11,Logic_IC,CH-03,24.13,125.0,45.39,9.963307725412925,10.234607158257283,15.846426409002476,11.577977280715896,50.0,7.916053393298292,7.978440041656375,8.045977395182861,8.111490777019121,12.0,NonMonotonicAnomaly,Defective,False
C005353,B11,Logic_IC,CH-03,24.13,125.0,45.39,9.398300779715033,10.338232589856942,14.155028968264686,17.34898222267065,50.0,7.743044619797533,8.076586967667081,8.854689019514172,9.883429416058222,12.0,RapidDrift,Defective,False
C005354,B11,Logic_IC,CH-03,24.13,125.0,45.39,11.037869374358044,12.683722878552178,19.219718772638096,25.12748100216041,50.0,8.481988884017499,8.64510385539808,9.00311341090846,9.406464542482285,12.0,RapidDrift,Defective,False
C005355,B11,Logic_IC,CH-03,24.13,125.0,45.39,10.644489323401476,10.484231540302316,14.269898279491638,26.385377406634824,50.0,7.85179481001481,7.908480296709895,8.07225965014562,8.252663070820546,12.0,SuddenAnomaly,Defective,False
C005360,B11,Logic_IC,CH-03,24.13,125.0,45.39,10.845947468295154,11.06070958315352,18.392806268178383,11.86268453826606,50.0,,8.028838923745635,8.192174043972644,8.321188791408508,12.0,NonMonotonicAnomaly,Defective,False
C005362,B11,Logic_IC,CH-03,24.13,125.0,45.39,9.598153678429028,10.12069290404176,11.70610489672223,13.266926800452854,50.0,8.141287004451126,8.277136522730348,8.721426203145064,9.18235932857451,12.0,GradualDrift,Defective,False
C005364,B11,Logic_IC,CH-03,24.13,125.0,45.39,11.066171049815855,11.161751072885618,13.647788912738877,20.63138335644078,50.0,8.140922118672222,8.135817258393498,8.188430343589191,8.273547999384478,12.0,SuddenAnomaly,Defective,False
C005368,B11,Logic_IC,CH-03,24.13,125.0,45.39,9.845615677694829,10.055059643912028,13.58030330354038,23.03461002402506,50.0,7.900427458185679,7.920183824334987,7.9343459221571315,7.934647382393228,12.0,SuddenAnomaly,Defective,False
C005369,B11,Logic_IC,CH-03,24.13,125.0,45.39,9.818249386263226,10.337154988883892,12.132287312232403,13.739678935367255,50.0,7.823596141047355,7.904005211879554,8.198051631803883,8.518396085724273,12.0,GradualDrift,Defective,False
C005375,B11,Logic_IC,CH-03,24.13,125.0,45.39,10.656536974318657,11.675768792861662,15.865617713505223,20.47746886355992,50.0,7.97764391727902,8.316481226560708,9.180256220349476,10.0907928535018,12.0,RapidDrift,Defective,False
C005377,B11,Logic_IC,CH-03,24.13,125.0,45.39,10.297311090920047,14.699794496587632,28.11457626955556,42.43580455487172,50.0,8.66055958473799,8.805490333248196,9.397977180709,10.012087435925244,12.0,NearLimitDrift,Defective,False
C005379,B11,Logic_IC,CH-03,24.13,125.0,45.39,10.056981139496944,10.11380637665223,13.065423664257468,26.26637900276328,50.0,7.837188733829864,7.908963404770685,7.9650456865527,8.040773460555947,12.0,SuddenAnomaly,Defective,False
C005382,B11,Logic_IC,CH-03,24.13,125.0,45.39,10.007999084019303,10.862919884796868,14.01703976922563,17.367311346968382,50.0,7.8049855543720765,8.002679777009927,8.531603217533666,9.068447699412694,12.0,GradualDrift,Defective,False
C005383,B11,Logic_IC,CH-03,24.13,125.0,45.39,9.54200555541632,9.796488951563402,13.48037984287975,22.129270267567364,50.0,8.080944663610987,8.11114569512463,8.173273761080527,8.219384692191124,12.0,SuddenAnomaly,Defective,False
C005389,B11,Logic_IC,CH-03,24.13,125.0,45.39,12.442379356653692,11.51687587651143,10.80765550237671,10.42167703537643,50.0,8.248433075710004,8.157272881998761,8.121181196904573,8.03227388813213,12.0,EarlyLifeInstability,Defective,False
C005393,B11,Logic_IC,CH-03,24.13,125.0,45.39,13.511415208877173,12.110277887034048,11.153636102594284,10.911400674067265,50.0,8.276695628123655,8.185933217488602,8.086185777741049,8.114573701811295,12.0,EarlyLifeInstability,Defective,False
C005394,B11,Logic_IC,CH-03,24.13,125.0,45.39,8.45918612986813,8.832307052226662,12.258333424939464,18.42647715844275,50.0,7.888077049330361,7.908505878908132,8.05074566737022,8.189170780848487,12.0,SuddenAnomaly,Defective,False
C005400,B11,Logic_IC,CH-03,24.13,125.0,45.39,11.302530157903956,11.689885852365435,13.156129291433045,14.77651257063248,50.0,7.921529880117469,8.007300584832974,8.362480211174924,8.75959182972771,12.0,GradualDrift,Defective,False
C005401,B11,Logic_IC,CH-03,24.13,125.0,45.39,9.89248458031903,11.949427445516742,17.392193555494696,23.3794255437598,50.0,8.4942058096955,8.715821513098243,9.507172027081788,10.348468334663112,12.0,RapidDrift,Defective,False
C005406,B11,Logic_IC,CH-03,24.13,125.0,45.39,8.552051602962855,13.547346507004349,29.97817929852499,46.80307738996439,50.0,8.062332710194132,8.302383155106245,8.889010486805386,9.525307035771664,12.0,NearLimitDrift,Defective,False
C005408,B11,Logic_IC,CH-03,24.13,125.0,45.39,11.081261901564169,12.114999572112342,15.04552720836424,18.331632047609485,50.0,8.306114353764249,8.512978456786598,9.026606388341566,9.541384296190367,12.0,GradualDrift,Defective,False
C005418,B11,Logic_IC,CH-03,24.13,125.0,45.39,10.665136817571918,15.645935499185487,31.188365236840337,47.101188499587366,50.0,7.906940986645906,8.028416016129682,8.42231422247057,8.75170651358344,12.0,NearLimitDrift,Defective,False
C005424,B11,Logic_IC,CH-03,24.13,125.0,45.39,10.288225316227718,11.77481638416727,16.956192455515534,22.03137441370724,50.0,7.640145755176012,7.862274092398607,8.365567354896863,8.9064215613992,12.0,RapidDrift,Defective,False
C005425,B11,Logic_IC,CH-03,24.13,125.0,45.39,10.267756249500133,12.461471809031114,19.009916384775583,26.16884604145171,50.0,8.335971178201534,8.596557859013933,8.96847864520692,9.41226300733156,12.0,RapidDrift,Defective,False
C005426,B11,Logic_IC,CH-03,24.13,125.0,45.39,9.74840203127113,10.774230488536777,13.518604424421923,16.45692276572022,50.0,7.88272328393666,8.064797491783942,8.679138095001273,9.223303385006815,12.0,GradualDrift,Defective,False
C005431,B11,Logic_IC,CH-03,24.13,125.0,45.39,8.75541228256246,9.563835126256354,12.423034399651502,15.454424143170185,50.0,8.08937856194803,8.180405040285708,8.346343095704801,8.534589537118581,12.0,GradualDrift,Defective,False
C005432,B11,Logic_IC,CH-03,24.13,125.0,45.39,9.880701655675084,10.680493728788674,13.315927426893571,15.7900684274028,50.0,8.207795338355726,8.290006197898277,8.68127203279481,9.0935753984184,12.0,GradualDrift,Defective,False
C005441,B11,Logic_IC,CH-03,24.13,125.0,45.39,9.894795649675206,9.931328046633956,16.518445353641663,10.8652236661936,50.0,7.74454673368301,7.749174795553831,7.838531989089811,7.92371438297516,12.0,NonMonotonicAnomaly,Defective,False
C005442,B11,Logic_IC,CH-03,24.13,125.0,45.39,10.285844866009398,10.388377404720394,17.00478077747837,11.728503534645297,50.0,8.379958291014967,8.415964617128283,8.429471269119649,8.44785601860017,12.0,NonMonotonicAnomaly,Defective,False
C005447,B11,Logic_IC,CH-03,24.13,125.0,45.39,10.26875231490714,11.218583707181525,14.475743654310314,17.630090841077372,50.0,8.020474575058817,8.153616286521544,8.557068059274016,8.97944484340495,12.0,GradualDrift,Defective,False
C005449,B11,Logic_IC,CH-03,24.13,125.0,45.39,13.613503921089052,11.716371772752591,10.700366271396549,10.460491681209763,50.0,8.370996908603068,8.247195824168811,8.132499839451517,8.06919773192733,12.0,EarlyLifeInstability,Defective,False
C005451,B11,Logic_IC,CH-03,24.13,125.0,45.39,11.1398995214802,11.869934110960187,14.032161635117443,16.344729110747576,50.0,7.907089807153715,8.01664103006982,8.377591499456702,8.715113832125494,12.0,GradualDrift,Defective,False
C005459,B11,Logic_IC,CH-03,24.13,125.0,45.39,10.48173672035926,10.444843045231966,14.424798669722987,22.465496066099,50.0,7.952493788037418,8.003691754842107,8.135353729637941,8.29915429116159,12.0,SuddenAnomaly,Defective,False
C005460,B11,Logic_IC,CH-03,24.13,125.0,45.39,9.80986891926461,10.685959888487258,13.41289668122657,16.135033639422975,50.0,7.758013776497657,7.826898258945878,7.973065820390155,8.109640241736388,12.0,GradualDrift,Defective,False
C005461,B11,Logic_IC,CH-03,24.13,125.0,45.39,9.96733214195617,10.22997399421705,15.468899323486871,11.266342356180289,50.0,8.253126018363227,8.289919700605058,8.362943921027972,8.468584962189219,12.0,NonMonotonicAnomaly,Defective,False
C005463,B11,Logic_IC,CH-03,24.13,125.0,45.39,10.764498653604337,12.56735190936027,15.789386778932968,19.98673439987889,50.0,7.467232355238127,7.5589336162912995,8.025590943119667,8.464707693454667,12.0,RapidDrift,Defective,False
C005469,B11,Logic_IC,CH-03,24.13,125.0,45.39,9.59338326986518,10.561307100149923,13.480261777018438,16.500796027355523,50.0,,7.946744345628445,8.136983078268786,8.3446927519763,12.0,GradualDrift,Defective,False
C005471,B11,Logic_IC,CH-03,24.13,125.0,45.39,9.493928753413254,10.28361759119129,12.899800048089991,15.409084974158809,50.0,7.809418330161813,7.934842754323951,8.477909272799417,8.947797514996104,12.0,GradualDrift,Defective,False
C005474,B11,Logic_IC,CH-03,24.13,125.0,45.39,14.07942896647246,12.1363833481704,10.252773083212888,10.244438816524916,50.0,7.972105991267853,7.867114697380636,7.772687791027167,7.791916496448232,12.0,EarlyLifeInstability,Defective,False
C005478,B11,Logic_IC,CH-03,24.13,125.0,45.39,12.191792583281554,11.079764087919472,10.270674244562874,10.39644138559785,50.0,7.926411503957095,7.865733547095383,7.729302126120282,7.707922465275259,12.0,EarlyLifeInstability,Defective,False
C005480,B11,Logic_IC,CH-03,24.13,125.0,45.39,10.1549660447313,11.257031308953536,14.405569979048687,17.632344572289256,50.0,8.120202393437355,8.219888097013527,8.578133722737187,8.927514358714067,12.0,GradualDrift,Defective,False
C005482,B11,Logic_IC,CH-03,24.13,125.0,45.39,9.2075532749633,10.728459126083994,14.959095637858578,19.41327421695942,50.0,7.984695690524927,8.165053591365142,8.984054443607777,9.758883594272788,12.0,RapidDrift,Defective,False
C005485,B11,Logic_IC,CH-03,24.13,125.0,45.39,9.659639868522836,10.390306411651837,12.504880119727602,14.800171902941948,50.0,8.136530503162529,8.26760713189873,8.668566398217026,9.13483543343336,12.0,GradualDrift,Defective,False
C005488,B11,Logic_IC,CH-03,24.13,125.0,45.39,10.456956902951378,10.961004397754367,12.707836164496662,14.381954680160998,50.0,7.072676609804438,7.132205872341483,7.313132842593591,7.59647774151188,12.0,GradualDrift,Defective,False
C005492,B11,Logic_IC,CH-03,24.13,125.0,45.39,10.380298953288971,11.312549318850929,14.413782419061429,17.334717976344113,50.0,8.470003758671966,8.533560764191355,8.774989219634296,9.031005137567858,12.0,GradualDrift,Defective,False
C005504,B12,MixedSignal,CH-04,25.52,110.0,41.24,13.626239549241117,14.728086846786711,18.081442565372107,21.723659379766097,50.0,9.592100324294467,9.660714209553166,9.900037356444155,10.15041422585349,12.0,GradualDrift,Defective,False
C005517,B12,MixedSignal,CH-04,25.52,110.0,41.24,11.71761277903843,11.91332379174756,15.197406442085638,30.09946760783756,50.0,9.562600602255412,9.576341437489685,9.700997287865366,9.792250760458764,12.0,SuddenAnomaly,Defective,False
C005525,B12,MixedSignal,CH-04,25.52,110.0,41.24,11.868240149785928,12.109449614975954,16.20285944153325,21.13825641660594,50.0,9.902062532584129,9.91580421009589,10.03634781247624,10.151582040082989,12.0,SuddenAnomaly,Defective,False
C005528,B12,MixedSignal,CH-04,25.52,110.0,41.24,12.07070927748874,13.211385720788284,16.744473499190168,20.24915654052505,50.0,9.136172152130976,9.254291551281035,9.580597802927464,9.871891169055717,12.0,GradualDrift,Defective,False
C005532,B12,MixedSignal,CH-04,25.52,110.0,41.24,15.017077670185271,16.70763389548156,21.741663439865068,27.51242062433251,50.0,9.360387329282096,9.45199667719246,9.901835141587672,10.524263289841828,12.0,RapidDrift,Defective,False
C005536,B12,MixedSignal,CH-04,25.52,110.0,41.24,16.647290884235378,14.613607567302036,13.7901771040123,13.688949407690837,50.0,10.170807219650731,10.08985886340692,10.016905379272329,10.018094641845348,12.0,EarlyLifeInstability,Defective,False
C005539,B12,MixedSignal,CH-04,25.52,110.0,41.24,13.893687790684602,14.461833571372525,16.323849064882182,18.22206097518543,50.0,9.40351456533701,9.565271328764036,9.914807992050244,10.272630324409402,12.0,GradualDrift,Defective,False
C005542,B12,MixedSignal,CH-04,25.52,110.0,41.24,13.060541292134,13.880482229502457,15.998664003035053,17.93467035168872,50.0,9.13566981755815,9.278628777447762,9.752118880651963,10.240186797359163,12.0,GradualDrift,Defective,False
C005544,B12,MixedSignal,CH-04,25.52,110.0,41.24,13.9228398794662,14.144369885061453,24.68016534351693,15.380736279219176,50.0,9.480109406559082,9.491448678177154,9.54875587575644,9.673594340198292,12.0,NonMonotonicAnomaly,Defective,False
C005547,B12,MixedSignal,CH-04,25.52,110.0,41.24,18.89051235562184,17.134717478335556,15.086777503800784,14.71346297902997,50.0,10.036786494253883,9.900229828375346,9.82935118859603,9.748252213427248,12.0,EarlyLifeInstability,Defective,False
C005557,B12,MixedSignal,CH-04,25.52,110.0,41.24,14.920467581727786,16.10705762800859,19.69729796456287,23.23841290298068,50.0,9.85042042062104,10.02967784310411,10.513916153936544,11.01661295058342,12.0,GradualDrift,Defective,False
C005559,B12,MixedSignal,CH-04,25.52,110.0,41.24,13.48072716321844,14.098883173512377,16.36827706244848,18.675815119254885,50.0,10.238327473224812,10.33079352603498,10.582015880397863,10.8713816284623,12.0,GradualDrift,Defective,False
C005565,B12,MixedSignal,CH-04,25.52,110.0,41.24,13.65433001781554,17.944501132580832,29.9600045914956,43.01355762065684,50.0,10.042241026950276,10.16940463680312,10.52866740929758,10.813193163571906,12.0,NearLimitDrift,Defective,False
C005567,B12,MixedSignal,CH-04,25.52,110.0,41.24,13.909936088528324,14.616096061851914,16.824416719435114,18.90033433979232,50.0,9.443150871159274,9.491470458780723,9.700816794899245,9.920006948843664,12.0,GradualDrift,Defective,False
C005568,B12,MixedSignal,CH-04,25.52,110.0,41.24,13.069466208807738,15.289202127265794,21.183507447609887,27.441783613315184,50.0,9.449302690546602,9.5590544697725,9.877288262937876,10.176802691424758,12.0,RapidDrift,Defective,False
C005574,B12,MixedSignal,CH-04,25.52,110.0,41.24,13.487995681837075,14.517413390650772,18.47294453570167,22.437937063661217,50.0,9.451007623143596,9.755411991312554,10.445214222935824,11.112379244712852,12.0,RapidDrift,Defective,False
C005579,B12,MixedSignal,CH-04,25.52,110.0,41.24,16.082831090787057,14.794418181872594,13.371377694023993,13.397256215548772,50.0,10.329358399017543,10.186885005660356,10.08773150919834,10.136659911121724,12.0,EarlyLifeInstability,Defective,False
C005611,B12,MixedSignal,CH-04,25.52,110.0,41.24,14.166508120000309,17.79584467446098,28.3644243869558,39.779804257546914,50.0,10.026684814201436,10.095404652147772,10.332904542652756,10.547371182958662,12.0,NearLimitDrift,Defective,False
C005617,B12,MixedSignal,CH-04,25.52,110.0,41.24,14.083145710317678,15.014315013003843,17.362643429364212,19.65589046556976,50.0,9.799189888562177,9.906874294045236,10.248101840782244,10.581414143359012,12.0,GradualDrift,Defective,False
C005618,B12,MixedSignal,CH-04,25.52,110.0,41.24,14.154546989923462,14.363314934920574,24.50348962863163,15.40033796970554,50.0,9.606664053683875,9.604898044036638,9.815716913262138,10.03057645026592,12.0,NonMonotonicAnomaly,Defective,False
C005619,B12,MixedSignal,CH-04,25.52,110.0,41.24,11.375135636875283,11.436486125899345,17.77983277165246,12.633661761529403,50.0,10.397389970728208,10.433331636694255,10.52870097007161,10.642000390638684,12.0,NonMonotonicAnomaly,Defective,False
C005621,B12,MixedSignal,CH-04,25.52,110.0,41.24,14.124888807252413,15.066252756783417,17.862879093726708,20.431048689130336,50.0,9.014767503279916,9.076023919691458,9.317241028341742,9.585671319602838,12.0,GradualDrift,Defective,False
C005624,B12,MixedSignal,CH-04,25.52,110.0,41.24,12.272077667779005,13.889060184168056,19.07373840907501,25.1755796496928,50.0,10.240392827601992,10.447666308237627,11.2452261214688,11.916624186624372,12.0,RapidDrift,Defective,False
C005628,B12,MixedSignal,CH-04,25.52,110.0,41.24,12.955891043794836,13.03972892504384,22.564651031359887,13.552220239398546,50.0,9.722482306014522,9.772338887183196,9.755466482100651,9.81795836719484,12.0,NonMonotonicAnomaly,Defective,False
C005633,B12,MixedSignal,CH-04,25.52,110.0,41.24,15.008284747113398,12.61291087550939,11.476238375380008,11.051927040831275,50.0,10.166986487235308,9.962539522249054,9.906344672441872,9.952992732575296,12.0,EarlyLifeInstability,Defective,False
C005639,B12,MixedSignal,CH-04,25.52,110.0,41.24,13.24581067583934,14.132526213607772,16.389903589739262,18.5944523249954,50.0,9.876005416477268,9.934336035856278,10.082147734820955,10.236275589136508,12.0,GradualDrift,Defective,False
C005660,B12,MixedSignal,CH-04,25.52,110.0,41.24,13.687846673418845,13.959572916333594,18.584825965264056,14.599166011997388,50.0,9.322356094159792,9.39103318696537,9.50148143025097,9.552026625603665,12.0,NonMonotonicAnomaly,Defective,False
C005668,B12,MixedSignal,CH-04,25.52,110.0,41.24,15.80369146728885,14.396877990385995,13.22553410980018,13.230280478765357,50.0,9.63818426805207,9.419375467601473,9.429791618654576,9.371217267159658,12.0,EarlyLifeInstability,Defective,False
C005669,B12,MixedSignal,CH-04,25.52,110.0,41.24,13.587941170111476,17.939302814247437,31.082626176629766,45.14786712302609,50.0,9.651892183074844,9.827081821254106,10.391254683168878,10.985175105567054,12.0,NearLimitDrift,Defective,False
C005675,B12,MixedSignal,CH-04,25.52,110.0,41.24,14.08273735389007,14.942760311905866,17.122738764221626,19.40849687306104,50.0,9.87955623711716,10.043259407947302,10.523776850562866,11.013606056832046,12.0,GradualDrift,Defective,False
C005677,B12,MixedSignal,CH-04,25.52,110.0,41.24,13.649246764886962,14.56511821651958,17.23998522595884,20.145207233980337,50.0,,10.529069279632573,11.03182416780064,11.514668777370137,12.0,GradualDrift,Defective,False
C005681,B12,MixedSignal,CH-04,25.52,110.0,41.24,15.21030572696212,16.51459757165176,21.77305220393897,26.699587267168287,50.0,10.150315882011776,10.312371959984548,10.76962507959166,11.110160889561165,12.0,RapidDrift,Defective,False
C005683,B12,MixedSignal,CH-04,25.52,110.0,41.24,11.999730370341718,12.962774591916636,15.51528680954365,18.169473597179007,50.0,9.81121565275595,9.930778109836492,10.304886939495049,10.646778366290148,12.0,GradualDrift,Defective,False
C005690,B12,MixedSignal,CH-04,25.52,110.0,41.24,13.629258812371626,15.170640726411255,20.302092529678603,25.3289046936583,50.0,9.268124801289348,9.426865967376672,9.685014105541244,9.999489032333177,12.0,RapidDrift,Defective,False
C005692,B12,MixedSignal,CH-04,25.52,110.0,41.24,14.286787320951191,18.257579277470445,29.56544292367496,41.98489898512128,50.0,10.081692871004863,10.247714007020267,10.81449249126583,11.36301511425979,12.0,NearLimitDrift,Defective,False
C005699,B12,MixedSignal,CH-04,25.52,110.0,41.24,14.480346878100136,15.626454072843954,18.983035905370564,22.628446882870488,50.0,9.811298558261186,9.933296882151854,10.318722090147538,10.666557984444538,12.0,GradualDrift,Defective,False
C005700,B12,MixedSignal,CH-04,25.52,110.0,41.24,13.666360970106318,14.616359577259388,17.4826107513558,20.046698820563524,50.0,9.675116550172254,9.870637591004682,10.45524416800584,11.051122090877412,12.0,GradualDrift,Defective,False
C005707,B12,MixedSignal,CH-04,25.52,110.0,41.24,13.333582995817045,14.526076743260834,18.12558016471031,21.58383243948317,50.0,10.06491779738216,10.249444684154886,10.75038136894764,11.280668689280226,12.0,GradualDrift,Defective,False
C005710,B12,MixedSignal,CH-04,25.52,110.0,41.24,14.017280628723768,15.181918397258697,18.91367136561772,22.609406656209945,50.0,9.525734295417562,9.601973524417716,9.871403647692231,10.150478207369218,12.0,GradualDrift,Defective,False
C005719,B12,MixedSignal,CH-04,25.52,110.0,41.24,14.973102635718249,19.52892188000629,34.02416458752117,49.48158598062017,50.0,9.72990709292856,9.868406290421424,10.420496869864968,10.954832221823551,12.0,NearLimitDrift,Defective,False
C005723,B12,MixedSignal,CH-04,25.52,110.0,41.24,13.252105951385008,14.225730210897522,17.508075826661667,20.7243600494305,50.0,10.01761490774398,10.20707706785213,10.7631531356092,11.372513884552127,12.0,GradualDrift,Defective,False
C005724,B12,MixedSignal,CH-04,25.52,110.0,41.24,11.72949604181214,12.18816834796978,13.862642341598272,15.32806263647362,50.0,9.704305655673538,9.75643141623772,9.888894367238944,10.022890749414175,12.0,GradualDrift,Defective,False
C005727,B12,MixedSignal,CH-04,25.52,110.0,41.24,12.630133332732417,13.6014098565001,16.167134668111782,18.410681471800043,50.0,9.893444523264488,10.083215435733266,10.61911633400106,11.170832291004318,12.0,GradualDrift,Defective,False
C005730,B12,MixedSignal,CH-04,25.52,110.0,41.24,14.92033152497536,15.50538124822588,17.09949587401352,18.68291530825054,50.0,9.775325124814644,9.922718903588423,10.38437756783808,10.898640242254634,12.0,GradualDrift,Defective,False
C005745,B12,MixedSignal,CH-04,25.52,110.0,41.24,,13.299633416163925,15.6219452522778,18.07887364923161,50.0,10.202684116435238,10.303068830505604,10.570719731811172,10.868522294560677,12.0,GradualDrift,Defective,False
C005747,B12,MixedSignal,CH-04,25.52,110.0,41.24,14.514993713190972,18.77781021114587,30.639880293417303,43.934787037853255,50.0,9.450663122526905,9.525499173130855,9.82161845845736,10.148228161567276,12.0,NearLimitDrift,Defective,False
C005749,B12,MixedSignal,CH-04,25.52,110.0,41.24,12.94274885310326,16.934056588226866,28.03205677106443,39.95206428981895,50.0,9.487170692608716,9.58479944564655,9.870194209453231,10.20234668142244,12.0,NearLimitDrift,Defective,False
C005753,B12,MixedSignal,CH-04,25.52,110.0,41.24,12.23207230577274,12.260083869703877,18.8154978328746,12.977683267000106,50.0,10.166611432743208,10.183624489153232,10.295495816065342,10.416261258124209,12.0,NonMonotonicAnomaly,Defective,False
C005754,B12,MixedSignal,CH-04,25.52,110.0,41.24,14.345041477822782,16.268844664250665,22.695812894984225,29.11661647091045,50.0,9.840633176083193,10.016646855641463,10.307201102321152,10.56389770098655,12.0,RapidDrift,Defective,False
C005758,B12,MixedSignal,CH-04,25.52,110.0,41.24,14.068607515251884,14.990479894956987,18.308671781254088,,50.0,9.456552275854014,9.560916853744192,9.923631553798096,10.271831053221373,12.0,GradualDrift,Defective,False
C005760,B12,MixedSignal,CH-04,25.52,110.0,41.24,13.992903984888695,18.41653884130133,31.56570168738576,45.15471652202568,50.0,9.723795754188234,9.795358490417897,10.074695463315596,10.345295066884631,12.0,NearLimitDrift,Defective,False
C005767,B12,MixedSignal,CH-04,25.52,110.0,41.24,12.113571105847637,16.7621689235316,28.38732108947732,41.30092726636519,50.0,9.487779968898533,9.562172076493107,9.840389476442828,10.078257463467912,12.0,NearLimitDrift,Defective,False
C005771,B12,MixedSignal,CH-04,25.52,110.0,41.24,12.825825621519552,12.839520880933549,16.974222072902812,30.453370427395377,50.0,9.762277191028415,9.786415543897755,9.874151860568922,9.952674689088164,12.0,SuddenAnomaly,Defective,False
C005774,B12,MixedSignal,CH-04,25.52,110.0,41.24,12.393609933880372,13.142148701533888,15.776932242889858,18.37440129527479,50.0,9.562788204132426,9.654438582306652,9.967743721449253,10.299506824445295,12.0,GradualDrift,Defective,False
C005776,B12,MixedSignal,CH-04,25.52,110.0,41.24,14.013025834542344,18.552234315574648,32.35839698689955,46.51500441948077,50.0,9.73706868350042,9.85937710423993,10.258460747012109,10.700468505343364,12.0,NearLimitDrift,Defective,False
C005777,B12,MixedSignal,CH-04,25.52,110.0,41.24,12.104015633380683,13.27571623981549,16.819286021961535,20.371359113184138,50.0,9.80139728405888,9.997962327526675,10.496561627194218,11.03260617530782,12.0,GradualDrift,Defective,False
C005783,B12,MixedSignal,CH-04,25.52,110.0,41.24,12.837983491814729,13.464447402973493,15.113341652397876,16.700475949944057,50.0,10.271135345127837,10.319669395343436,10.513076336031446,10.709478128854828,12.0,GradualDrift,Defective,False
C005790,B12,MixedSignal,CH-04,25.52,110.0,41.24,16.106567514308452,19.36958746228736,30.84125095968136,42.67037477204888,50.0,9.960296336166358,10.100178271281097,10.634785945947286,11.126602469988876,12.0,NearLimitDrift,Defective,False
C005793,B12,MixedSignal,CH-04,25.52,110.0,41.24,13.731315552818907,14.342704338437745,15.99303662882209,18.33905457563248,50.0,9.67776523489505,9.813734142971652,10.220043670553697,10.557689710776716,12.0,GradualDrift,Defective,False
C005796,B12,MixedSignal,CH-04,25.52,110.0,41.24,13.73549715838857,14.57640675325428,16.278103812478278,18.152971575261382,50.0,9.571736680463156,9.652515724038986,9.826828500535704,10.024813198320912,12.0,GradualDrift,Defective,False
C005798,B12,MixedSignal,CH-04,25.52,110.0,41.24,14.6768532897275,14.603242933445024,18.794191125939008,26.1284116278166,50.0,9.915941339972436,9.93135813367353,10.07747645968405,10.175284936457173,12.0,SuddenAnomaly,Defective,False
C005803,B12,MixedSignal,CH-04,25.52,110.0,41.24,10.151463591990415,11.257824196626448,14.904711969575096,18.50836341291315,50.0,10.24340482643068,10.38981400492571,10.877978300912922,11.30841777086325,12.0,GradualDrift,Defective,False
C005805,B12,MixedSignal,CH-04,25.52,110.0,41.24,13.27679566510144,13.299280957707955,16.46589079496252,26.683615957632405,50.0,9.83919272139138,9.846364848740626,9.841998492269802,9.882051858069197,12.0,SuddenAnomaly,Defective,False
C005806,B12,MixedSignal,CH-04,25.52,110.0,41.24,15.69313189140389,14.266214862989091,13.269139649742636,12.775493865351525,50.0,10.001114594968987,9.868191288608616,9.744988836230307,9.771211474044904,12.0,EarlyLifeInstability,Defective,False
C005809,B12,MixedSignal,CH-04,25.52,110.0,41.24,15.125842618082608,15.102815155824308,18.13283639044016,22.79772649548628,50.0,9.05470608619308,9.108044998901924,9.138708606072973,9.18274276689796,12.0,SuddenAnomaly,Defective,False
C005811,B12,MixedSignal,CH-04,25.52,110.0,41.24,16.021860866810655,16.718111318816845,18.32630718854689,20.216341789360367,50.0,10.00767134506168,10.148977807510784,10.68089551418702,11.18715691752896,12.0,GradualDrift,Defective,False
C005824,B12,MixedSignal,CH-04,25.52,110.0,41.24,13.038217366438856,15.283968560215357,21.06461560725995,27.182009501927244,50.0,10.006893072078608,10.072315891099326,10.59958943316733,10.973752257308243,12.0,RapidDrift,Defective,False
C005827,B12,MixedSignal,CH-04,25.52,110.0,41.24,13.47001163885396,14.270554255186822,15.901832221215146,17.67741437821456,50.0,9.852744715077709,9.920715660818589,10.223451537995224,10.501600049156274,12.0,GradualDrift,Defective,False
C005833,B12,MixedSignal,CH-04,25.52,110.0,41.24,14.40988270578296,15.170622329594131,17.331629849496856,19.64789868771573,50.0,9.354569962481053,9.45948992576739,9.937899619442923,10.338880565798062,12.0,GradualDrift,Defective,False
C005840,B12,MixedSignal,CH-04,25.52,110.0,41.24,11.840975242651938,12.801564429518653,15.59499720603832,18.32602420525039,50.0,9.959240263562627,10.102189710082367,10.5109807107823,10.933679501553282,12.0,GradualDrift,Defective,False
C005841,B12,MixedSignal,CH-04,25.52,110.0,41.24,13.144646820727369,13.49829005140354,16.55197503507965,28.86561755777153,50.0,9.914095062934194,9.922525908417294,9.965120615047466,10.030758140832113,12.0,SuddenAnomaly,Defective,False
C005842,B12,MixedSignal,CH-04,25.52,110.0,41.24,14.311434680126233,16.5267435304424,23.145736339957,29.74386178663956,50.0,9.786436546932276,9.988924229983622,10.597404975235792,11.196801721850834,12.0,RapidDrift,Defective,False
C005843,B12,MixedSignal,CH-04,25.52,110.0,41.24,14.04877183594399,14.711377582792403,16.865297809336553,18.72294709873332,50.0,9.42139522094856,9.54207933019768,10.055431198043197,10.530899032064776,12.0,GradualDrift,Defective,False
C005852,B12,MixedSignal,CH-04,25.52,110.0,41.24,13.63510160298294,14.724527525550812,18.164835710216146,21.50980686594582,50.0,10.127329593535736,10.272149460172814,10.744532958914071,11.192245077399267,12.0,GradualDrift,Defective,False
C005854,B12,MixedSignal,CH-04,25.52,110.0,41.24,12.895070328559278,14.098302214926964,17.631232009395337,21.23204400843584,50.0,9.832238832669438,9.980043669421995,10.34534532064062,10.651065727159567,12.0,GradualDrift,Defective,False
C005865,B12,MixedSignal,CH-04,25.52,110.0,41.24,14.168657993329436,15.392382566043164,18.560545707484547,21.76508181749854,50.0,9.587649822812535,9.684132927545823,9.96304552872919,10.299736481757648,12.0,GradualDrift,Defective,False
C005869,B12,MixedSignal,CH-04,25.52,110.0,41.24,13.914563738202094,15.240991140583178,18.82482302191524,22.708486171570843,50.0,9.58537848412852,9.698773922253132,9.969308928816266,10.187116025204832,12.0,GradualDrift,Defective,False
C005873,B12,MixedSignal,CH-04,25.52,110.0,41.24,12.337289652965204,12.97143230382726,15.555756827164675,18.234863216823943,50.0,10.1895727713937,10.282648828308703,10.480313077167706,10.657493377350685,12.0,GradualDrift,Defective,False
C005878,B12,MixedSignal,CH-04,25.52,110.0,41.24,13.565617526544344,13.599671962818809,15.442135908986216,31.79476108300663,50.0,9.741236978312736,9.78337499297706,9.84447444041884,9.905640911128938,12.0,SuddenAnomaly,Defective,False
C005881,B12,MixedSignal,CH-04,25.52,110.0,41.24,13.741554136673326,13.941470177129704,17.479757919496386,31.390042677459306,50.0,10.25004268371536,10.251193549982672,10.389593390002082,10.527184436117665,12.0,SuddenAnomaly,Defective,False
C005882,B12,MixedSignal,CH-04,25.52,110.0,41.24,13.81775384407086,14.59217706671732,16.985192742184417,19.445949570654776,50.0,8.919932104566895,9.040067810603318,9.408002471883984,9.850569963182185,12.0,GradualDrift,Defective,False
C005894,B12,MixedSignal,CH-04,25.52,110.0,41.24,12.709651475815196,13.782735739960684,17.19263469390519,21.377227623145288,50.0,10.24517288262237,10.481084488754924,11.300171838476375,11.978629833404293,12.0,RapidDrift,Defective,False
C005900,B12,MixedSignal,CH-04,25.52,110.0,41.24,14.29563605666573,14.475390952865125,16.67299566808106,27.052084953706743,50.0,9.577999931025934,9.63782880470943,9.76758731832217,9.914801883704552,12.0,SuddenAnomaly,Defective,False
C005903,B12,MixedSignal,CH-04,25.52,110.0,41.24,13.134564429463897,17.156392346816617,30.522843704423323,44.88026185549675,50.0,9.37777685021475,9.46791643808111,9.78265354114229,10.069007086332777,12.0,NearLimitDrift,Defective,False
C005910,B12,MixedSignal,CH-04,25.52,110.0,41.24,13.717894266254854,14.01159135787967,16.556183576359683,30.18165612082464,50.0,9.716657703646124,9.716065487508668,9.753547303806688,9.807137798790242,12.0,SuddenAnomaly,Defective,False
C005912,B12,MixedSignal,CH-04,25.52,110.0,41.24,12.368506721677658,14.513351337693432,20.42228925246524,26.927159773630823,50.0,9.302992891421548,9.435383494321108,9.902235926122746,10.432964328437365,12.0,RapidDrift,Defective,False
C005913,B12,MixedSignal,CH-04,25.52,110.0,41.24,15.29435377004898,15.431209197913509,17.975859339558234,33.77513874915044,50.0,9.766603183877828,9.781562471427982,9.813319208371622,9.84088722897742,12.0,SuddenAnomaly,Defective,False
C005915,B12,MixedSignal,CH-04,25.52,110.0,41.24,14.78051835225054,15.593218068815856,18.145628064977004,20.66183632221519,50.0,9.786691260467366,,10.120040478648574,10.287673690515712,12.0,GradualDrift,Defective,False
C005918,B12,MixedSignal,CH-04,25.52,110.0,41.24,12.112125251927544,13.018894989125329,16.210559744141793,19.41618559183948,50.0,9.120324241352526,9.24709617610404,9.701482519672489,10.145572465221154,12.0,GradualDrift,Defective,False
C005929,B12,MixedSignal,CH-04,25.52,110.0,41.24,13.281366226190716,13.885726211135037,15.498716524311211,16.91896058278645,50.0,9.79295156994625,9.904186380428657,10.252899640079638,10.558715732281456,12.0,GradualDrift,Defective,False
C005931,B12,MixedSignal,CH-04,25.52,110.0,41.24,11.833771231358146,12.743154054496308,15.924374284278114,19.105067652636293,50.0,9.545302350137652,9.70249893740695,10.158847393771152,10.558080580307523,12.0,GradualDrift,Defective,False
C005939,B12,MixedSignal,CH-04,25.52,110.0,41.24,14.001338231776714,14.640146238137005,16.98710134915856,19.321332079038456,50.0,9.289319828041467,9.404196817803278,9.94433417353829,10.449770940118094,12.0,GradualDrift,Defective,False
C005940,B12,MixedSignal,CH-04,25.52,110.0,41.24,13.893941982089824,14.400790790566084,15.940356488326255,17.60457551860238,50.0,9.857043829257726,9.932905247407016,10.16808962788457,10.420865921525255,12.0,GradualDrift,Defective,False
C005941,B12,MixedSignal,CH-04,25.52,110.0,41.24,14.144341035047155,14.45877905610372,21.56875177871943,15.674290898475096,50.0,9.306370897913853,9.305373387493976,9.38520178216488,9.478599268354897,12.0,NonMonotonicAnomaly,Defective,False
C005946,B12,MixedSignal,CH-04,25.52,110.0,41.24,14.046175420873125,14.261519281156508,20.831062557229785,15.008797573037192,50.0,9.6057458492923,9.642066799440649,9.851165260027129,10.003686995619413,12.0,NonMonotonicAnomaly,Defective,False
C005951,B12,MixedSignal,CH-04,25.52,110.0,41.24,18.152036327394743,15.519961901145152,14.49919587544804,14.185290584323091,50.0,10.152798896465471,9.986748083073762,9.970254820182932,9.977920108266956,12.0,EarlyLifeInstability,Defective,False
C005955,B12,MixedSignal,CH-04,25.52,110.0,41.24,13.248952667716628,13.771329449525997,15.667888582163137,17.56411703756131,50.0,10.024796576034316,10.16862382176642,10.60067962644012,10.989854766069428,12.0,GradualDrift,Defective,False
C005961,B12,MixedSignal,CH-04,25.52,110.0,41.24,12.302285648227835,14.343326385714684,20.5423949990052,27.40668117781382,50.0,9.602987215889796,9.745853951827694,10.163221151752092,10.515465823798804,12.0,RapidDrift,Defective,False
C005963,B12,MixedSignal,CH-04,25.52,110.0,41.24,15.747624228408704,14.126539661560717,13.392480437061778,13.260463758707402,50.0,9.34935914472602,9.284862106389443,9.187300755512473,9.16551228352108,12.0,EarlyLifeInstability,Defective,False
C005974,B12,MixedSignal,CH-04,25.52,110.0,41.24,14.928140550127516,18.191315587460945,30.25007612491366,42.24357180989953,50.0,9.833667284353805,10.010032395134516,10.497734477708864,10.9714418459745,12.0,NearLimitDrift,Defective,False
C005978,B12,MixedSignal,CH-04,25.52,110.0,41.24,18.92802782481151,16.944621800744038,15.732947219793672,15.494000589668667,50.0,9.988440586061442,9.858483295235477,9.810834254948652,9.780831749457954,12.0,EarlyLifeInstability,Defective,False
C005996,B12,MixedSignal,CH-04,25.52,110.0,41.24,13.222532973165045,16.957506277880093,28.81395480133306,41.34401672077224,50.0,10.214588928567228,10.306609097034672,10.6516605213652,10.940686361411933,12.0,NearLimitDrift,Defective,False
C005999,B12,MixedSignal,CH-04,25.52,110.0,41.24,12.792509913009471,16.72134802535002,28.196705623530946,40.45905253482886,50.0,9.305955444051364,9.524512958726367,10.141071803660566,10.78474140567057,12.0,NearLimitDrift,Defective,False
C006003,B13,Memory_IC,CH-04,25.88,120.0,50.08,15.5875782551362,13.10425984878279,12.204594469233944,11.864835956031868,50.0,9.581257130081273,9.425913278183067,9.384839299341111,9.357656778985998,12.0,EarlyLifeInstability,Defective,False
C006006,B13,Memory_IC,CH-04,25.88,120.0,50.08,14.403163680640755,13.066796150531378,11.881174496948663,,50.0,8.928651080330198,8.860103350939578,8.783660573160713,8.798700602089122,12.0,EarlyLifeInstability,Defective,False
C006007,B13,Memory_IC,CH-04,25.88,120.0,50.08,11.825582726074172,11.950288414327469,13.96193993819671,30.334549410387407,50.0,9.37236406071303,9.367671670337716,9.440915139660778,9.547018831228538,12.0,SuddenAnomaly,Defective,False
C006009,B13,Memory_IC,CH-04,25.88,120.0,50.08,11.001637348034947,11.18889929244551,17.60537874654883,12.182745769196838,50.0,9.785593835524402,9.800083311438136,9.858395244495002,9.931254068996214,12.0,NonMonotonicAnomaly,Defective,False
C006011,B13,Memory_IC,CH-04,25.88,120.0,50.08,12.488754788779746,12.575220891678493,20.081798148878462,12.624333895543549,50.0,9.343631327849945,9.405864779286311,9.54989668614214,9.678732617193416,12.0,NonMonotonicAnomaly,Defective,False
C006012,B13,Memory_IC,CH-04,25.88,120.0,50.08,11.695196608652902,10.680944704479582,9.716611427575447,9.67503420004406,50.0,9.527670735990068,9.331586243824498,9.273413131737298,9.258494300946651,12.0,EarlyLifeInstability,Defective,False
C006019,B13,Memory_IC,CH-04,25.88,120.0,50.08,11.668112872124215,12.244887851600506,13.875768053761124,15.677625208758933,50.0,8.973007903115361,9.108462364299209,9.447843861462069,9.7990550435345,12.0,GradualDrift,Defective,False
C006021,B13,Memory_IC,CH-04,25.88,120.0,50.08,10.4488756252136,11.747366348863828,15.171186413665838,18.75210388572887,50.0,9.50312382607123,9.629508709256982,9.98630826570202,10.409895544205929,12.0,GradualDrift,Defective,False
C006026,B13,Memory_IC,CH-04,25.88,120.0,50.08,12.13183025742225,12.19214277805002,21.43667493417051,13.254640651613908,50.0,9.44935636105002,9.47898135372187,9.607955657425178,9.672968323777496,12.0,NonMonotonicAnomaly,Defective,False
C006035,B13,Memory_IC,CH-04,25.88,120.0,50.08,11.965734293044893,12.10667622781394,16.765096461705348,12.435766610645228,50.0,8.627258151803245,8.661227663688903,8.750181839018726,8.81422919722883,12.0,NonMonotonicAnomaly,Defective,False
C006045,B13,Memory_IC,CH-04,25.88,120.0,50.08,16.768669932931097,14.841648190017596,13.277237269731303,12.578983940431035,50.0,9.723076271416977,9.561373082207076,9.470265586089718,9.390928064604328,12.0,EarlyLifeInstability,Defective,False
C006052,B13,Memory_IC,CH-04,25.88,120.0,50.08,12.233295290657638,12.451645320625914,22.070965517798093,13.182210381887913,50.0,8.59285633067051,8.602645664953,8.685482082778378,8.807195951119839,12.0,NonMonotonicAnomaly,Defective,False
C006054,B13,Memory_IC,CH-04,25.88,120.0,50.08,12.484440458028306,13.304154280844402,16.030712909429802,18.768901773356543,50.0,9.72791936601604,9.935929560468654,10.468667810768892,11.024610364585804,12.0,GradualDrift,Defective,False
C006055,B13,Memory_IC,CH-04,25.88,120.0,50.08,10.1185658609841,10.15961369559848,14.015027952552884,21.75899542906649,50.0,9.302356226061736,9.305747840342434,9.338317903623413,9.400652521711631,12.0,SuddenAnomaly,Defective,False
C006057,B13,Memory_IC,CH-04,25.88,120.0,50.08,13.0464362110195,13.432344330686906,14.823892974148274,16.51250652220619,50.0,9.471027846846006,9.633267872980156,10.097448830086089,10.58543589760706,12.0,GradualDrift,Defective,False
C006058,B13,Memory_IC,CH-04,25.88,120.0,50.08,13.006433308463864,13.077156672405572,18.45876154139816,13.830090197484449,50.0,9.416036052197091,9.414776912067545,9.422861299179804,9.442728151782571,12.0,NonMonotonicAnomaly,Defective,False
C006065,B13,Memory_IC,CH-04,25.88,120.0,50.08,12.13655562745048,12.81186299301447,14.90712913395333,17.250049898297238,50.0,8.92256523204539,9.024308226653972,9.447156408491065,9.850485352751132,12.0,GradualDrift,Defective,False
C006076,B13,Memory_IC,CH-04,25.88,120.0,50.08,11.852739417923427,12.69599075131342,15.65932149688243,18.59426216836524,50.0,9.274331841510106,9.347952922281598,9.518147322692563,9.705251430444443,12.0,GradualDrift,Defective,False
C006089,B13,Memory_IC,CH-04,25.88,120.0,50.08,11.689963443610774,11.994892025815988,14.8673611581937,26.42029964378859,50.0,9.5578149939208,9.576496243851263,9.661968823874291,9.726661816062096,12.0,SuddenAnomaly,Defective,False
C006103,B13,Memory_IC,CH-04,25.88,120.0,50.08,15.933314558481827,13.460362565746337,11.660842344180086,11.597873075865484,50.0,9.66691162798635,9.504071159569534,9.5084614558265,9.492735251199925,12.0,EarlyLifeInstability,Defective,False
C006104,B13,Memory_IC,CH-04,25.88,120.0,50.08,11.838630530709738,12.73888181617593,16.649105868941977,21.069724942603177,50.0,8.907898353725006,9.125733351609142,9.84845834626035,10.515793156155048,12.0,RapidDrift,Defective,False
C006105,B13,Memory_IC,CH-04,25.88,120.0,50.08,,12.808339904767909,14.10097563018926,15.47520803542165,50.0,8.620468444365677,8.696829162429664,8.953195902332222,9.14870973226057,12.0,GradualDrift,Defective,False
C006106,B13,Memory_IC,CH-04,25.88,120.0,50.08,14.527501217870755,12.879978298115896,11.846451259966562,11.62003585268716,50.0,9.930867204351632,9.745142249679953,9.685618175682388,9.751068850795257,12.0,EarlyLifeInstability,Defective,False
C006108,B13,Memory_IC,CH-04,25.88,120.0,50.08,13.13425848092821,13.330588932615154,15.921401667487135,22.72558006926291,50.0,9.486234174357092,9.481417253295511,9.498377947606508,9.5265779449914,12.0,SuddenAnomaly,Defective,False
C006118,B13,Memory_IC,CH-04,25.88,120.0,50.08,10.999008088632053,11.870286631342497,14.569203594732862,17.441924748751386,50.0,8.869459965393318,9.069217832315836,9.556164436375722,9.994379313539689,12.0,GradualDrift,Defective,False
C006122,B13,Memory_IC,CH-04,25.88,120.0,50.08,14.69967741256898,13.317522891639332,12.96094005094542,12.447314549278437,50.0,9.549445260519876,9.329464477433175,9.238307756248425,9.232203620188296,12.0,EarlyLifeInstability,Defective,False
C006127,B13,Memory_IC,CH-04,25.88,120.0,50.08,11.424042085994085,11.539133716667,15.137815122149522,26.08011423833677,50.0,9.317895924406926,9.384398290909674,9.462874394855612,9.541362734342552,12.0,SuddenAnomaly,Defective,False
C006130,B13,Memory_IC,CH-04,25.88,120.0,50.08,12.429316784492896,12.911785859367995,16.297567367083168,28.69775020961894,50.0,9.12340753017638,9.162590575517042,9.271185176225323,9.426718114509171,12.0,SuddenAnomaly,Defective,False
C006140,B13,Memory_IC,CH-04,25.88,120.0,50.08,13.113025167243135,14.133316852197536,16.775459307574202,19.549271913837533,50.0,9.182725133719524,9.286300751802552,9.489379998623082,9.658604089729335,12.0,GradualDrift,Defective,False
C006142,B13,Memory_IC,CH-04,25.88,120.0,50.08,12.36470051349603,12.738717659339764,20.15769104750552,13.744000294357845,50.0,8.945418292186732,8.92279442654974,8.934302539549165,8.911943900591728,12.0,NonMonotonicAnomaly,Defective,False
C006144,B13,Memory_IC,CH-04,25.88,120.0,50.08,11.205060663863446,12.5814876701272,16.192016615185373,19.94165511189173,50.0,9.161872336397044,9.259902252514058,9.449534983859865,9.69537057163443,12.0,GradualDrift,Defective,False
C006147,B13,Memory_IC,CH-04,25.88,120.0,50.08,11.956563980514506,13.038172352229235,16.28995963142718,19.6697308719407,50.0,9.399708864552998,9.51503802999912,9.941802233419963,10.372861585932588,12.0,GradualDrift,Defective,False
C006150,B13,Memory_IC,CH-04,25.88,120.0,50.08,10.711538231836348,11.02040693535205,13.912604420145245,23.893600177810285,50.0,9.302181528499744,9.264926346598187,9.290944685118246,9.377140306806869,12.0,SuddenAnomaly,Defective,False
C006154,B13,Memory_IC,CH-04,25.88,120.0,50.08,12.413349948010026,12.586649206116144,19.24050755461667,13.304478347039858,50.0,9.305729125077455,9.292423222037415,9.4091154410188,9.528022795016916,12.0,NonMonotonicAnomaly,Defective,False
C006155,B13,Memory_IC,CH-04,25.88,120.0,50.08,11.015434076408017,11.519952422486773,13.138884783197213,14.959954868094458,50.0,9.186980695397772,9.31348707504868,9.870675041194492,10.482513710037663,12.0,GradualDrift,Defective,False
C006165,B13,Memory_IC,CH-04,25.88,120.0,50.08,12.10867072518891,13.017263540787448,15.80729977324534,18.88795495839388,50.0,8.92468693047254,9.035781889370082,9.245567228893847,9.482147572174432,12.0,GradualDrift,Defective,False
C006172,B13,Memory_IC,CH-04,25.88,120.0,50.08,12.711152521694329,13.78278166068444,18.13364853168861,22.692012729920705,50.0,9.483192164144947,9.58968085867016,10.038834552872263,10.49095038372639,12.0,RapidDrift,Defective,False
C006176,B13,Memory_IC,CH-04,25.88,120.0,50.08,11.595477123271053,12.19563607236524,14.100553283238568,15.817003158166893,50.0,9.09481553577998,9.253389978491684,9.8069969300966,10.347522566941606,12.0,GradualDrift,Defective,False
C006183,B13,Memory_IC,CH-04,25.88,120.0,50.08,12.323587501344711,13.501936513570431,17.029770401829136,20.346041676896984,50.0,8.918596466236396,9.03802486235664,9.469452792987068,9.923165811130646,12.0,GradualDrift,Defective,False
C006184,B13,Memory_IC,CH-04,25.88,120.0,50.08,15.532068557535844,12.829720952239729,12.032971845482017,11.626023716040796,50.0,8.947769227206656,8.793425779217275,8.764721570489424,8.725135251371585,12.0,EarlyLifeInstability,Defective,False
C006185,B13,Memory_IC,CH-04,25.88,120.0,50.08,11.873380773933016,12.60857688428986,14.886920280675543,17.163139144385816,50.0,9.239355637517,9.45281247666409,10.027682035611614,10.57436829706338,12.0,GradualDrift,Defective,False
C006187,B13,Memory_IC,CH-04,25.88,120.0,50.08,12.553205236698362,13.41114851416251,16.133053581428005,19.06781631632008,50.0,8.883511008733612,8.971565275425192,9.168633509126764,9.32174450050242,12.0,GradualDrift,Defective,False
C006200,B13,Memory_IC,CH-04,25.88,120.0,50.08,13.719007536626457,17.217405678942136,28.26541127423311,,50.0,9.19747445982649,9.27031918249141,9.592389751802935,9.892177871072692,12.0,NearLimitDrift,Defective,False
C006205,B13,Memory_IC,CH-04,25.88,120.0,50.08,13.466463561648514,13.776000792036434,21.53320019994527,14.670589126377177,50.0,9.276507345551064,9.354749170228857,9.47033285078203,9.632790435605248,12.0,NonMonotonicAnomaly,Defective,False
C006206,B13,Memory_IC,CH-04,25.88,120.0,50.08,12.9118405050624,13.66701593377812,15.665770610366817,17.404254791675175,50.0,10.068865990026188,10.189803606953404,10.409377629750322,10.609450034362943,12.0,GradualDrift,Defective,False
C006210,B13,Memory_IC,CH-04,25.88,120.0,50.08,12.00341282427252,13.168354568823505,18.017490908608742,23.297450286098968,50.0,9.530879098606022,9.674838108390269,9.904136020649918,10.287537765121437,12.0,RapidDrift,Defective,False
C006212,B13,Memory_IC,CH-04,25.88,120.0,50.08,11.947716603461998,12.541717283174783,14.6303455010167,16.57890782557973,50.0,8.649551416437893,8.766563625229537,9.080419786540762,9.450836552881643,12.0,GradualDrift,Defective,False
C006215,B13,Memory_IC,CH-04,25.88,120.0,50.08,12.7276375566676,14.03815808086747,17.418849225828225,21.314046457301213,50.0,9.515084428567071,9.60050212265372,10.007684061101532,10.351171895598988,12.0,RapidDrift,Defective,False
C006217,B13,Memory_IC,CH-04,25.88,120.0,50.08,12.129005614354334,12.696945569025749,14.970688724437966,17.000212277852874,50.0,8.969371735873263,9.08986481792102,9.460588327278051,9.847007162312268,12.0,GradualDrift,Defective,False
C006220,B13,Memory_IC,CH-04,25.88,120.0,50.08,12.98635781248044,14.300974240013344,18.913007971858868,23.72722321653584,50.0,9.307310634730358,9.590643803033712,10.394520052587742,11.294801331581803,12.0,RapidDrift,Defective,False
C006226,B13,Memory_IC,CH-04,25.88,120.0,50.08,11.775643170055345,17.025734832278275,31.74861946014512,47.15177660998975,50.0,9.452267168623711,9.656224814949187,10.220039093119112,10.787405539935412,12.0,NearLimitDrift,Defective,False
C006234,B13,Memory_IC,CH-04,25.88,120.0,50.08,14.699713751131188,13.518853177328394,12.118225124567472,12.031972158049372,50.0,9.333482301234614,9.224426365659877,9.15270879412933,9.112666279959864,12.0,EarlyLifeInstability,Defective,False
C006236,B13,Memory_IC,CH-04,25.88,120.0,50.08,11.490762705766398,11.809472295218436,14.402666208534328,31.11475727865912,50.0,9.63564259407498,9.74463087583961,9.915009208462488,10.047001674172572,12.0,SuddenAnomaly,Defective,False
C006243,B13,Memory_IC,CH-04,25.88,120.0,50.08,11.912412177372603,13.679169341684386,18.76444530283597,23.698207456163644,50.0,9.441908054101283,9.746555890034182,10.689014002535226,11.56326421541214,12.0,RapidDrift,Defective,False
C006250,B13,Memory_IC,CH-04,25.88,120.0,50.08,10.5738922234422,10.78166323050376,14.34462664366115,25.41498311381852,50.0,9.701914447551149,9.696208750992954,9.710931203572017,9.77013194549076,12.0,SuddenAnomaly,Defective,False
C006252,B13,Memory_IC,CH-04,25.88,120.0,50.08,12.658338499297578,14.363466393535912,19.039332763291664,24.013777936681063,50.0,9.390958019845376,9.64944649282583,10.125246168575371,10.544661811274858,12.0,RapidDrift,Defective,False
C006259,B13,Memory_IC,CH-04,25.88,120.0,50.08,14.818231367416995,13.036355239637794,11.837358409101848,11.561663988018974,50.0,9.805578802004556,9.64430674563607,9.575266390409988,9.553629483342217,12.0,EarlyLifeInstability,Defective,False
C006260,B13,Memory_IC,CH-04,25.88,120.0,50.08,12.73725401811824,13.443078664768692,15.246756650055662,17.384361840568612,50.0,9.290624861319843,9.42512631554108,9.795004416910036,10.15829411505267,12.0,GradualDrift,Defective,False
C006266,B13,Memory_IC,CH-04,25.88,120.0,50.08,9.73164898322112,10.86711367104809,15.355116621391735,18.451764324392904,50.0,9.36097312074742,9.652703792027516,10.3933621588522,11.219664387345402,12.0,RapidDrift,Defective,False
C006274,B13,Memory_IC,CH-04,25.88,120.0,50.08,11.691394512332234,12.499527602616924,15.335298843445033,17.91131093047889,50.0,9.144721206632974,9.295977345657407,9.728522153495412,10.099171493079313,12.0,GradualDrift,Defective,False
C006281,B13,Memory_IC,CH-04,25.88,120.0,50.08,11.945854117050946,12.745387424123212,15.66664323400779,18.589504947216057,50.0,9.50951287535219,9.638788987755328,9.92799852365422,10.203258312418232,12.0,GradualDrift,Defective,False
C006284,B13,Memory_IC,CH-04,25.88,120.0,50.08,12.222034298526273,13.364748466480012,16.54792980572273,,50.0,9.49997859567042,9.591163384994152,9.853377830689602,10.105886494766196,12.0,GradualDrift,Defective,False
C006285,B13,Memory_IC,CH-04,25.88,120.0,50.08,13.373908091554556,11.753668312600846,11.28019421420141,10.984394556619169,50.0,9.704170856954413,9.509614946990744,9.449529598813829,9.399079731574266,12.0,EarlyLifeInstability,Defective,False
C006286,B13,Memory_IC,CH-04,25.88,120.0,50.08,12.761298870295546,13.535458010498072,15.617234955290863,17.63748009618971,50.0,9.39073127002248,9.54029193916401,9.88821508810469,10.250987891355566,12.0,GradualDrift,Defective,False
C006287,B13,Memory_IC,CH-04,25.88,120.0,50.08,11.912062257007506,12.756890027080807,16.95143458059658,20.736824180347327,50.0,9.516749250727813,9.77160883121266,10.62365261862315,11.496701147458538,12.0,RapidDrift,Defective,False
C006296,B13,Memory_IC,CH-04,25.88,120.0,50.08,11.699404650446844,13.404793127926068,18.764859052185688,24.28993412123808,50.0,9.558988833939187,9.6981146931183,10.177072374573196,10.585538251408142,12.0,RapidDrift,Defective,False
C006305,B13,Memory_IC,CH-04,25.88,120.0,50.08,13.004259736674474,13.345087434227503,17.76366757730472,25.36236775991536,50.0,9.429348163439023,9.466033463805292,9.59651202080047,9.699015920305088,12.0,SuddenAnomaly,Defective,False
C006312,B13,Memory_IC,CH-04,25.88,120.0,50.08,10.833012479444417,12.025031147172427,15.832231459890348,20.84096587492102,50.0,9.397982716323446,9.52646550292003,10.207108088496284,10.86703850341518,12.0,RapidDrift,Defective,False
C006313,B13,Memory_IC,CH-04,25.88,120.0,50.08,11.96403289299766,12.584364153732697,14.337994852075171,16.16158836169762,50.0,9.308679659915123,9.437488281091534,9.935515752883394,10.410347479428305,12.0,GradualDrift,Defective,False
C006314,B13,Memory_IC,CH-04,25.88,120.0,50.08,12.708830897914977,13.747479885080397,17.205225251380003,20.84529079093933,50.0,9.623607599403844,9.722439547832188,9.947943663391015,10.190482871892083,12.0,GradualDrift,Defective,False
C006315,B13,Memory_IC,CH-04,25.88,120.0,50.08,10.526348207504617,15.50531182533929,32.58478519853336,49.95484726677605,50.0,9.39125169956342,9.589910197619512,10.138517669062326,10.658735540593057,12.0,NearLimitDrift,Defective,False
C006320,B13,Memory_IC,CH-04,25.88,120.0,50.08,12.056401094624947,12.08223263865043,21.93912918676054,12.919212693431126,50.0,9.42199335151562,9.463370680924264,9.557679640368136,9.66482236008524,12.0,NonMonotonicAnomaly,Defective,False
C006321,B13,Memory_IC,CH-04,25.88,120.0,50.08,14.183602239267373,15.618490518678575,20.59141381327776,25.815662692844267,50.0,9.391587657605733,9.642611501406485,10.46254015391124,11.121869925248827,12.0,RapidDrift,Defective,False
C006329,B13,Memory_IC,CH-04,25.88,120.0,50.08,11.534572796409575,12.338688449411084,15.419326917655814,18.44622309250573,50.0,9.408265372776956,9.494618396967606,9.78119187038529,10.071842217519992,12.0,GradualDrift,Defective,False
C006335,B13,Memory_IC,CH-04,25.88,120.0,50.08,17.25296621168123,14.907276291276633,13.672199333153962,12.993816360925356,50.0,9.726952520858898,9.60975578238299,9.5294011325964,9.540759515805703,12.0,EarlyLifeInstability,Defective,False
C006344,B13,Memory_IC,CH-04,25.88,120.0,50.08,12.783163863340832,13.843974370132845,16.73874117973445,19.63792465784388,50.0,8.707094412768544,8.883201209933201,9.366817928160806,9.842265327450871,12.0,GradualDrift,Defective,False
C006352,B13,Memory_IC,CH-04,25.88,120.0,50.08,12.847949782748064,13.18267429862574,14.612803259051487,16.13467605409304,50.0,9.316997917606011,9.424349968533216,9.741953297966342,10.054799618175926,12.0,GradualDrift,Defective,False
C006355,B13,Memory_IC,CH-04,25.88,120.0,50.08,15.690104463805962,13.456656595312154,11.492032032302482,11.571055137357344,50.0,9.27412568405675,9.082134611938216,9.097267002975444,8.961980837686326,12.0,EarlyLifeInstability,Defective,False
C006371,B13,Memory_IC,CH-04,25.88,120.0,50.08,12.6301291746117,12.79597261621823,18.11414240292791,13.074954858143938,50.0,9.492774897019553,9.505386810486122,9.607819066176503,9.69669204628961,12.0,NonMonotonicAnomaly,Defective,False
C006382,B13,Memory_IC,CH-04,25.88,120.0,50.08,10.860817934453058,12.439646484048684,16.4510584191861,20.580935635317456,50.0,8.805892476726388,9.185640273273108,9.92933402903464,10.869594376310342,12.0,RapidDrift,Defective,False
C006386,B13,Memory_IC,CH-04,25.88,120.0,50.08,11.887576302948506,12.427958782081518,14.124466631913148,15.788791192011956,50.0,9.475190749776688,9.546733069030832,9.872175146866129,10.231622221392458,12.0,GradualDrift,Defective,False
C006394,B13,Memory_IC,CH-04,25.88,120.0,50.08,12.049337772758612,13.046788785631836,16.02656631153097,19.24635348720186,50.0,9.262107484013097,9.412407856439314,9.896597498484033,10.332749895332412,12.0,GradualDrift,Defective,False
C006401,B13,Memory_IC,CH-04,25.88,120.0,50.08,10.965305988526268,16.696244472687955,32.326334056969884,49.41751833868357,50.0,9.22237643137532,9.359924674668957,9.678837503353927,10.023789504016488,12.0,NearLimitDrift,Defective,False
C006403,B13,Memory_IC,CH-04,25.88,120.0,50.08,11.98734378916377,12.493364170825238,14.439821305033073,16.197941052520516,50.0,8.567987565599756,8.625328439605289,8.842390050267962,9.079340812106672,12.0,GradualDrift,Defective,False
C006405,B13,Memory_IC,CH-04,25.88,120.0,50.08,12.865862998519312,12.83942338153588,16.67091028275806,30.37259540257357,50.0,9.020063612652905,9.091403743892654,9.16421954174913,9.162480866870755,12.0,SuddenAnomaly,Defective,False
C006407,B13,Memory_IC,CH-04,25.88,120.0,50.08,11.351818839014388,12.124982963325415,13.936917243361926,15.871717067955233,50.0,9.194937008416137,9.307218442596689,9.646944614958295,9.964769400846697,12.0,GradualDrift,Defective,False
C006416,B13,Memory_IC,CH-04,25.88,120.0,50.08,11.66778249099685,11.797158498502702,16.76111591488446,13.05566857847834,50.0,9.339144833832297,9.391721131340336,9.469651391839015,9.57374606896034,12.0,NonMonotonicAnomaly,Defective,False
C006417,B13,Memory_IC,CH-04,25.88,120.0,50.08,15.219617450313931,13.898341325808278,13.308552446743573,12.573816908223211,50.0,9.612247770813353,9.53237993220038,9.449902636657038,9.4239377690917,12.0,EarlyLifeInstability,Defective,False
C006432,B13,Memory_IC,CH-04,25.88,120.0,50.08,13.525662859952943,16.66832505321876,27.99918286941809,39.76042538320826,50.0,9.731520221902551,9.770691953378355,9.992925757786756,10.236376715383887,12.0,NearLimitDrift,Defective,False
C006434,B13,Memory_IC,CH-04,25.88,120.0,50.08,11.38463971793724,12.33844366475597,15.093653348585049,18.03007480175794,50.0,9.066989213368725,9.165669885343627,9.399262653848416,9.605777246859466,12.0,GradualDrift,Defective,False
C006442,B13,Memory_IC,CH-04,25.88,120.0,50.08,12.401946202448263,13.912810550601982,18.42680901376691,22.96977400304158,50.0,8.982650431993406,9.32446134907237,10.15244817317138,10.884786915235054,12.0,RapidDrift,Defective,False
C006444,B13,Memory_IC,CH-04,25.88,120.0,50.08,14.316724191616196,18.537119833419,31.72527718204041,44.89125517644824,50.0,9.69957622393694,9.871052332454962,10.358261330592736,10.85682169855023,12.0,NearLimitDrift,Defective,False
C006450,B13,Memory_IC,CH-04,25.88,120.0,50.08,15.095062210865592,13.24826416348848,12.471592986191634,12.254934817050664,50.0,9.476156316053007,9.352410980810186,9.301369259421222,9.204742789326616,12.0,EarlyLifeInstability,Defective,False
C006455,B13,Memory_IC,CH-04,25.88,120.0,50.08,13.04796841083043,13.532066068647834,14.99596603503719,16.68672547885012,50.0,9.29106250643954,9.374605307357394,9.55702744268619,9.76860869810452,12.0,GradualDrift,Defective,False
C006461,B13,Memory_IC,CH-04,25.88,120.0,50.08,12.39143721652659,17.00047251328385,31.26981880183873,45.30124789204937,50.0,9.365607687244337,9.492183714741694,10.048438998410514,10.56289632309004,12.0,NearLimitDrift,Defective,False
C006467,B13,Memory_IC,CH-04,25.88,120.0,50.08,11.584622154946162,17.09993290735024,33.37656193637552,49.66916307961026,50.0,8.910614790448417,9.034568891209531,9.418728422343586,9.898079574440722,12.0,NearLimitDrift,Defective,False
C006473,B13,Memory_IC,CH-04,25.88,120.0,50.08,,12.563568092036943,15.410225088688923,27.55570788377152,50.0,8.936132674894765,8.963483165612667,9.055958111999074,9.100919754443094,12.0,SuddenAnomaly,Defective,False
C006474,B13,Memory_IC,CH-04,25.88,120.0,50.08,11.893299580213998,11.824580438576843,14.94886694306092,21.219580169039222,50.0,9.16810421617778,9.19779242580364,9.316913724924332,9.38902020200497,12.0,SuddenAnomaly,Defective,False
C006479,B13,Memory_IC,CH-04,25.88,120.0,50.08,12.130025168785233,12.302800459891754,16.00382435513388,30.638387856473614,50.0,9.079471329443418,9.126469380812695,9.217813435509203,9.262717618756795,12.0,SuddenAnomaly,Defective,False
C006485,B13,Memory_IC,CH-04,25.88,120.0,50.08,11.69418887856024,11.844366317066608,16.39795252977073,23.28246272551617,50.0,8.859982028948483,8.883949902760532,9.001532448331476,9.137313330739554,12.0,SuddenAnomaly,Defective,False
C006497,B13,Memory_IC,CH-04,25.88,120.0,50.08,10.455639490959248,12.46663402522452,17.367691224835678,22.65436750804024,50.0,9.472153629317877,9.704672839979542,10.321936920548056,10.886405691337918,12.0,RapidDrift,Defective,False
C006499,B13,Memory_IC,CH-04,25.88,120.0,50.08,13.801306982976683,15.026567724255242,18.24354256254885,21.675701523287582,50.0,9.11789408573829,9.15778791612966,9.306063970724963,9.430253342556696,12.0,GradualDrift,Defective,False
C006503,B14,Memory_IC,CH-04,23.81,110.0,43.79,11.016710543530817,15.96398634998086,31.066393276223423,47.23954089961039,50.0,9.291834171017175,9.43647563178622,9.945710516862688,10.486299368434398,12.0,NearLimitDrift,Defective,False
C006511,B14,Memory_IC,CH-04,23.81,110.0,43.79,14.17784354035189,13.010032889323227,11.945464120159365,12.016962321978005,50.0,9.70910698153499,9.57109722199686,9.48539107921005,9.378064453684951,12.0,EarlyLifeInstability,Defective,False
C006518,B14,Memory_IC,CH-04,23.81,110.0,43.79,11.035002792482,12.031879623750994,16.16851852571601,20.749788988919622,50.0,8.951688391329556,9.260203398401195,10.04997431242927,10.77486321931967,12.0,RapidDrift,Defective,False
C006523,B14,Memory_IC,CH-04,23.81,110.0,43.79,12.334719852403916,16.46900057681882,30.391050314019225,44.35478809442139,50.0,9.340632488125374,9.388895166664527,9.586331859720204,9.773507202642408,12.0,NearLimitDrift,Defective,False
C006524,B14,Memory_IC,CH-04,23.81,110.0,43.79,13.800400695830868,15.610334801977666,21.425227117185724,27.18209316093269,50.0,8.824113260958377,9.06188346016152,9.727215082105753,10.379712496381542,12.0,RapidDrift,Defective,False
C006526,B14,Memory_IC,CH-04,23.81,110.0,43.79,10.867738988338024,12.151569244073894,15.665511219034324,19.42340998943028,50.0,8.647740141947732,8.747173302874925,9.124188673876358,9.528505257788783,12.0,GradualDrift,Defective,False
C006529,B14,Memory_IC,CH-04,23.81,110.0,43.79,12.179103400919924,12.39953938200049,21.425630997752982,13.539719097082488,50.0,9.269976263940196,9.284666487473231,9.340417893135976,9.35691446448269,12.0,NonMonotonicAnomaly,Defective,False
C006532,B14,Memory_IC,CH-04,23.81,110.0,43.79,12.767220609575991,18.13816737845822,33.58140598625079,49.76550250499198,50.0,9.309264925584602,9.448674005809906,9.934735914902452,10.387490339893253,12.0,NearLimitDrift,Defective,False
C006542,B14,Memory_IC,CH-04,23.81,110.0,43.79,12.039688326442072,13.37338628888456,16.80492298904051,20.4657132041244,50.0,9.58342222433389,9.70873804237254,10.083525695338816,10.477877761988868,12.0,GradualDrift,Defective,False
C006543,B14,Memory_IC,CH-04,23.81,110.0,43.79,14.412297083653272,12.801484008954914,10.951901170097644,10.919121960990118,50.0,8.630783886159147,8.50559552022419,8.562044747963007,8.429301473124447,12.0,EarlyLifeInstability,Defective,False
C006547,B14,Memory_IC,CH-04,23.81,110.0,43.79,10.822070200489852,12.695795563518928,18.54719597589863,24.396221705985464,50.0,9.463083740012832,9.692300453167665,10.31938186603478,11.011563012888674,12.0,RapidDrift,Defective,False
C006550,B14,Memory_IC,CH-04,23.81,110.0,43.79,10.580778017960691,11.511723026188667,14.965761762090745,18.0783439691182,50.0,8.380718235771575,8.452852654279331,8.612649617571286,8.739946260974623,12.0,GradualDrift,Defective,False
C006554,B14,Memory_IC,CH-04,23.81,110.0,43.79,11.515901319998967,11.876597485281655,13.666521536701437,15.192850173873753,50.0,9.053628811551794,9.156674637009637,9.448315505354236,9.70194810143416,12.0,GradualDrift,Defective,False
C006556,B14,Memory_IC,CH-04,23.81,110.0,43.79,10.39041521731227,10.368518752519698,14.347278308562975,28.136595506524607,50.0,9.236919904012227,9.27540895692786,9.416377373656426,9.570816650172793,12.0,SuddenAnomaly,Defective,False
C006558,B14,Memory_IC,CH-04,23.81,110.0,43.79,11.880934515269525,16.176994364358187,29.032800759178155,42.95256763255117,50.0,9.06592231532508,9.19992819262544,9.432305583009835,9.684313071372712,12.0,NearLimitDrift,Defective,False
C006559,B14,Memory_IC,CH-04,23.81,110.0,43.79,11.535331389078053,12.59086217748387,15.137277210147774,17.82250694981066,50.0,8.649952650214734,8.7191242271001,9.037582032904831,9.3645558902839,12.0,GradualDrift,Defective,False
C006561,B14,Memory_IC,CH-04,23.81,110.0,43.79,10.218069341817976,10.261887297180364,19.578232337061927,11.143645037413204,50.0,9.048760742009325,9.11540974284951,9.244097210453548,9.356803718477725,12.0,NonMonotonicAnomaly,Defective,False
C006564,B14,Memory_IC,CH-04,23.81,110.0,43.79,16.831319601067463,15.140114760380794,14.275867689111758,14.228758838971066,50.0,9.7918938601575,9.61114063760898,9.581208544894745,9.498251310416878,12.0,EarlyLifeInstability,Defective,False
C006567,B14,Memory_IC,CH-04,23.81,110.0,43.79,12.25466315081538,13.410347367612903,16.559521303889777,19.88895286859858,50.0,9.004087970452261,9.110530299947268,9.338324893580818,9.603057962789013,12.0,GradualDrift,Defective,False
C006569,B14,Memory_IC,CH-04,23.81,110.0,43.79,11.6076173686973,12.13177076105856,14.42014769089931,16.67221320972176,50.0,8.975247284489862,9.109582443944769,9.620311118692584,10.097779131813954,12.0,GradualDrift,Defective,False
C006571,B14,Memory_IC,CH-04,23.81,110.0,43.79,10.73048695047965,11.03989051950522,12.527959470910472,13.93468319688662,50.0,8.50370622815474,8.594920852377774,8.791371893180214,8.936531657520788,12.0,GradualDrift,Defective,False
C006573,B14,Memory_IC,CH-04,23.81,110.0,43.79,12.713301583016705,12.976923350809937,14.449099928296503,15.885971371628973,50.0,9.406243408772417,9.465194926480876,9.630009270209133,9.75865668400402,12.0,GradualDrift,Defective,False
C006574,B14,Memory_IC,CH-04,23.81,110.0,43.79,11.54093152874348,11.880525544168265,13.796026063894372,15.78947217542567,50.0,9.184251928412817,9.206475467238848,9.44619610177549,9.668440991577162,12.0,GradualDrift,Defective,False
C006576,B14,Memory_IC,CH-04,23.81,110.0,43.79,9.996635292073613,10.487984246210743,12.049921228934076,13.814691193248755,50.0,8.446498268554041,8.60445413039381,8.96908520777313,9.325979762440936,12.0,GradualDrift,Defective,False
C006577,B14,Memory_IC,CH-04,23.81,110.0,43.79,11.89689535866601,12.855235724951951,15.94834592463242,19.347559264236825,50.0,9.11160517849804,9.239407535739652,9.57359032887781,9.965775274026363,12.0,GradualDrift,Defective,False
C006578,B14,Memory_IC,CH-04,23.81,110.0,43.79,15.029286792487843,13.752418734624516,13.209787187174324,12.887657184307615,50.0,9.672443518930235,9.530823729627182,9.450438656638806,9.377420148065886,12.0,EarlyLifeInstability,Defective,False
C006579,B14,Memory_IC,CH-04,23.81,110.0,43.79,12.361330020314307,13.480107919432792,17.04049958082897,20.811951893896826,50.0,8.944509497470602,9.094544067456177,9.39479956470531,9.714694540252824,12.0,GradualDrift,Defective,False
C006582,B14,Memory_IC,CH-04,23.81,110.0,43.79,13.45064895201928,14.29174056578032,16.51109435882177,18.97110445917092,50.0,9.04110937328251,9.139219860405802,9.4295122900118,9.676127698739467,12.0,GradualDrift,Defective,False
C006584,B14,Memory_IC,CH-04,23.81,110.0,43.79,11.018720416223209,10.984091692152884,13.376446471955967,23.23324945919221,50.0,8.933225775551863,8.987888363105505,9.138672826721612,9.240914994117569,12.0,SuddenAnomaly,Defective,False
C006588,B14,Memory_IC,CH-04,23.81,110.0,43.79,11.681759919342372,11.940768194852478,17.487841762057748,13.768974756194991,50.0,8.87339387805923,8.865326729052043,8.95771513608504,9.040791007388052,12.0,NonMonotonicAnomaly,Defective,False
C006589,B14,Memory_IC,CH-04,23.81,110.0,43.79,10.30991182431863,10.688757281285216,12.385785999449544,14.027479412622304,50.0,9.004855249090852,9.12281925902206,9.405398311058756,9.693248894548908,12.0,GradualDrift,Defective,False
C006592,B14,Memory_IC,CH-04,23.81,110.0,43.79,11.012576544543506,11.386903112082877,12.879841139423524,14.317984114300716,50.0,9.058860101079906,9.189330895144153,9.588507541362954,9.9293822825699,12.0,GradualDrift,Defective,False
C006604,B14,Memory_IC,CH-04,23.81,110.0,43.79,12.287464486639724,13.153761049852337,15.632745486696637,18.287739144499948,50.0,9.444093533154982,9.520555273386655,9.763676508271914,10.055766606898512,12.0,GradualDrift,Defective,False
C006606,B14,Memory_IC,CH-04,23.81,110.0,43.79,12.172195490169043,12.641310444867347,14.416365669638502,16.224876463506504,50.0,8.780494444674767,8.87383553774148,9.11637069422373,9.358166289992004,12.0,GradualDrift,Defective,False
C006609,B14,Memory_IC,CH-04,23.81,110.0,43.79,13.520238748840825,14.411034904192055,16.99977059602512,19.32114496333484,50.0,9.25345501658058,9.31741426947216,9.561306454293868,9.836507179202686,12.0,GradualDrift,Defective,False
C006611,B14,Memory_IC,CH-04,23.81,110.0,43.79,11.645576033453514,15.682170891016533,27.601205912334105,40.42687801473348,50.0,9.087545560716892,9.282580016928556,9.903742802181664,10.506793542303118,12.0,NearLimitDrift,Defective,False
C006615,B14,Memory_IC,CH-04,23.81,110.0,43.79,12.837742405339876,17.683369051222332,32.52273345838004,47.76092551019838,50.0,9.132121115758943,9.326384716369876,9.807026349695004,10.273701126666714,12.0,NearLimitDrift,Defective,False
C006620,B14,Memory_IC,CH-04,23.81,110.0,43.79,11.78647432147571,12.694838284723264,15.321231413750542,17.967707075597385,50.0,8.424028297077507,8.488434629539842,8.72117341368475,8.98289454314146,12.0,GradualDrift,Defective,False
C006623,B14,Memory_IC,CH-04,23.81,110.0,43.79,11.834286035091845,12.079799329993577,16.285157295190977,20.988535800262657,50.0,8.869796526800465,8.906983800299317,9.049614742238308,9.20474504649479,12.0,SuddenAnomaly,Defective,False
C006629,B14,Memory_IC,CH-04,23.81,110.0,43.79,11.78013009529684,11.983271551181485,14.9786746994546,27.654450529526635,50.0,9.128544494533871,9.188741075068997,,9.379783682348853,12.0,SuddenAnomaly,Defective,False
C006635,B14,Memory_IC,CH-04,23.81,110.0,43.79,12.173563772497932,13.061691393196442,15.266631344907571,17.45670812539183,50.0,8.882092804500534,9.049106442025773,9.569523399162277,10.143763995277968,12.0,GradualDrift,Defective,False
C006640,B14,Memory_IC,CH-04,23.81,110.0,43.79,12.05846256891098,10.918839744769883,9.813068228519583,9.80128314921134,50.0,9.63762382152067,9.46572423750032,9.451897529168994,9.426652539700106,12.0,EarlyLifeInstability,Defective,False
C006641,B14,Memory_IC,CH-04,23.81,110.0,43.79,11.6496266933671,12.62793055257606,15.83177671067662,19.067867097027104,50.0,9.224048045057204,9.29475371065443,9.486707168568913,9.681378956868985,12.0,GradualDrift,Defective,False
C006642,B14,Memory_IC,CH-04,23.81,110.0,43.79,11.297196273203408,12.086036951953508,14.807209099264696,17.765503225484885,50.0,8.984299736282933,9.09419871432442,9.485887116261164,9.907043004994623,12.0,GradualDrift,Defective,False
C006647,B14,Memory_IC,CH-04,23.81,110.0,43.79,11.01916687501891,12.660197746847698,17.790444510607283,23.57949319006731,50.0,8.76411467677911,8.911196211834287,9.220756661488712,9.658404769557729,12.0,RapidDrift,Defective,False
C006648,B14,Memory_IC,CH-04,23.81,110.0,43.79,15.52039470900584,13.755802885867698,12.148964350008518,11.99243243946775,50.0,9.456093624441277,9.28620410107746,9.267691274549756,9.203323640557542,12.0,EarlyLifeInstability,Defective,False
C006653,B14,Memory_IC,CH-04,23.81,110.0,43.79,10.741161281839592,11.88475173695952,15.148668780797562,18.37399054290376,50.0,9.657140322740323,9.80125289468892,10.15204208640595,10.533832471906749,12.0,GradualDrift,Defective,False
C006655,B14,Memory_IC,CH-04,23.81,110.0,43.79,11.235173272792752,13.32058774418882,18.0926989997926,23.63873381810409,50.0,9.85723101229525,10.18382252188121,10.883696116699957,11.8194544404051,12.0,RapidDrift,Defective,False
C006659,B14,Memory_IC,CH-04,23.81,110.0,43.79,13.158512313011366,14.981690670912888,20.884809931806902,27.01896795847783,50.0,8.962423358623514,9.075136983713596,9.726681756349969,10.367626928893651,12.0,RapidDrift,Defective,False
C006662,B14,Memory_IC,CH-04,23.81,110.0,43.79,12.174418874466276,12.354732223204516,13.84343929602401,15.343308480015542,50.0,9.470099933622054,9.600844106852907,9.990247069977372,10.39831983419828,12.0,GradualDrift,Defective,False
C006667,B14,Memory_IC,CH-04,23.81,110.0,43.79,10.081135349022446,10.230548860420583,13.104765933442977,19.01710052300164,50.0,8.89504349155508,8.944076819704087,9.00091251860399,9.120477873396018,12.0,SuddenAnomaly,Defective,False
C006669,B14,Memory_IC,CH-04,23.81,110.0,43.79,14.07269531399542,12.607013320963455,11.860555339874534,11.55909086463434,50.0,9.240443921595464,9.072051833653113,9.017659989267004,9.007757363547276,12.0,EarlyLifeInstability,Defective,False
C006670,B14,Memory_IC,CH-04,23.81,110.0,43.79,12.289495131007463,12.947205042239068,14.513214801537046,16.208950660683797,50.0,8.98656650025646,9.097807132907414,9.493429053201966,9.880806335027213,12.0,GradualDrift,Defective,False
C006673,B14,Memory_IC,CH-04,23.81,110.0,43.79,10.730718760943727,10.871189452757214,16.074318089360908,11.21084945647454,50.0,8.914350727969733,8.975725511199002,9.140259154225374,9.26716718930808,12.0,NonMonotonicAnomaly,Defective,False
C006676,B14,Memory_IC,CH-04,23.81,110.0,43.79,11.598796585063832,12.32952203740982,14.774456643155323,17.272847881844598,50.0,9.05904832128923,9.190726448567942,9.41442864122183,9.695644015002973,12.0,GradualDrift,Defective,False
C006677,B14,Memory_IC,CH-04,23.81,110.0,43.79,11.319600137902,15.438486750757182,28.60318432830044,42.41305525742701,50.0,8.96881127844116,9.060542310678557,9.378202008006031,9.657736437945832,12.0,NearLimitDrift,Defective,False
C006678,B14,Memory_IC,CH-04,23.81,110.0,43.79,11.070824994731934,11.35303027059159,17.410712099090322,12.750951822366908,50.0,8.777037228671766,8.791149234143369,8.905071074135167,9.044542949034351,12.0,NonMonotonicAnomaly,Defective,False
C006679,B14,Memory_IC,CH-04,23.81,110.0,43.79,11.862261476490287,12.43508563527103,14.242894299990864,16.022598753804935,50.0,9.245504739395068,9.287914996639756,9.406483465172304,9.572618480988991,12.0,GradualDrift,Defective,False
C006704,B14,Memory_IC,CH-04,23.81,110.0,43.79,13.792435642256564,17.222639711555576,29.167018730773822,41.31871431287841,50.0,9.08968872330474,9.22166037894112,9.53349528947703,9.869463973953884,12.0,NearLimitDrift,Defective,False
C006707,B14,Memory_IC,CH-04,23.81,110.0,43.79,9.71397777914245,9.876790965145831,13.963476728724828,10.11159240778193,50.0,9.03778961486805,9.061139309427157,9.12836923093208,9.20324600819708,12.0,NonMonotonicAnomaly,Defective,False
C006708,B14,Memory_IC,CH-04,23.81,110.0,43.79,15.105578539955914,13.565322181417924,11.933104136410764,11.591189772315875,50.0,9.698349901484216,9.552202319390066,9.505307733931208,9.474635188307683,12.0,EarlyLifeInstability,Defective,False
C006710,B14,Memory_IC,CH-04,23.81,110.0,43.79,11.375797342649305,15.05321676953224,27.30660456556443,40.006922847620416,50.0,9.667334911083364,9.83154251126692,10.468796407125796,11.113031407441616,12.0,NearLimitDrift,Defective,False
C006711,B14,Memory_IC,CH-04,23.81,110.0,43.79,10.689204311396749,11.644271081102763,13.65221081362769,15.654680367664122,50.0,8.946307031533442,9.11284077172475,9.494014058863456,9.922839119187929,12.0,GradualDrift,Defective,False
C006716,B14,Memory_IC,CH-04,23.81,110.0,43.79,16.036413790551432,12.871286776708274,11.6490046337266,11.3512197015332,50.0,9.610951281727491,9.444126739650002,9.378718910058362,9.361590319544122,12.0,EarlyLifeInstability,Defective,False
C006718,B14,Memory_IC,CH-04,23.81,110.0,43.79,11.545215498610569,16.11508854753322,29.7532037042966,44.2018375209718,50.0,9.159975438324503,9.32654509805584,9.814745705129198,10.300959950978047,12.0,NearLimitDrift,Defective,False
C006720,B14,Memory_IC,CH-04,23.81,110.0,43.79,13.048060215482431,13.614286855900838,15.776243455554326,18.085496622924467,50.0,8.769314649845768,8.842661233201923,9.105552394028043,9.36096857489302,12.0,GradualDrift,Defective,False
C006725,B14,Memory_IC,CH-04,23.81,110.0,43.79,13.091572399334288,13.718027140993645,16.59243389398569,19.47640967524092,50.0,9.450867709319054,9.645170218042066,10.21392176369094,10.788490555448728,12.0,GradualDrift,Defective,False
C006727,B14,Memory_IC,CH-04,23.81,110.0,43.79,12.73038064121235,13.311985917194608,15.162102637702496,16.937823095509522,50.0,8.825992712509638,8.999789026332337,9.512825472193311,9.994361382797516,12.0,GradualDrift,Defective,False
C006729,B14,Memory_IC,CH-04,23.81,110.0,43.79,11.038097953293006,12.000536463440524,15.366270413152469,18.59243033173176,50.0,9.35712945781871,9.40072401851918,9.609957958409678,9.845463014849516,12.0,GradualDrift,Defective,False
C006741,B14,Memory_IC,CH-04,23.81,110.0,43.79,12.130082973434014,12.219389321056203,20.249387290707187,12.461524182720972,50.0,8.86319396391417,8.880656260413426,8.97174737662167,9.079607167228769,12.0,NonMonotonicAnomaly,Defective,False
C006745,B14,Memory_IC,CH-04,23.81,110.0,43.79,12.560337154209977,17.599197187137985,33.49440606461507,49.43401667797332,50.0,9.114536374674884,9.302472121177203,9.931047415915597,10.566402009793832,12.0,NearLimitDrift,Defective,False
C006753,B14,Memory_IC,CH-04,23.81,110.0,43.79,12.32442276748554,12.559124827568285,16.523492413409755,30.431626130946213,50.0,9.003954434773561,9.013692654371807,9.122671888380252,9.220035849927282,12.0,SuddenAnomaly,Defective,False
C006770,B14,Memory_IC,CH-04,23.81,110.0,43.79,11.452414770923866,12.042823448554683,13.824262958053335,15.690125560530436,50.0,9.223919806882108,9.44072655795578,10.005614519344965,10.53890278933503,12.0,GradualDrift,Defective,False
C006771,B14,Memory_IC,CH-04,23.81,110.0,43.79,12.651774631772192,13.339596494471976,17.57663915058507,21.4691294005993,50.0,9.287023917896716,9.48338469574064,9.915925374123358,10.353801173202074,12.0,RapidDrift,Defective,False
C006775,B14,Memory_IC,CH-04,23.81,110.0,43.79,16.39347780458586,14.048367209917272,12.308179737545371,12.361469038757637,50.0,9.199635203943409,9.023267795101164,8.97449491120885,8.915724001442294,12.0,EarlyLifeInstability,Defective,False
C006776,B14,Memory_IC,CH-04,23.81,110.0,43.79,11.320586931843854,15.670089430107264,31.16634092027016,46.20058937472537,50.0,9.409367589556307,9.508304246415772,9.804044573610202,10.143430013313644,12.0,NearLimitDrift,Defective,False
C006788,B14,Memory_IC,CH-04,23.81,110.0,43.79,12.526442913166155,12.577950156083173,15.15744047392067,30.87522711493499,50.0,9.633414486900511,9.634502183200045,9.603150779369267,9.61888874443004,12.0,SuddenAnomaly,Defective,False
C006790,B14,Memory_IC,CH-04,23.81,110.0,43.79,11.593519553858584,11.968952325879288,16.028734558573667,23.93783849441948,50.0,9.072202854520402,9.11217377598045,9.197921938772124,9.31944106678232,12.0,SuddenAnomaly,Defective,False
C006791,B14,Memory_IC,CH-04,23.81,110.0,43.79,11.326983535846692,12.6442743900557,16.205805111372946,19.777110221153656,50.0,9.044010966403455,9.13812616748941,9.52799974830051,9.888812723397406,12.0,GradualDrift,Defective,False
C006792,B14,Memory_IC,CH-04,23.81,110.0,43.79,11.1292642325073,12.405000964530275,15.976385361331715,19.70937733811379,50.0,8.905319114308403,9.011482634710896,9.33158307228054,9.625691551320552,12.0,GradualDrift,Defective,False
C006793,B14,Memory_IC,CH-04,23.81,110.0,43.79,10.26541195375135,11.14055088363395,13.35609130194272,15.54639945724807,50.0,9.014759614660866,,9.559777882786689,9.980879774571124,12.0,GradualDrift,Defective,False
C006795,B14,Memory_IC,CH-04,23.81,110.0,43.79,11.824430307571118,12.240859247496902,16.392167020596688,28.330310008336383,50.0,9.526832400355945,9.517148095558566,9.588905055270097,9.633974416780095,12.0,SuddenAnomaly,Defective,False
C006804,B14,Memory_IC,CH-04,23.81,110.0,43.79,12.203177840164855,12.494940729770851,16.104753347763086,30.37658117604468,50.0,8.315863244918178,8.34014142264921,8.444192488138437,8.509715608125852,12.0,SuddenAnomaly,Defective,False
C006809,B14,Memory_IC,CH-04,23.81,110.0,43.79,12.217992710585492,13.010079645042849,15.449763892441926,18.33462807084568,50.0,8.746535822619702,8.891100035665641,9.22422449347098,9.588613075875676,12.0,GradualDrift,Defective,False
C006810,B14,Memory_IC,CH-04,23.81,110.0,43.79,16.45630635296572,14.016471414852829,,11.513130386226376,50.0,9.133482267950829,8.9845007663695,8.868830864494704,8.836391380798903,12.0,EarlyLifeInstability,Defective,False
C006812,B14,Memory_IC,CH-04,23.81,110.0,43.79,11.308131626492342,15.716428834675984,28.420720648399232,41.42402206474774,50.0,8.6897096689045,8.809926032318605,9.362800034788052,9.854505194880504,12.0,NearLimitDrift,Defective,False
C006813,B14,Memory_IC,CH-04,23.81,110.0,43.79,11.592988782486788,11.7455342412529,15.84422529109755,23.620532216914263,50.0,9.60481118453853,9.594266023168649,9.6788221286257,9.771458079700771,12.0,SuddenAnomaly,Defective,False
C006828,B14,Memory_IC,CH-04,23.81,110.0,43.79,11.36483354792169,12.319979009701,15.853419089167614,19.235915896500384,50.0,9.522577817184423,9.60719962155095,9.791456451436485,9.935932385439717,12.0,GradualDrift,Defective,False
C006832,B14,Memory_IC,CH-04,23.81,110.0,43.79,12.200339493567148,12.526955257490975,16.969498456108415,21.795571191113176,50.0,8.9862484092346,9.0329920257504,9.10545964172215,9.22254434289648,12.0,SuddenAnomaly,Defective,False
C006845,B14,Memory_IC,CH-04,23.81,110.0,43.79,11.967823986617567,12.236046835073656,16.478688356550304,22.56427883512009,50.0,9.44164607040572,9.463879660454538,9.57265669185667,9.686914160607412,12.0,SuddenAnomaly,Defective,False
C006861,B14,Memory_IC,CH-04,23.81,110.0,43.79,12.105911391844304,13.166229116496286,16.724561569434904,19.975904419969137,50.0,8.668314145187397,8.748077581600887,9.039892056115692,9.352970292141835,12.0,GradualDrift,Defective,False
C006864,B14,Memory_IC,CH-04,23.81,110.0,43.79,11.20435626637326,12.38731491669544,15.75509080162262,18.931740242765063,50.0,8.449616302632649,8.520758675357307,8.779921707341806,8.98566989632139,12.0,GradualDrift,Defective,False
C006868,B14,Memory_IC,CH-04,23.81,110.0,43.79,14.20482853615709,12.02791527942725,10.558850445872068,10.601950432877564,50.0,9.132297778246471,9.003624610738644,8.927028393987039,8.913969269189101,12.0,EarlyLifeInstability,Defective,False
C006872,B14,Memory_IC,CH-04,23.81,110.0,43.79,11.542462330951532,12.802837872004844,15.880791566782596,18.897201505929075,50.0,9.195856647430537,9.26676263959561,9.55491417992554,9.772444278767155,12.0,GradualDrift,Defective,False
C006874,B14,Memory_IC,CH-04,23.81,110.0,43.79,12.075650815868038,12.714656340819426,15.019968502790924,17.29054968227065,50.0,9.307862600553474,9.412375036160364,9.652391211852086,9.851450696878894,12.0,GradualDrift,Defective,False
C006875,B14,Memory_IC,CH-04,23.81,110.0,43.79,10.85150833872131,11.686124517020206,13.694541816334189,16.090556554280568,50.0,9.54765136331169,9.738662028246102,10.182886285735444,10.632547842486884,12.0,GradualDrift,Defective,False
C006876,B14,Memory_IC,CH-04,23.81,110.0,43.79,11.01793870065142,11.129088083333304,17.228426739957435,11.721467762377662,50.0,8.900459019581755,8.944696680648361,9.079609244879558,9.229067256060194,12.0,NonMonotonicAnomaly,Defective,False
C006877,B14,Memory_IC,CH-04,23.81,110.0,43.79,11.64019309555991,16.108158434595744,30.25547825747099,44.41573345225056,50.0,9.61160880794703,9.86448834835894,10.490023256122925,11.098667758878584,12.0,NearLimitDrift,Defective,False
C006889,B14,Memory_IC,CH-04,23.81,110.0,43.79,10.354781012531982,10.600486614618893,14.115960773277097,19.68674456842357,50.0,9.078490952080305,9.121572521966645,9.218764577424889,9.32910205775277,12.0,SuddenAnomaly,Defective,False
C006896,B14,Memory_IC,CH-04,23.81,110.0,43.79,10.75904470223452,10.868234125968211,13.123140735119648,18.81835273356845,50.0,8.61574519553726,8.614944310793787,8.765133801511126,8.903198590208786,12.0,SuddenAnomaly,Defective,False
C006899,B14,Memory_IC,CH-04,23.81,110.0,43.79,13.008030219844608,14.52916535818767,19.05937595462591,23.723698416644083,50.0,9.165628403760993,9.278478694395057,9.826762991095537,10.429355164227726,12.0,RapidDrift,Defective,False
C006900,B14,Memory_IC,CH-04,23.81,110.0,43.79,11.580148158309989,11.809489056634405,14.61796576510264,27.351365313912304,50.0,8.95525907913077,8.935225053273028,9.020821505139098,9.094364839977064,12.0,SuddenAnomaly,Defective,False
C006911,B14,Memory_IC,CH-04,23.81,110.0,43.79,10.462011939085718,13.255017286539283,19.73651781011752,26.47782516130441,50.0,9.448865821820322,9.551136046149455,9.927388377769544,10.307915046135667,12.0,RapidDrift,Defective,False
C006912,B14,Memory_IC,CH-04,23.81,110.0,43.79,16.189682492642728,13.5882494796567,11.812255362316987,11.680802248767948,50.0,9.373673321068797,9.28744531101913,9.183281272306644,9.13326281659162,12.0,EarlyLifeInstability,Defective,False
C006917,B14,Memory_IC,CH-04,23.81,110.0,43.79,13.07919621279888,17.258628740357366,29.267340155933965,41.83534598539617,50.0,8.789600473732463,9.04132621626112,9.65871354988472,10.305256349033163,12.0,NearLimitDrift,Defective,False
C006923,B14,Memory_IC,CH-04,23.81,110.0,43.79,11.345288767383382,13.146521326518489,16.673306242532913,20.40577592826885,50.0,9.17607244675822,9.298584347203962,9.808486599236044,10.238668074079706,12.0,RapidDrift,Defective,False
C006926,B14,Memory_IC,CH-04,23.81,110.0,43.79,16.142865676833374,14.639769594366523,13.698702445342231,13.570996559298337,50.0,8.75782015178346,8.54735031617253,8.472869829370032,8.481687580017422,12.0,EarlyLifeInstability,Defective,False
C006933,B14,Memory_IC,CH-04,23.81,110.0,43.79,12.695145445014123,13.76726422454838,17.12315434784308,20.609174747723632,50.0,9.282002120477587,9.375112080309568,9.600292993200902,9.88873264762862,12.0,GradualDrift,Defective,False
C006939,B14,Memory_IC,CH-04,23.81,110.0,43.79,11.00837839266621,11.923636655667812,15.254625409694832,18.66103559243233,50.0,9.3443782688992,9.574635882108668,10.080445460578048,10.63959898076905,12.0,GradualDrift,Defective,False
C006941,B14,Memory_IC,CH-04,23.81,110.0,43.79,12.014328022732077,12.538667597785189,14.295741428827233,16.340944260568776,50.0,9.149427644118177,9.192016924391202,9.343193379015869,9.510583517593584,12.0,GradualDrift,Defective,False
C006944,B14,Memory_IC,CH-04,23.81,110.0,43.79,12.623785476172769,13.40977226563389,15.987856417094466,18.779501433815305,50.0,9.28969203404157,9.47785959651184,9.945841520332367,10.42048557038765,12.0,GradualDrift,Defective,False
C006948,B14,Memory_IC,CH-04,23.81,110.0,43.79,14.589469896576931,12.973843589683124,11.926785574432346,12.119905095917662,50.0,9.54356213605938,9.411212087705604,9.32240738591662,9.32614109435692,12.0,EarlyLifeInstability,Defective,False
C006952,B14,Memory_IC,CH-04,23.81,110.0,43.79,11.341167752358396,11.48207878947212,15.591393259668068,24.191119449941755,50.0,9.029875883081434,9.031555170302282,9.188798145590455,9.281028183836597,12.0,SuddenAnomaly,Defective,False
C006955,B14,Memory_IC,CH-04,23.81,110.0,43.79,11.135071966385231,11.620304463664828,13.454347459555333,15.130029088521948,50.0,8.558304627902318,8.606360358099018,8.780899331981939,8.917485138077394,12.0,GradualDrift,Defective,False
C006957,B14,Memory_IC,CH-04,23.81,110.0,43.79,11.926943763327449,12.27660363864382,14.737451016864629,25.94852283530785,50.0,8.9003786399581,8.955897858492659,9.090182209477074,9.200202100212238,12.0,SuddenAnomaly,Defective,False
C006969,B14,Memory_IC,CH-04,23.81,110.0,43.79,13.215805065808372,14.46990745760967,17.93435006706575,21.50967084119032,50.0,8.993164315898749,9.10372240165088,9.370141358211477,9.687269883419075,12.0,GradualDrift,Defective,False
C006983,B14,Memory_IC,CH-04,23.81,110.0,43.79,12.6147775087401,17.956188427209554,33.51545435532124,49.93735830176638,50.0,9.361071231001118,9.551578687662454,10.176541641441162,10.781703094027115,12.0,NearLimitDrift,Defective,False
C006989,B14,Memory_IC,CH-04,23.81,110.0,43.79,11.25433442676789,11.455072943733317,21.41913779197599,12.228490707832831,50.0,8.603034742452293,8.600748559156788,8.710400627826365,8.793579074567354,12.0,NonMonotonicAnomaly,Defective,False
C006990,B14,Memory_IC,CH-04,23.81,110.0,43.79,11.42792289358341,12.42427811162179,15.947199754089905,19.25128771119628,50.0,8.92852406066301,9.018534769234764,9.221720377113126,9.492493123614883,12.0,GradualDrift,Defective,False
C006991,B14,Memory_IC,CH-04,23.81,110.0,43.79,12.30205269524695,13.079782425298635,14.895032577216922,17.031579005995823,50.0,8.781054024145364,8.871313648109375,9.173289884087051,9.36608218360574,12.0,GradualDrift,Defective,False
C006996,B14,Memory_IC,CH-04,23.81,110.0,43.79,12.29922469211785,13.029310406974206,15.15757321267864,17.236402695700484,50.0,9.298738817273389,9.33142968027865,9.548038196680997,9.702714543355862,12.0,GradualDrift,Defective,False
C006997,B14,Memory_IC,CH-04,23.81,110.0,43.79,12.540911424156818,13.462658099218103,16.894247434088392,20.178805944628373,50.0,9.266868321459672,9.413383451449825,9.86753388857744,10.328302205519744,12.0,GradualDrift,Defective,False
C007000,B14,Memory_IC,CH-04,23.81,110.0,43.79,11.083873097291644,11.300892045595084,14.904232760429814,27.69954135240703,50.0,9.356972212782496,9.387955576774802,9.488580840491906,9.559017360892636,12.0,SuddenAnomaly,Defective,False
C007005,B15,Analog_IC,CH-03,25.65,120.0,34.73,6.824508472155555,7.015141500541977,11.907221211179444,8.056418532067651,50.0,6.405809844091174,6.377046361305645,6.443109795832736,6.502585288993965,12.0,NonMonotonicAnomaly,Defective,False
C007010,B15,Analog_IC,CH-03,25.65,120.0,34.73,6.373575869188786,11.247935253557351,25.60622162274305,41.42200764826557,50.0,5.933603024651227,6.061560920935027,6.319763035024547,6.575593027277669,12.0,NearLimitDrift,Defective,False
C007018,B15,Analog_IC,CH-03,25.65,120.0,34.73,7.917510786556131,8.08160271983916,10.10677236921448,20.626250315767063,50.0,6.165293878560961,6.240836609672518,6.356036014340079,6.453696866657147,12.0,SuddenAnomaly,Defective,False
C007019,B15,Analog_IC,CH-03,25.65,120.0,34.73,7.700195034142179,9.691037028876924,15.173124327369909,21.088285813089776,50.0,6.6214838768594655,6.650526936231851,7.035338129279693,7.33756805255619,12.0,RapidDrift,Defective,False
C007022,B15,Analog_IC,CH-03,25.65,120.0,34.73,8.04398865600864,9.16722307038238,12.992580311218278,16.57041744937066,50.0,6.503160646296015,6.6114971236148445,7.013635359515442,7.391551794778274,12.0,GradualDrift,Defective,False
C007028,B15,Analog_IC,CH-03,25.65,120.0,34.73,7.281833103428488,7.64184292235145,9.004469776416492,10.405580086409396,50.0,6.421851435245529,6.47902817015807,6.677134809797235,6.952399050143863,12.0,GradualDrift,Defective,False
C007029,B15,Analog_IC,CH-03,25.65,120.0,34.73,7.801053838359015,9.888835211374866,13.645151571724494,18.58692680424529,50.0,6.212720915479992,6.494417324171357,7.289023966373212,8.003403997728475,12.0,RapidDrift,Defective,False
C007032,B15,Analog_IC,CH-03,25.65,120.0,34.73,10.628603477003528,9.347636409227691,8.290363529876217,8.003515825660692,50.0,6.465686302185264,6.345803844995328,6.320598330246043,6.252155064386455,12.0,EarlyLifeInstability,Defective,False
C007034,B15,Analog_IC,CH-03,25.65,120.0,34.73,7.380832911918818,8.165682941745033,10.243848004516655,12.442835332494136,50.0,6.541184272148187,,7.0658964953386185,7.46444654409982,12.0,GradualDrift,Defective,False
C007036,B15,Analog_IC,CH-03,25.65,120.0,34.73,8.073986875617859,13.366928905373404,30.11495979080981,47.237901457378754,50.0,6.335795846909925,6.477918466705756,6.819711631829955,7.199703700254086,12.0,NearLimitDrift,Defective,False
C007039,B15,Analog_IC,CH-03,25.65,120.0,34.73,8.115906723370596,9.003524883134702,11.10732097476264,13.3584334071017,50.0,6.425318627414241,6.618502670018327,7.195966727854367,7.7411188655938465,12.0,GradualDrift,Defective,False
C007041,B15,Analog_IC,CH-03,25.65,120.0,34.73,6.889901110792226,6.978367981963162,11.461145810622767,7.676983543867472,50.0,6.480443373783823,6.539248556322901,6.6278130261639605,6.7293054909197325,12.0,NonMonotonicAnomaly,Defective,False
C007043,B15,Analog_IC,CH-03,25.65,120.0,34.73,7.347785925216487,8.66254991420447,12.64597218899518,17.44638412719401,50.0,6.94633292226709,7.05039747089958,7.387082440325585,7.662063787156314,12.0,RapidDrift,Defective,False
C007044,B15,Analog_IC,CH-03,25.65,120.0,34.73,7.736242864130165,8.280010102923107,10.38089799822755,12.40060352643224,50.0,6.737216062097511,6.933563512249967,7.303514518034231,7.669777846244333,12.0,GradualDrift,Defective,False
C007060,B15,Analog_IC,CH-03,25.65,120.0,34.73,7.809706291806907,9.876510725338289,16.434905188451676,23.105714270790653,50.0,6.75436071577704,6.919124342717168,7.277482650439706,7.709299597932812,12.0,RapidDrift,Defective,False
C007102,B15,Analog_IC,CH-03,25.65,120.0,34.73,8.1065966292431,8.207239484304866,12.38232449610195,27.14267548413452,50.0,6.75336256137741,6.784866181451713,6.896436755693969,7.025097741657061,12.0,SuddenAnomaly,Defective,False
C007103,B15,Analog_IC,CH-03,25.65,120.0,34.73,7.681401776318748,8.233081388046315,12.174931393632262,15.795405171944711,50.0,6.708820003898039,6.867602580253423,7.437804145930473,8.017931504768237,12.0,RapidDrift,Defective,False
C007106,B15,Analog_IC,CH-03,25.65,120.0,34.73,7.856942210764393,8.137691423230024,15.190958350437588,9.72667131470486,50.0,6.85762907981575,6.909837524036448,6.946780452720436,6.906742330414485,12.0,NonMonotonicAnomaly,Defective,False
C007109,B15,Analog_IC,CH-03,25.65,120.0,34.73,7.188832459166324,7.22851099181786,16.77731350229707,8.382845979576926,50.0,6.764524076569549,6.777898987460372,6.92188501701456,7.039738871799319,12.0,NonMonotonicAnomaly,Defective,False
C007111,B15,Analog_IC,CH-03,25.65,120.0,34.73,7.841566377934004,13.591106393342644,30.063845883177283,46.9741644280214,50.0,6.4431566499109945,6.538520486750136,6.8238342511017205,7.138750365695161,12.0,NearLimitDrift,Defective,False
C007112,B15,Analog_IC,CH-03,25.65,120.0,34.73,7.5708775691658,12.473146300488208,28.23024620535445,44.8491286650386,50.0,6.74612029300457,6.991170029569691,7.641276357599547,8.327788238452758,12.0,NearLimitDrift,Defective,False
C007113,B15,Analog_IC,CH-03,25.65,120.0,34.73,6.912869891646864,7.719887702568562,10.55404469126405,13.360415864768944,50.0,6.526987203530377,6.631812665679117,6.950901446018393,7.267509995802439,12.0,GradualDrift,Defective,False
C007116,B15,Analog_IC,CH-03,25.65,120.0,34.73,7.533306151551523,13.117947084171528,29.11950962218954,46.44817100395756,50.0,6.533624167815909,6.630443162855989,6.903614974691166,7.146645262454394,12.0,NearLimitDrift,Defective,False
C007122,B15,Analog_IC,CH-03,25.65,120.0,34.73,7.647490541818446,7.898889094016824,14.791304436163086,9.34362223791445,50.0,6.524024349046971,6.575996309704365,6.636257035650623,6.695898462755206,12.0,NonMonotonicAnomaly,Defective,False
C007126,B15,Analog_IC,CH-03,25.65,120.0,34.73,7.79340422368228,13.0925981193277,31.394157217915115,49.89670162359232,50.0,6.449532340211416,6.552062267405749,6.826914720815185,7.1070514290181,12.0,NearLimitDrift,Defective,False
C007128,B15,Analog_IC,CH-03,25.65,120.0,34.73,8.960687019555827,10.013968173484946,13.898804380360213,17.70455719346483,50.0,6.357765232047288,6.555646366419905,7.426004754995938,8.293708379139717,12.0,RapidDrift,Defective,False
C007136,B15,Analog_IC,CH-03,25.65,120.0,34.73,6.175105614091465,6.362601420617092,11.10219461404702,7.68153532071013,50.0,6.65852024935676,6.697783824047575,6.742078928419096,6.801914477460194,12.0,NonMonotonicAnomaly,Defective,False
C007149,B15,Analog_IC,CH-03,25.65,120.0,34.73,12.886060671129648,11.083174442158596,9.2573379883653,8.669835940702182,50.0,6.850479225768996,6.7149675120868055,6.638670971438106,6.628780921671771,12.0,EarlyLifeInstability,Defective,False
C007158,B15,Analog_IC,CH-03,25.65,120.0,34.73,7.848717936881874,8.191478059057099,11.619595507255893,22.14359613226553,50.0,6.56993195544595,6.6033823407375,6.692904457746212,6.784709485785391,12.0,SuddenAnomaly,Defective,False
C007160,B15,Analog_IC,CH-03,25.65,120.0,34.73,7.6954911068607155,12.5567833189885,26.33130133672508,40.78548707946441,50.0,6.7935973160192935,6.966226126109587,7.450904708997108,7.96113496839685,12.0,NearLimitDrift,Defective,False
C007166,B15,Analog_IC,CH-03,25.65,120.0,34.73,7.249969681716746,7.886598994288993,10.630494834241365,13.368388833591874,50.0,6.824696967275983,6.930157465599372,7.258286970964944,7.545337911462094,12.0,GradualDrift,Defective,False
C007167,B15,Analog_IC,CH-03,25.65,120.0,34.73,8.268843261214384,13.033799516376869,27.0187873529288,,50.0,6.52606323271739,6.681336469107097,7.183505652435306,7.643700123045048,12.0,NearLimitDrift,Defective,False
C007179,B15,Analog_IC,CH-03,25.65,120.0,34.73,7.95574652994384,8.929308952308702,11.772395718295543,14.637974643315244,50.0,6.463779401786218,6.62930385063688,7.199845435606957,7.728357721564836,12.0,GradualDrift,Defective,False
C007180,B15,Analog_IC,CH-03,25.65,120.0,34.73,7.586202733572154,8.291832203453186,10.586601519616236,13.096568580858534,50.0,6.415113300358959,6.530632036135838,6.8653012910705415,7.246819291965892,12.0,GradualDrift,Defective,False
C007182,B15,Analog_IC,CH-03,25.65,120.0,34.73,9.553538097765696,8.280107669324993,7.631570171875243,7.481328612596052,50.0,6.506072282890631,6.310130056096033,6.286450100270889,6.24850077128799,12.0,EarlyLifeInstability,Defective,False
C007186,B15,Analog_IC,CH-03,25.65,120.0,34.73,7.1697749099731976,8.79450089957294,13.909928212588996,18.60837692641531,50.0,6.735775549545342,6.953077916274627,7.7332442706503,8.52352330554214,12.0,RapidDrift,Defective,False
C007187,B15,Analog_IC,CH-03,25.65,120.0,34.73,8.149003290618785,8.364024446737325,11.467183981511305,20.19348332565015,50.0,6.322456502708892,6.379878943938071,6.475624118870858,6.560268750767547,12.0,SuddenAnomaly,Defective,False
C007189,B15,Analog_IC,CH-03,25.65,120.0,34.73,7.940518519993565,9.560296671720366,15.01883898161296,20.29432536767936,50.0,6.398726314731664,6.700660271117154,7.524429067978857,8.29154950991225,12.0,RapidDrift,Defective,False
C007197,B15,Analog_IC,CH-03,25.65,120.0,34.73,8.274770476591268,9.329234368399218,12.505037318627537,15.651477989492294,50.0,6.960259959675929,7.101313945248468,7.469542280410928,7.8346895502581635,12.0,GradualDrift,Defective,False
C007204,B15,Analog_IC,CH-03,25.65,120.0,34.73,7.850329523118301,7.992027183693295,10.140278422075657,25.224103568265523,50.0,6.267527929271038,6.271461040060483,6.30546607604888,6.387587088278575,12.0,SuddenAnomaly,Defective,False
C007213,B15,Analog_IC,CH-03,25.65,120.0,34.73,6.232350088781814,6.798624521702976,9.319489245581504,11.728220331213148,50.0,6.139624808244544,6.286141025274793,6.754941135441643,7.21544695309617,12.0,GradualDrift,Defective,False
C007216,B15,Analog_IC,CH-03,25.65,120.0,34.73,8.081809691563477,8.306687968173177,18.74805569342613,9.23900442581469,50.0,6.493738183465156,6.512939095479022,6.6134162685181295,6.6891900330258345,12.0,NonMonotonicAnomaly,Defective,False
C007225,B15,Analog_IC,CH-03,25.65,120.0,34.73,7.5886204651994,7.589917103673814,12.04959431554508,21.85347685228362,50.0,6.284677878826308,6.301134096930005,6.3687960325316295,6.45938021311095,12.0,SuddenAnomaly,Defective,False
C007227,B15,Analog_IC,CH-03,25.65,120.0,34.73,7.081246209197021,7.888885122111678,10.5120255338945,13.212188437505697,50.0,6.559424294462457,6.762940518855781,7.299691017128041,7.890082471222128,12.0,GradualDrift,Defective,False
C007233,B15,Analog_IC,CH-03,25.65,120.0,34.73,6.487584210790974,6.893888688600078,8.973741975497672,10.81046780303216,50.0,6.575133180511219,6.6603899360891,6.82846532457755,6.9730608943908114,12.0,GradualDrift,Defective,False
C007234,B15,Analog_IC,CH-03,25.65,120.0,34.73,8.732932592260456,14.102168432649956,30.94272715555285,48.396910916561616,50.0,6.356611192520511,6.566559614019554,7.114714172474397,7.655322698817974,12.0,NearLimitDrift,Defective,False
C007251,B15,Analog_IC,CH-03,25.65,120.0,34.73,7.702670063882772,7.829782152286083,10.04387317106244,20.87184839729472,50.0,6.518256144706071,6.568087718894637,6.62287295054788,6.7066196464895445,12.0,SuddenAnomaly,Defective,False
C007252,B15,Analog_IC,CH-03,25.65,120.0,34.73,7.932868513106313,9.750734996287765,15.672085425348987,21.4272369604512,50.0,6.418449311539867,6.597154031394275,6.8427326394346375,7.222775291314601,12.0,RapidDrift,Defective,False
C007255,B15,Analog_IC,CH-03,25.65,120.0,34.73,11.42435128057615,9.248058202695352,8.63497948978874,8.394559942887517,50.0,6.195900063097212,5.994855357101796,6.007933471976594,5.967739746572439,12.0,EarlyLifeInstability,Defective,False
C007256,B15,Analog_IC,CH-03,25.65,120.0,34.73,7.983585750304006,8.986875805290532,12.525205059394825,16.071038731620508,50.0,6.601348455137419,6.666694612511929,6.899074467081721,7.1447138001401465,12.0,GradualDrift,Defective,False
C007257,B15,Analog_IC,CH-03,25.65,120.0,34.73,7.5299031990706045,7.537890820659252,14.140853349862564,8.688328706540489,50.0,6.774674034942103,6.804850146520977,6.910275985791123,7.01439231807342,12.0,NonMonotonicAnomaly,Defective,False
C007258,B15,Analog_IC,CH-03,25.65,120.0,34.73,7.7346405018401745,8.903545975434355,11.68680782033267,14.694146480873655,50.0,6.904845574836212,7.07592153155633,7.611927908232805,8.060200418575796,12.0,GradualDrift,Defective,False
C007270,B15,Analog_IC,CH-03,25.65,120.0,34.73,10.619610177270095,9.219065221750428,7.9051849105508305,8.171786209647749,50.0,6.446809890417408,6.377075929310033,6.358782533042255,6.317949046911892,12.0,EarlyLifeInstability,Defective,False
C007275,B15,Analog_IC,CH-03,25.65,120.0,34.73,8.426015026447606,9.36643194191717,12.210522489019732,15.083352506229083,50.0,6.633214298188319,6.813785787050433,7.232160356185727,7.585781629613258,12.0,GradualDrift,Defective,False
C007276,B15,Analog_IC,CH-03,25.65,120.0,34.73,8.062498514676577,9.343224301254192,12.94360936607128,16.871655381858158,50.0,6.270544271877974,6.391826761015548,6.815974008622298,7.274782671760568,12.0,GradualDrift,Defective,False
C007280,B15,Analog_IC,CH-03,25.65,120.0,34.73,8.56486761991804,10.379066186820353,15.8310865614195,21.939387214009667,50.0,6.268153328984861,6.523449778116313,7.319698166826775,8.10896737233311,12.0,RapidDrift,Defective,False
C007283,B15,Analog_IC,CH-03,25.65,120.0,34.73,7.6226885586328015,8.702819278109184,12.181165862462644,15.623202937367047,50.0,6.887260252730161,6.913072237088454,7.056368509097304,7.1790736878901535,12.0,GradualDrift,Defective,False
C007289,B15,Analog_IC,CH-03,25.65,120.0,34.73,7.823972068146543,8.956989390319393,12.393590167820642,15.878358543186629,50.0,6.722622034685681,6.832978877334488,7.187472279026317,7.5309253218805825,12.0,GradualDrift,Defective,False
C007291,B15,Analog_IC,CH-03,25.65,120.0,34.73,7.65576796983988,8.392032074945607,10.937336882876556,13.540518746456405,50.0,6.951215263486454,7.019327874228399,7.260744822479632,7.446607702332211,12.0,GradualDrift,Defective,False
C007296,B15,Analog_IC,CH-03,25.65,120.0,34.73,8.099519257034592,8.130164572156556,12.467671008495136,20.347017858530712,50.0,6.464224914988447,6.491024663542805,6.591705156383737,6.659181295795244,12.0,SuddenAnomaly,Defective,False
C007303,B15,Analog_IC,CH-03,25.65,120.0,34.73,8.454907397639381,9.54499294273666,14.094995671085936,18.38461108118313,50.0,6.83695564866092,7.130864636062258,7.843534346289459,8.64073887714839,12.0,RapidDrift,Defective,False
C007311,B15,Analog_IC,CH-03,25.65,120.0,34.73,7.174087134297654,7.256441166038031,9.181578901517115,24.086557925653924,50.0,6.5285339099015856,6.544415060172176,6.575412643172244,6.661679651677095,12.0,SuddenAnomaly,Defective,False
C007317,B15,Analog_IC,CH-03,25.65,120.0,34.73,7.830643946227261,8.655968386434404,11.161782435720424,13.713100294253124,50.0,6.34075136760559,6.46602654768428,6.883693807923109,7.259521299605631,12.0,GradualDrift,Defective,False
C007328,B15,Analog_IC,CH-03,25.65,120.0,34.73,8.084462284906863,12.843451093945475,26.392973537083297,41.16616811037685,50.0,6.3099368496212,6.434795688176433,6.807638349630397,7.196882305393095,12.0,NearLimitDrift,Defective,False
C007329,B15,Analog_IC,CH-03,25.65,120.0,34.73,6.910415198126957,7.005361949515217,9.661225344756655,22.46596449021775,50.0,6.709352718156248,6.752905393628357,6.817541441513026,6.8262013316314105,12.0,SuddenAnomaly,Defective,False
C007333,B15,Analog_IC,CH-03,25.65,120.0,34.73,7.216888415321502,7.798721657418445,9.328343415003904,10.739774042481878,50.0,6.516441444814016,6.646607079174832,7.053819038893676,7.455322407364628,12.0,GradualDrift,Defective,False
C007334,B15,Analog_IC,CH-03,25.65,120.0,34.73,9.118471486989035,9.601610508992929,11.238708885991874,12.779872909961552,50.0,6.674295995467611,6.870698374154043,7.403618514805254,7.922236933668905,12.0,GradualDrift,Defective,False
C007339,B15,Analog_IC,CH-03,25.65,120.0,34.73,8.449805359769474,12.87065854351838,28.839810335901404,45.33786216572805,50.0,6.216001525735976,6.347875502822915,6.757309504201832,7.18016274235827,12.0,NearLimitDrift,Defective,False
C007343,B15,Analog_IC,CH-03,25.65,120.0,34.73,8.682346810314677,11.188323637536998,17.77124421057622,24.480147284843177,50.0,6.4425571028450666,6.64501124034054,7.293661045998257,8.134967813909713,12.0,RapidDrift,Defective,False
C007345,B15,Analog_IC,CH-03,25.65,120.0,34.73,6.788977559828972,8.849059913637683,14.231925115680603,20.24339764659392,50.0,6.868288597280703,7.062861128931362,7.796585448580936,8.552902347375873,12.0,RapidDrift,Defective,False
C007348,B15,Analog_IC,CH-03,25.65,120.0,34.73,8.177855228600412,9.151797507186537,11.947019769777269,14.60802457274796,50.0,6.4137779114358064,6.506732809677691,6.914927026395994,7.303347647423795,12.0,GradualDrift,Defective,False
C007351,B15,Analog_IC,CH-03,25.65,120.0,34.73,7.312926180284409,12.719823549605838,29.40684302951014,46.14540998143559,50.0,6.034548601616451,6.126739008528755,6.528676051395264,6.970774533363539,12.0,NearLimitDrift,Defective,False
C007352,B15,Analog_IC,CH-03,25.65,120.0,34.73,7.81845455189988,8.068405173310145,10.205728758246856,18.42474499450796,50.0,6.016312506785492,6.012601370930401,6.122543288680772,6.272230051320297,12.0,SuddenAnomaly,Defective,False
C007353,B15,Analog_IC,CH-03,25.65,120.0,34.73,7.881947089205997,8.35868445125582,12.211263123792826,16.612220281662477,50.0,6.746651131217643,7.089719426253846,7.788127894662339,8.431223231980725,12.0,RapidDrift,Defective,False
C007355,B15,Analog_IC,CH-03,25.65,120.0,34.73,7.724326934424173,7.9314485503712495,14.82779840593972,8.966333358000519,50.0,6.94523377196092,6.936805500131015,7.036927605408575,7.143663576737578,12.0,NonMonotonicAnomaly,Defective,False
C007368,B15,Analog_IC,CH-03,25.65,120.0,34.73,7.718511321698661,8.693082364789664,11.838831755540015,15.266523879545126,50.0,6.305096726743546,6.4245013770636445,6.694550017520503,6.976386970286253,12.0,GradualDrift,Defective,False
C007371,B15,Analog_IC,CH-03,25.65,120.0,34.73,7.671319106991258,8.374170531638566,10.332331877624853,12.102394832908448,50.0,6.191057778622884,6.307962885684839,6.788088962958907,7.2689414670770915,12.0,GradualDrift,Defective,False
C007373,B15,Analog_IC,CH-03,25.65,120.0,34.73,8.212997961029714,14.00372271813468,30.910923091483088,48.99104067867979,50.0,6.528676129481136,6.633310766440531,6.907687402225736,7.260915512388676,12.0,NearLimitDrift,Defective,False
C007375,B15,Analog_IC,CH-03,25.65,120.0,34.73,7.873984566468913,8.693671775134256,10.934205495684632,13.42438117278537,50.0,6.690834379552988,6.808186892432537,7.226201105788983,7.724718013297871,12.0,GradualDrift,Defective,False
C007380,B15,Analog_IC,CH-03,25.65,120.0,34.73,7.765120757842872,8.480271935152308,10.66275814452727,12.888709113340273,50.0,6.299222932644795,6.449877129670837,6.9142297459682025,7.335265405192122,12.0,GradualDrift,Defective,False
C007387,B15,Analog_IC,CH-03,25.65,120.0,34.73,7.119923595702248,7.249113199700922,11.254631983750862,25.41740742317679,50.0,7.106913086936979,7.18885604269445,7.260706898156751,7.352700666692375,12.0,SuddenAnomaly,Defective,False
C007389,B15,Analog_IC,CH-03,25.65,120.0,34.73,6.23715006848337,7.747193662686299,11.460695142132362,15.50664003720966,50.0,6.422229714138816,6.778141239796388,7.529621586257551,8.385289683220684,12.0,RapidDrift,Defective,False
C007390,B15,Analog_IC,CH-03,25.65,120.0,34.73,7.710941096922972,8.77469895114411,11.446972356667928,13.971323548659454,50.0,6.801647047003103,6.932423599967137,7.307303696239547,7.684039321252799,12.0,GradualDrift,Defective,False
C007400,B15,Analog_IC,CH-03,25.65,120.0,34.73,6.694967336006244,6.759771624336724,14.618264444144838,6.936180740774439,50.0,6.4716961657727605,6.4440640949925845,6.50833310577378,6.539178793745298,12.0,NonMonotonicAnomaly,Defective,False
C007401,B15,Analog_IC,CH-03,25.65,120.0,34.73,7.370464905453362,7.340647608878385,15.711457086528323,7.206317942962705,50.0,6.272463465484986,6.262146990971496,6.373788184049312,6.4607525504386265,12.0,NonMonotonicAnomaly,Defective,False
C007427,B15,Analog_IC,CH-03,25.65,120.0,34.73,7.83817140898083,9.183589114481183,12.821673279580452,16.860943493932428,50.0,6.6543107944116935,6.971465432380046,7.566849962489542,8.267792691852923,12.0,RapidDrift,Defective,False
C007432,B15,Analog_IC,CH-03,25.65,120.0,34.73,8.123519402444696,8.073064630834542,10.52496678747617,23.30547049015471,50.0,6.792621475577708,6.821051412454064,6.954795778275039,7.073953341177484,12.0,SuddenAnomaly,Defective,False
C007434,B15,Analog_IC,CH-03,25.65,120.0,34.73,7.252083709056422,8.031223963618398,11.044114109747865,14.092934917103229,50.0,6.593304833945833,6.729905635378632,7.259198483193987,7.757682389246812,12.0,GradualDrift,Defective,False
C007439,B15,Analog_IC,CH-03,25.65,120.0,34.73,8.846192640550374,14.289912492560529,30.682020847823253,47.95894453728063,50.0,6.476242240108921,6.650182121863857,7.14630238619967,7.644772101831586,12.0,NearLimitDrift,Defective,False
C007441,B15,Analog_IC,CH-03,25.65,120.0,34.73,9.843875878189897,8.209768410733025,7.74247690437526,7.162440944417421,50.0,6.740624392778237,6.598792582993316,6.496212705262997,6.43933746091448,12.0,EarlyLifeInstability,Defective,False
C007450,B15,Analog_IC,CH-03,25.65,120.0,34.73,8.074394101493167,8.112949384012108,11.687669003192342,23.55369832599598,50.0,6.407946395191049,6.45429721119382,6.660919212078596,6.891146999242353,12.0,SuddenAnomaly,Defective,False
C007461,B15,Analog_IC,CH-03,25.65,120.0,34.73,7.668650575914555,9.144980486087386,13.557960830241669,18.03068128144644,50.0,6.534834379341341,6.679455339277969,7.028471360564673,7.565322742669679,12.0,RapidDrift,Defective,False
C007464,B15,Analog_IC,CH-03,25.65,120.0,34.73,8.030618385871636,9.046976995940952,11.840256477751852,14.886043637276682,50.0,6.6681854574406,6.807053254173963,7.20326155079855,7.621603921760504,12.0,GradualDrift,Defective,False
C007472,B15,Analog_IC,CH-03,25.65,120.0,34.73,6.992958654099884,7.112179768715603,11.118070210923287,20.72881734502516,50.0,6.6550689711830335,6.665445789752563,6.7195654325947,6.769690116641232,12.0,SuddenAnomaly,Defective,False
C007477,B15,Analog_IC,CH-03,25.65,120.0,34.73,7.892871896453781,9.412181513783027,14.034897653349898,18.99177437237024,50.0,6.305152056175946,6.472775797519141,6.883588260886839,7.250966083853469,12.0,RapidDrift,Defective,False
C007482,B15,Analog_IC,CH-03,25.65,120.0,34.73,7.080937305594424,7.208357493088248,17.23272008903766,7.778204488729988,50.0,6.510661009683857,6.564024706279659,6.614812786902872,6.670228241384214,12.0,NonMonotonicAnomaly,Defective,False
C007488,B15,Analog_IC,CH-03,25.65,120.0,34.73,7.049757454974875,8.037453803725857,11.06225094343474,14.372215622133014,50.0,6.464687916379036,6.614031416671881,7.102859847538795,7.677234763547183,12.0,GradualDrift,Defective,False
C007495,B15,Analog_IC,CH-03,25.65,120.0,34.73,11.65759912342596,9.898072211971987,8.473268335605173,8.618093280277026,50.0,6.97230931493798,6.876336651038116,6.778502375054755,6.7347035843333165,12.0,EarlyLifeInstability,Defective,False
C007496,B15,Analog_IC,CH-03,25.65,120.0,34.73,8.964631622317656,13.06533259696364,27.098837261140613,41.23661087757171,50.0,6.516385995793902,6.647618105803559,7.024332639514137,7.386556509935727,12.0,NearLimitDrift,Defective,False
C007507,B16,Logic_IC,CH-03,25.37,125.0,42.9,8.873074216463618,8.907603474104578,12.222989803680672,24.332999112716337,50.0,7.703537938280804,7.758529475829693,7.797962395276566,7.851087611094381,12.0,SuddenAnomaly,Defective,False
C007509,B16,Logic_IC,CH-03,25.37,125.0,42.9,10.223552989648752,10.475127553032602,14.146896598233743,19.48794338219828,50.0,7.515595901840832,7.552737793397727,7.632802709178176,7.741871795899509,12.0,SuddenAnomaly,Defective,False
C007510,B16,Logic_IC,CH-03,25.37,125.0,42.9,9.061907671782135,9.136363130038673,11.73948301280527,18.665359130965022,50.0,7.613904184064672,7.625157824785174,7.675326711561522,7.790075624857764,12.0,SuddenAnomaly,Defective,False
C007513,B16,Logic_IC,CH-03,25.37,125.0,42.9,10.047478529333851,11.053168333659691,14.125907674508936,17.323227584025737,50.0,7.767969933433608,7.945912871199531,8.518950252843865,9.064245502158633,12.0,GradualDrift,Defective,False
C007515,B16,Logic_IC,CH-03,25.37,125.0,42.9,10.72861412867205,12.632796445185663,17.801179330384628,23.35939824663925,50.0,8.145678465115736,8.267368612829385,8.845454379834788,9.396434103036036,12.0,RapidDrift,Defective,False
C007521,B16,Logic_IC,CH-03,25.37,125.0,42.9,10.547324191818072,10.53279972906432,13.17011062606943,25.1421584887926,50.0,7.784280036202783,7.7961427693915635,7.909292986464237,8.040853230632383,12.0,SuddenAnomaly,Defective,False
C007522,B16,Logic_IC,CH-03,25.37,125.0,42.9,9.214988755007871,9.440247400605468,12.656687892606378,26.65392848752745,50.0,7.315228234343595,7.358207069992546,7.504962899707798,7.626167383822,12.0,SuddenAnomaly,Defective,False
C007525,B16,Logic_IC,CH-03,25.37,125.0,42.9,10.573836484142618,10.68688504999252,13.872347623351338,24.034870048019,50.0,7.58290803900632,7.615469521970401,7.701975814684231,,12.0,SuddenAnomaly,Defective,False
C007533,B16,Logic_IC,CH-03,25.37,125.0,42.9,9.727754554732966,9.78262267329568,15.912535640179303,10.787712656656558,50.0,7.352882478662049,7.3718462668280464,7.452062099659479,7.564519469358895,12.0,NonMonotonicAnomaly,Defective,False
C007538,B16,Logic_IC,CH-03,25.37,125.0,42.9,15.05450389632294,11.79180745091672,11.119291948352094,10.727768216307338,50.0,7.84481341314922,7.820909779010602,7.742058424159614,7.728812615998216,12.0,EarlyLifeInstability,Defective,False
C007539,B16,Logic_IC,CH-03,25.37,125.0,42.9,13.781554002695971,12.825913057963156,11.558880611871553,11.464305758576112,50.0,7.814196759865664,7.681134091174968,,7.631542015502495,12.0,EarlyLifeInstability,Defective,False
C007550,B16,Logic_IC,CH-03,25.37,125.0,42.9,10.778096094692096,11.077007463772128,14.403217424485288,28.770162251245324,50.0,7.859578867822276,7.901092846843868,8.004112176454013,8.063138511985105,12.0,SuddenAnomaly,Defective,False
C007551,B16,Logic_IC,CH-03,25.37,125.0,42.9,10.800984619692452,15.487761755680523,28.019026068579773,41.224386893073344,50.0,7.49852166272907,7.624752405037285,8.013481652357669,8.414931183873835,12.0,NearLimitDrift,Defective,False
C007554,B16,Logic_IC,CH-03,25.37,125.0,42.9,9.397395915360104,9.609056218112244,12.280389244580448,21.590168851418007,50.0,7.494765979601711,7.59201112055282,7.764392310673202,7.918170030033461,12.0,SuddenAnomaly,Defective,False
C007556,B16,Logic_IC,CH-03,25.37,125.0,42.9,9.99272217304586,10.803677405701013,13.593717361262671,16.27800809886489,50.0,7.621428151760013,7.745404812196909,7.921193342633273,8.113198804174152,12.0,GradualDrift,Defective,False
C007559,B16,Logic_IC,CH-03,25.37,125.0,42.9,9.46254091946201,15.253392946247418,31.83664247156447,49.87215730534951,50.0,,8.16927530430394,8.585949964030744,9.010279020941343,12.0,NearLimitDrift,Defective,False
C007565,B16,Logic_IC,CH-03,25.37,125.0,42.9,9.624031653297978,12.004296744430055,18.31958883655725,25.00338556326996,50.0,7.941723067675153,8.240259447520708,9.13273891978924,10.014293466045824,12.0,RapidDrift,Defective,False
C007582,B16,Logic_IC,CH-03,25.37,125.0,42.9,9.187675875198202,9.693242133651202,11.407178302628328,13.211965804304734,50.0,7.303106177916822,7.49498951652694,8.085840268176641,8.632186489669424,12.0,GradualDrift,Defective,False
C007584,B16,Logic_IC,CH-03,25.37,125.0,42.9,9.113643541019014,10.02673704450478,12.70400812374199,15.560688103359048,50.0,7.642879230896353,7.715412289065386,7.887756366211065,8.04781063521878,12.0,GradualDrift,Defective,False
C007586,B16,Logic_IC,CH-03,25.37,125.0,42.9,9.560722795638192,9.688971570143108,18.1024846153982,10.30242914358863,50.0,7.780032966063948,7.806931514710366,7.883843521847505,7.961584225310274,12.0,NonMonotonicAnomaly,Defective,False
C007592,B16,Logic_IC,CH-03,25.37,125.0,42.9,9.997804531109423,11.103331692651054,13.890300343736506,16.692206306181202,50.0,7.492428943964282,7.693787317847092,8.253338417565459,8.78460489993665,12.0,GradualDrift,Defective,False
C007600,B16,Logic_IC,CH-03,25.37,125.0,42.9,11.308344662823613,12.15141885192022,14.54872106263502,16.72627201202203,50.0,7.619255339089003,7.763723374079601,8.158041564782618,8.52200051596151,12.0,GradualDrift,Defective,False
C007603,B16,Logic_IC,CH-03,25.37,125.0,42.9,10.213237847469632,15.258044093327795,31.54359737392145,48.0719314337767,50.0,7.892979234058049,8.100501213713796,8.608436707395706,9.196419939285894,12.0,NearLimitDrift,Defective,False
C007604,B16,Logic_IC,CH-03,25.37,125.0,42.9,10.006640860850853,11.496877198787034,15.881935370904856,20.60745961780111,50.0,7.3630057901494705,7.625040317271331,8.390812371922257,9.025448007735356,12.0,RapidDrift,Defective,False
C007606,B16,Logic_IC,CH-03,25.37,125.0,42.9,14.242468516051058,12.47572346330372,10.151566198785869,10.263128835841552,50.0,8.382857708941813,8.223285796144866,8.131383432469583,8.155161440312341,12.0,EarlyLifeInstability,Defective,False
C007607,B16,Logic_IC,CH-03,25.37,125.0,42.9,14.096710431741986,11.108420202111748,9.650773101150248,9.438922655844834,50.0,8.047748559916434,7.886309811212554,7.814089477317793,7.748081777197679,12.0,EarlyLifeInstability,Defective,False
C007621,B16,Logic_IC,CH-03,25.37,125.0,42.9,10.863884549513822,14.910217989907652,26.98497476694074,39.763632061354585,50.0,7.938950154413882,8.081897220740053,8.412219254489056,8.750564883049568,12.0,NearLimitDrift,Defective,False
C007622,B16,Logic_IC,CH-03,25.37,125.0,42.9,9.547668166580006,10.725313283318275,14.124666214442902,17.634127130383323,50.0,7.748389796123394,7.884544295692461,8.273611937506223,8.611616197069903,12.0,GradualDrift,Defective,False
C007623,B16,Logic_IC,CH-03,25.37,125.0,42.9,10.486432396906938,15.06442990243338,30.84579010901568,46.4663529301186,50.0,7.68788604183071,7.890547692878408,8.496921291684496,9.14082257873124,12.0,NearLimitDrift,Defective,False
C007629,B16,Logic_IC,CH-03,25.37,125.0,42.9,9.638143039819424,10.392099737266072,13.128733228123542,15.865147226195909,50.0,8.012665892448359,8.12390500236143,8.481565046700162,8.861391681641132,12.0,GradualDrift,Defective,False
C007630,B16,Logic_IC,CH-03,25.37,125.0,42.9,9.33538597617108,11.37422650333392,17.440717048444114,23.653173701302137,50.0,7.529407962314903,7.634179056946383,7.980371714355944,8.495386533666789,12.0,RapidDrift,Defective,False
C007634,B16,Logic_IC,CH-03,25.37,125.0,42.9,9.609146930090583,9.747333581429128,18.40262002758255,10.546227240067315,50.0,7.636771926874123,7.704368284320703,7.83599391665472,7.970158279488068,12.0,NonMonotonicAnomaly,Defective,False
C007643,B16,Logic_IC,CH-03,25.37,125.0,42.9,9.376300906319086,13.318885949947086,27.553143955331684,42.16481167429432,50.0,7.707381006626407,7.8931695579823025,8.46624720581576,9.006080342273648,12.0,NearLimitDrift,Defective,False
C007650,B16,Logic_IC,CH-03,25.37,125.0,42.9,9.079786440717768,9.840905902543986,12.457911152078598,15.217162637629553,50.0,7.48254730805372,7.551510242695934,7.842076746685402,8.136408049401783,12.0,GradualDrift,Defective,False
C007658,B16,Logic_IC,CH-03,25.37,125.0,42.9,10.476152573242056,11.076360073773486,12.893974321005183,14.69841130281799,50.0,7.116129096849296,7.294070420406251,7.741707277632756,8.179570626559768,12.0,GradualDrift,Defective,False
C007668,B16,Logic_IC,CH-03,25.37,125.0,42.9,10.014226635592705,11.559635698452286,16.543094089252797,21.810351661977712,50.0,7.45710025701361,7.717045683165476,8.475170867466643,9.104909973988487,12.0,RapidDrift,Defective,False
C007678,B16,Logic_IC,CH-03,25.37,125.0,42.9,10.443512050648604,10.6528100164957,13.271047065101282,26.37646354660552,50.0,7.551472966251859,7.6206567225974275,7.7450476470342196,7.894226443848908,12.0,SuddenAnomaly,Defective,False
C007679,B16,Logic_IC,CH-03,25.37,125.0,42.9,10.2895617509072,15.516148054679848,32.06265631688852,48.55588713729015,50.0,7.552057261982019,7.795459617253761,8.445692298920948,9.032011599671067,12.0,NearLimitDrift,Defective,False
C007680,B16,Logic_IC,CH-03,25.37,125.0,42.9,9.73626431082364,10.630815813348502,13.50171416857896,16.426679335065288,50.0,7.453566347004063,7.579441036176763,7.877844673332471,8.13157749265433,12.0,GradualDrift,Defective,False
C007683,B16,Logic_IC,CH-03,25.37,125.0,42.9,8.262815056235192,9.900146114004336,15.191063656167737,20.35129844469601,50.0,7.421967950147635,7.724499857070411,8.329397494727143,8.97422736273941,12.0,RapidDrift,Defective,False
C007684,B16,Logic_IC,CH-03,25.37,125.0,42.9,10.861351575398226,11.724944526684306,14.609587044217484,17.58699941001523,50.0,7.672910496259144,7.775498525569534,8.113776911897139,8.438020364157806,12.0,GradualDrift,Defective,False
C007690,B16,Logic_IC,CH-03,25.37,125.0,42.9,8.994805838568157,9.063331705713171,11.420487319990931,20.27900307345188,50.0,8.04186824722469,8.07073430753626,8.234646619345716,8.399049781685216,12.0,SuddenAnomaly,Defective,False
C007693,B16,Logic_IC,CH-03,25.37,125.0,42.9,9.489404263868911,10.53583329301269,13.081698683351236,15.580850702728767,50.0,7.913333439030815,8.061429445716978,8.460893104248477,8.833813604539996,12.0,GradualDrift,Defective,False
C007696,B16,Logic_IC,CH-03,25.37,125.0,42.9,9.352013433366416,9.5360233700399,12.907682744095414,17.853509489483486,50.0,7.710305784454854,7.707673665512289,7.751852192660884,7.750437172479342,12.0,SuddenAnomaly,Defective,False
C007697,B16,Logic_IC,CH-03,25.37,125.0,42.9,10.595977965185336,11.660496794826676,14.91250603132672,18.41450803866644,50.0,7.982329435749314,8.057905963934912,8.304049929857447,8.560042431822472,12.0,GradualDrift,Defective,False
C007699,B16,Logic_IC,CH-03,25.37,125.0,42.9,9.296384032348096,9.31540654377251,11.877758368048228,18.102933781244168,50.0,8.136729134372363,8.161358207012245,8.207963211318722,8.304088753001661,12.0,SuddenAnomaly,Defective,False
C007707,B16,Logic_IC,CH-03,25.37,125.0,42.9,9.32097502076986,10.008543671624636,12.306384951834804,14.7836891274256,50.0,7.900532420822284,8.044324783290435,8.622378229858317,9.16964914705214,12.0,GradualDrift,Defective,False
C007711,B16,Logic_IC,CH-03,25.37,125.0,42.9,9.855335209708056,11.059242579399733,14.525348072494692,18.287789451992808,50.0,7.967556646682416,8.10791736466567,8.494937713896949,8.881396677307098,12.0,GradualDrift,Defective,False
C007715,B16,Logic_IC,CH-03,25.37,125.0,42.9,9.214747625035717,10.085796597393204,12.71760818323531,15.436765923728345,50.0,7.531540632807187,7.585046212541378,7.861271553223357,8.106617942927384,12.0,GradualDrift,Defective,False
C007721,B16,Logic_IC,CH-03,25.37,125.0,42.9,8.912618510341359,9.6801277465255,11.94719582919002,14.362283786325714,50.0,7.709042535412758,7.8117054908885315,8.133398190999221,8.459205756450272,12.0,GradualDrift,Defective,False
C007725,B16,Logic_IC,CH-03,25.37,125.0,42.9,9.060858585964624,10.0276371200893,13.049469347984774,16.21982216772269,50.0,7.498377369297048,7.604012376600062,7.854648784781661,8.126086885363499,12.0,GradualDrift,Defective,False
C007728,B16,Logic_IC,CH-03,25.37,125.0,42.9,8.256003032682202,9.95519213412932,14.521472500269288,19.936751546870333,50.0,7.578992512921933,7.885176849777683,8.560639092048598,9.210402875547198,12.0,RapidDrift,Defective,False
C007730,B16,Logic_IC,CH-03,25.37,125.0,42.9,10.146928620837128,10.717561916270745,12.429642233722811,14.424411335996703,50.0,7.791401187097013,7.929795924714275,8.310718613747932,8.651231174716951,12.0,GradualDrift,Defective,False
C007731,B16,Logic_IC,CH-03,25.37,125.0,42.9,10.033617431540382,14.500482648127354,28.209617469403764,42.21462099701108,50.0,7.582047062079542,7.699552492955957,8.192597695225563,8.664550867777633,12.0,NearLimitDrift,Defective,False
C007735,B16,Logic_IC,CH-03,25.37,125.0,42.9,10.720493128909238,11.544669477476772,13.866994594659126,16.305845155938673,50.0,7.513906122426285,7.5619568566187665,7.716003600010748,7.901459005260377,12.0,GradualDrift,Defective,False
C007744,B16,Logic_IC,CH-03,25.37,125.0,42.9,10.029370873414663,14.412725308477508,27.408070865418285,41.52900882947013,50.0,7.53814005695507,7.603131179630394,7.841134835035179,8.067518070385962,12.0,NearLimitDrift,Defective,False
C007752,B16,Logic_IC,CH-03,25.37,125.0,42.9,10.8899196576978,12.510348765668216,17.192114093259104,22.153554683061543,50.0,7.543211042694248,7.803028013798234,8.687012875930169,9.635340720900931,12.0,RapidDrift,Defective,False
C007757,B16,Logic_IC,CH-03,25.37,125.0,42.9,9.353269798114958,10.460558118338868,13.9328332743555,17.643743719422858,50.0,7.587188168579802,7.64683100153799,7.949396340641845,8.220442465598824,12.0,GradualDrift,Defective,False
C007758,B16,Logic_IC,CH-03,25.37,125.0,42.9,10.67716231720772,11.33872333682162,13.312057168215564,15.207382877090083,50.0,7.516554635021008,7.586482593862665,7.922498637668187,8.23325655787733,12.0,GradualDrift,Defective,False
C007759,B16,Logic_IC,CH-03,25.37,125.0,42.9,9.712287234029212,10.791097225127215,14.486241167263591,18.247257447742392,50.0,7.390723352023143,7.507275490574468,7.796872690686527,8.049831410547494,12.0,GradualDrift,Defective,False
C007761,B16,Logic_IC,CH-03,25.37,125.0,42.9,10.128877887302142,11.206771087214548,14.40240169384477,17.73470182503712,50.0,7.805794264234231,7.966944248776466,8.444413365440225,8.819743322810583,12.0,GradualDrift,Defective,False
C007764,B16,Logic_IC,CH-03,25.37,125.0,42.9,10.540760483976864,12.294776726763027,17.415957155419953,22.673128705038284,50.0,7.408482178882355,7.7396014422770785,8.460204324951649,9.267478435081534,12.0,RapidDrift,Defective,False
C007775,B16,Logic_IC,CH-03,25.37,125.0,42.9,10.440725156129409,10.55873879891238,15.628984148616292,11.7651387013718,50.0,7.969741501386871,8.06518283348169,8.16243191333525,8.294733032504537,12.0,NonMonotonicAnomaly,Defective,False
C007776,B16,Logic_IC,CH-03,25.37,125.0,42.9,9.474484901848884,14.691873406879706,30.5497684621184,47.6423643092931,50.0,7.701951645303949,7.864263167857661,8.343945817409434,8.857752572515697,12.0,NearLimitDrift,Defective,False
C007779,B16,Logic_IC,CH-03,25.37,125.0,42.9,9.732137229395333,10.400373152379451,12.82322122249538,15.340428361089089,50.0,7.802191319155196,8.00383343676539,8.54126231729703,9.08203267853721,12.0,GradualDrift,Defective,False
C007780,B16,Logic_IC,CH-03,25.37,125.0,42.9,10.285475667617852,11.81803969406194,16.899322852233297,22.053014286219824,50.0,8.040760184247414,8.072389105611096,8.696866361868162,9.227176596600223,12.0,RapidDrift,Defective,False
C007785,B16,Logic_IC,CH-03,25.37,125.0,42.9,10.02835665192142,11.179193126572637,14.45185803626546,17.70096273186515,50.0,8.08131719368894,8.150917507042394,8.365565037053361,8.541591651277987,12.0,GradualDrift,Defective,False
C007786,B16,Logic_IC,CH-03,25.37,125.0,42.9,10.376575726373895,11.944587706873598,16.5109097390027,21.753390621069244,50.0,7.567441013431441,7.823337253147915,8.601196601262702,,12.0,RapidDrift,Defective,False
C007787,B16,Logic_IC,CH-03,25.37,125.0,42.9,9.740301685029502,9.737780531690412,12.793731017572991,27.91442195237237,50.0,7.270677636996554,7.329889336811757,7.444472732650466,7.560844554472604,12.0,SuddenAnomaly,Defective,False
C007788,B16,Logic_IC,CH-03,25.37,125.0,42.9,9.373959478029942,10.330298999896732,12.69541486059909,15.082662546613124,50.0,7.699622802474296,7.775105731952125,7.976016204448854,8.130216667015917,12.0,GradualDrift,Defective,False
C007798,B16,Logic_IC,CH-03,25.37,125.0,42.9,11.225439953584896,16.169825528131902,31.81423883682647,48.32105511188495,50.0,7.500191720883652,7.688720390792876,8.263006708761889,8.778993128385256,12.0,NearLimitDrift,Defective,False
C007803,B16,Logic_IC,CH-03,25.37,125.0,42.9,9.33954890807618,14.578859497941666,29.536047149747123,45.180047777282034,50.0,7.741910841284832,7.88739962996147,8.41959189991912,8.893219189975785,12.0,NearLimitDrift,Defective,False
C007804,B16,Logic_IC,CH-03,25.37,125.0,42.9,8.690329271222042,14.506341479864018,31.533605858236825,49.28274393309422,50.0,7.80867634965513,7.934260017675408,8.377391886590694,8.813203661696852,12.0,NearLimitDrift,Defective,False
C007810,B16,Logic_IC,CH-03,25.37,125.0,42.9,9.444776365553585,10.213775588780136,12.02686557649965,13.935045480168398,50.0,7.404661901311865,7.507436701858497,7.856970213144953,8.20091952112454,12.0,GradualDrift,Defective,False
C007825,B16,Logic_IC,CH-03,25.37,125.0,42.9,9.570785540578036,9.806816669622837,13.302986435553354,18.569923319753308,50.0,7.379795923048066,7.416916058895113,7.470766792471301,7.508325741202997,12.0,SuddenAnomaly,Defective,False
C007828,B16,Logic_IC,CH-03,25.37,125.0,42.9,8.487244836372021,9.637919920557142,12.86928144495924,16.15140653578398,50.0,7.799070611826362,7.887168402304567,8.285517487618813,8.688518968438833,12.0,GradualDrift,Defective,False
C007829,B16,Logic_IC,CH-03,25.37,125.0,42.9,9.73962126780931,11.195361452667171,14.542575611322638,18.72774662620153,50.0,7.720428276783616,8.133725349399349,8.973546328646055,9.910869628732907,12.0,RapidDrift,Defective,False
C007830,B16,Logic_IC,CH-03,25.37,125.0,42.9,11.1929195286044,11.379434210518149,14.384963749747602,26.189593252678968,50.0,7.484621417510469,7.50342905474505,7.62354762825225,7.67220772406006,12.0,SuddenAnomaly,Defective,False
C007831,B16,Logic_IC,CH-03,25.37,125.0,42.9,10.105284659090174,10.445782085483062,13.67957646871417,20.449728899213675,50.0,7.312838447258372,7.396311320860774,7.541177605890661,7.65458001511255,12.0,SuddenAnomaly,Defective,False
C007832,B16,Logic_IC,CH-03,25.37,125.0,42.9,9.782271617497996,9.950884776969543,13.04268787184322,19.272703210070468,50.0,7.890456533401893,7.8820914909836945,7.918588013600112,7.977427572540789,12.0,SuddenAnomaly,Defective,False
C007836,B16,Logic_IC,CH-03,25.37,125.0,42.9,9.267678394365165,11.169164244580564,17.577397537026737,24.443309188865776,50.0,7.359898320699476,7.487148161952461,7.854884777406439,8.216929040156543,12.0,RapidDrift,Defective,False
C007844,B16,Logic_IC,CH-03,25.37,125.0,42.9,15.396679150947842,12.631164427743792,11.780340520414548,11.23934699373697,50.0,7.672837948253463,7.524378559993099,7.472796343408833,7.465070948639156,12.0,EarlyLifeInstability,Defective,False
C007845,B16,Logic_IC,CH-03,25.37,125.0,42.9,9.793196000807244,11.195251086436206,15.105784430181089,18.890756419183305,50.0,7.846482255005301,7.844255372450169,8.244666029541358,8.535400396802203,12.0,RapidDrift,Defective,False
C007846,B16,Logic_IC,CH-03,25.37,125.0,42.9,9.60171964104748,9.890181169208654,12.397175003606462,23.860456564749185,50.0,7.711083161318934,7.681550323261854,7.764677533940189,7.838804099862732,12.0,SuddenAnomaly,Defective,False
C007855,B16,Logic_IC,CH-03,25.37,125.0,42.9,13.048361703593828,11.037634189311897,10.524402667161825,10.28661879706244,50.0,7.849789086953496,7.754740970307149,7.710392043368167,7.624448742974661,12.0,EarlyLifeInstability,Defective,False
C007860,B16,Logic_IC,CH-03,25.37,125.0,42.9,9.783357242507826,11.46962356345325,15.53869965488714,19.86244033235036,50.0,8.006346531383716,8.290058768656776,9.19945252232943,10.010397967249608,12.0,RapidDrift,Defective,False
C007862,B16,Logic_IC,CH-03,25.37,125.0,42.9,10.042309531916402,10.380094313380388,12.847564481128272,28.51173133397725,50.0,7.545929935073357,7.62469047455171,7.748592454916906,7.883050160019597,12.0,SuddenAnomaly,Defective,False
C007868,B16,Logic_IC,CH-03,25.37,125.0,42.9,10.223719767629785,11.232043840489643,14.805961115914776,18.608500970379666,50.0,7.983460323240481,8.096776077137184,8.567595050568599,8.939930772557137,12.0,GradualDrift,Defective,False
C007870,B16,Logic_IC,CH-03,25.37,125.0,42.9,9.522246828990204,10.370966930331225,12.95793955449599,15.579074827651356,50.0,7.7496412045547505,7.806367192604424,7.996843165108912,8.180485898234098,12.0,GradualDrift,Defective,False
C007871,B16,Logic_IC,CH-03,25.37,125.0,42.9,9.8169384177987,12.089483533602008,17.631359440776567,23.4847465385062,50.0,7.864758348895306,7.951335052314109,8.204382854019002,8.607085288802358,12.0,RapidDrift,Defective,False
C007875,B16,Logic_IC,CH-03,25.37,125.0,42.9,9.910114363045668,10.61935270709283,12.540198410207994,14.61219882868546,50.0,7.609185154574262,7.829728359887192,8.390151144509534,8.897363479691142,12.0,GradualDrift,Defective,False
C007878,B16,Logic_IC,CH-03,25.37,125.0,42.9,9.74941066339508,10.37310015283778,12.749478899462616,15.26813149366181,50.0,7.556028276687237,7.674511890781262,7.97160339195786,8.331346840427011,12.0,GradualDrift,Defective,False
C007882,B16,Logic_IC,CH-03,25.37,125.0,42.9,9.543381106109104,14.88383768920064,29.72739757179749,45.79087481610333,50.0,7.422645959224935,7.599523048247535,8.216403607584134,8.800749647733824,12.0,NearLimitDrift,Defective,False
C007893,B16,Logic_IC,CH-03,25.37,125.0,42.9,11.178669950371232,11.512464088811049,15.788822061013418,24.07767741848937,50.0,7.696304322420143,7.718752113124549,7.822705453979784,7.89054056549417,12.0,SuddenAnomaly,Defective,False
C007899,B16,Logic_IC,CH-03,25.37,125.0,42.9,9.100995437925375,11.048416613350406,17.06554029718756,23.50241901947839,50.0,7.176482084541382,7.477654983209167,8.334618703746052,9.164037541793226,12.0,RapidDrift,Defective,False
C007913,B16,Logic_IC,CH-03,25.37,125.0,42.9,10.266136328588182,10.941477282245474,12.783403128117758,14.407049430966335,50.0,7.653988237283766,7.794203841221464,8.226115459441028,8.654013403045772,12.0,GradualDrift,Defective,False
C007914,B16,Logic_IC,CH-03,25.37,125.0,42.9,9.663101344652189,9.639575016585985,17.142188519823296,10.631802514851936,50.0,7.687752501874436,7.704986666701502,7.790253708823626,7.831529296445654,12.0,NonMonotonicAnomaly,Defective,False
C007920,B16,Logic_IC,CH-03,25.37,125.0,42.9,10.084339269979164,10.62651137482882,12.993782586260648,15.59836586479808,50.0,8.04554350435477,8.149601875311443,8.55658449255632,8.992263467170002,12.0,GradualDrift,Defective,False
C007922,B16,Logic_IC,CH-03,25.37,125.0,42.9,9.58954622660826,9.739386946158252,13.025758221233904,19.78832844673388,50.0,7.726710884128019,7.706702462526332,7.736105946488139,7.734406964068227,12.0,SuddenAnomaly,Defective,False
C007926,B16,Logic_IC,CH-03,25.37,125.0,42.9,9.961147468364322,10.364111224661308,11.948207168272717,13.509354256823864,50.0,7.524681764294537,7.691103045675984,8.089545233986156,8.528615393434473,12.0,GradualDrift,Defective,False
C007936,B16,Logic_IC,CH-03,25.37,125.0,42.9,8.617150867522101,8.945167817234724,12.531140960635444,18.59607121045974,50.0,7.574955953021746,7.665134108171542,7.762705767757583,7.846129160939228,12.0,SuddenAnomaly,Defective,False
C007942,B16,Logic_IC,CH-03,25.37,125.0,42.9,10.269933745631288,15.498570452566158,32.21102003155888,49.41876844011963,50.0,7.629197549294036,7.700530439988558,7.990716669919811,8.322453053377938,12.0,NearLimitDrift,Defective,False
C007944,B16,Logic_IC,CH-03,25.37,125.0,42.9,9.180571116868972,9.766117730024291,11.914349547396874,13.919808758968372,50.0,7.749674413579347,7.910485969105302,8.345786569688261,8.770617812159205,12.0,GradualDrift,Defective,False
C007946,B16,Logic_IC,CH-03,25.37,125.0,42.9,13.172140962152982,11.431165476172689,10.547329496045386,9.594908188790788,50.0,8.02651809333735,7.851659990431785,7.831103922982604,7.814133431038936,12.0,EarlyLifeInstability,Defective,False
C007949,B16,Logic_IC,CH-03,25.37,125.0,42.9,15.021300837128836,12.44905309267286,11.55128421746339,11.027943910604224,50.0,7.755382534996666,7.680294521416986,7.530883860677055,7.579165709520367,12.0,EarlyLifeInstability,Defective,False
C007956,B16,Logic_IC,CH-03,25.37,125.0,42.9,10.616021183975064,12.338914407409735,17.406650091095464,22.0440483982634,50.0,7.226256750650278,7.373999156389455,8.082077899326352,8.573254709310737,12.0,RapidDrift,Defective,False
C007962,B16,Logic_IC,CH-03,25.37,125.0,42.9,12.022149944898889,10.792474716917384,10.28167580636749,10.047263009122416,50.0,8.470920581004949,8.300741943126683,8.27221194368193,8.211170992183208,12.0,EarlyLifeInstability,Defective,False
C007963,B16,Logic_IC,CH-03,25.37,125.0,42.9,14.852704430889428,13.01484028207851,11.821698135714191,11.368048136033469,50.0,7.546759329670545,7.3444096898944915,7.322158957362043,7.31953593958211,12.0,EarlyLifeInstability,Defective,False
C007966,B16,Logic_IC,CH-03,25.37,125.0,42.9,11.133731274816183,12.268806187155072,15.71858825555312,19.395484406176035,50.0,8.072765793320455,8.288682253624906,8.78776396584498,9.236682456593485,12.0,GradualDrift,Defective,False
C007967,B16,Logic_IC,CH-03,25.37,125.0,42.9,10.866651165966893,14.776666212402658,27.821085461334825,41.13067624882176,50.0,7.334330085457135,7.479753922185291,7.920252174506238,8.35983706378393,12.0,NearLimitDrift,Defective,False
C007971,B16,Logic_IC,CH-03,25.37,125.0,42.9,9.960581959351932,10.627096299036811,12.995238295328411,14.906719603017848,50.0,7.443480402491956,7.612705805433627,8.047504750632022,8.48195602674132,12.0,GradualDrift,Defective,False
C007973,B16,Logic_IC,CH-03,25.37,125.0,42.9,10.60911823098198,11.182833544687478,13.29443894459566,15.386776787090504,50.0,7.758673164846122,7.894386561548676,8.37275511026477,8.875375072155302,12.0,GradualDrift,Defective,False
C007974,B16,Logic_IC,CH-03,25.37,125.0,42.9,10.393094434542556,11.125820777183096,13.280632305725725,15.373966015858448,50.0,7.7528067038891075,7.92646729034321,8.43498283114038,8.91345246925622,12.0,GradualDrift,Defective,False
C007987,B16,Logic_IC,CH-03,25.37,125.0,42.9,14.501026887716051,12.666629820054212,10.887324416899984,10.62358499098209,50.0,7.435473923205691,7.276024645942,7.192166824009442,7.236676759125136,12.0,EarlyLifeInstability,Defective,False
C007996,B16,Logic_IC,CH-03,25.37,125.0,42.9,9.505495133293476,14.896903911234949,32.22004948713418,49.14132015404471,50.0,7.858788870547095,7.992728297229746,8.40766937205157,8.78671966347277,12.0,NearLimitDrift,Defective,False
C007998,B16,Logic_IC,CH-03,25.37,125.0,42.9,10.254980667135069,11.821117677376431,18.112146749459058,25.00486692657556,50.0,8.21922272421683,8.412433734808284,8.974510757172622,9.459447668422063,12.0,RapidDrift,Defective,False
C008004,B17,Logic_IC,CH-04,23.77,125.0,44.24,10.383228107848852,14.4808175772314,27.1054512820786,40.06768282801188,50.0,8.275021757141529,8.5011820736037,9.080516481460164,9.603559119797184,12.0,NearLimitDrift,Defective,False
C008021,B17,Logic_IC,CH-04,23.77,125.0,44.24,10.858450183420716,12.130896582924972,15.94255497299803,19.634805429579018,50.0,7.961821490021794,8.108062979475731,8.684840342433386,9.203541772485115,12.0,GradualDrift,Defective,False
C008022,B17,Logic_IC,CH-04,23.77,125.0,44.24,9.931667488173726,10.203757816967522,14.479028571489753,22.874265319874475,50.0,8.11644485220772,8.11280151183831,8.178155466835351,8.200620568695697,12.0,SuddenAnomaly,Defective,False
C008033,B17,Logic_IC,CH-04,23.77,125.0,44.24,10.505600486244091,10.66997539085006,14.917591826058365,20.598737423373525,50.0,7.9062174287537985,7.940721623158604,8.036958222413075,8.156451898107928,12.0,SuddenAnomaly,Defective,False
C008034,B17,Logic_IC,CH-04,23.77,125.0,44.24,10.670429465417609,11.195656511277225,12.973016472950734,14.836629025306465,50.0,8.155318011204603,8.28625323070922,8.7404879793025,9.203291020093902,12.0,GradualDrift,Defective,False
C008040,B17,Logic_IC,CH-04,23.77,125.0,44.24,10.71213444186172,11.353738358247544,13.524502616496454,15.724894022806827,50.0,8.689957057203575,8.737538656028155,8.902609257393411,9.103996664470444,12.0,GradualDrift,Defective,False
C008041,B17,Logic_IC,CH-04,23.77,125.0,44.24,10.127526379962804,11.616219599734109,16.42261038053178,21.739008332679298,50.0,8.05531253421914,8.22084541013368,8.502211348878117,8.75941586894025,12.0,RapidDrift,Defective,False
C008045,B17,Logic_IC,CH-04,23.77,125.0,44.24,10.706757437371648,11.385750885974032,13.31267504087048,15.274530898815708,50.0,7.906705408862905,8.05169443261817,8.576589564062203,9.093225981977538,12.0,GradualDrift,Defective,False
C008049,B17,Logic_IC,CH-04,23.77,125.0,44.24,9.361763639437669,11.445045655659891,17.48455940507384,23.512044904226272,50.0,8.317745495804767,8.59685384050533,9.262842554235924,9.801047499842117,12.0,RapidDrift,Defective,False
C008052,B17,Logic_IC,CH-04,23.77,125.0,44.24,8.815209529198114,8.826108860184215,12.309911655365052,18.081052950496456,50.0,7.799216063246845,7.834050728821503,7.910738235856019,8.003339334838165,12.0,SuddenAnomaly,Defective,False
C008058,B17,Logic_IC,CH-04,23.77,125.0,44.24,10.573405580582463,11.30657888777978,13.832915871004474,16.220433952049795,50.0,7.519387921399208,7.633828958209062,7.964146521962357,8.282984735142241,12.0,GradualDrift,Defective,False
C008062,B17,Logic_IC,CH-04,23.77,125.0,44.24,9.216016525089884,9.835974053855292,12.265333865664202,14.26192354538698,50.0,8.239995382182217,8.270563456877557,8.49938252261483,8.733684469228026,12.0,GradualDrift,Defective,False
C008068,B17,Logic_IC,CH-04,23.77,125.0,44.24,9.426092947379894,9.63547812067612,19.333632622669963,10.3119212236885,50.0,8.176965938956135,8.18381653181426,8.208167982088927,8.26357848632397,12.0,NonMonotonicAnomaly,Defective,False
C008070,B17,Logic_IC,CH-04,23.77,125.0,44.24,10.790187597534093,11.066592335986137,14.46764841336224,29.450916126631952,50.0,8.428458463857767,8.510721481791462,8.65430242355266,8.760815925220571,12.0,SuddenAnomaly,Defective,False
C008072,B17,Logic_IC,CH-04,23.77,125.0,44.24,10.19412324956711,10.66266949503167,12.14288027019242,13.635959745359704,50.0,8.139368398344809,8.324827215661758,8.805182174733853,9.2947152416522,12.0,GradualDrift,Defective,False
C008076,B17,Logic_IC,CH-04,23.77,125.0,44.24,10.99208983076697,11.035238714041276,15.21275078574087,20.198261563865888,50.0,8.690020980589399,8.69307260766663,8.794924812479708,8.847427417938967,12.0,SuddenAnomaly,Defective,False
C008078,B17,Logic_IC,CH-04,23.77,125.0,44.24,10.736316694351029,11.639140107566588,14.349606827416638,16.83969198724726,50.0,8.591374670465651,8.765523876570708,9.288513279719767,9.835687748656436,12.0,GradualDrift,Defective,False
C008079,B17,Logic_IC,CH-04,23.77,125.0,44.24,9.713897122855592,10.943558665354995,14.49698765280975,17.847220322318353,50.0,8.20065587792516,8.381318999065208,8.812306876358207,9.38811077800506,12.0,RapidDrift,Defective,False
C008080,B17,Logic_IC,CH-04,23.77,125.0,44.24,10.005987146078567,11.344051769887544,15.918320193785048,20.89375253353605,50.0,8.053797108727222,8.340520505391309,9.231534663642725,10.140512999538396,12.0,RapidDrift,Defective,False
C008081,B17,Logic_IC,CH-04,23.77,125.0,44.24,10.636586823122274,10.945864023160574,20.34412776912001,12.406700939305946,50.0,8.03394237552257,8.084929461100453,8.143750852702333,8.288427531793245,12.0,NonMonotonicAnomaly,Defective,False
C008086,B17,Logic_IC,CH-04,23.77,125.0,44.24,12.92670038823072,11.28260421006354,10.753095002863116,10.362304993129932,50.0,8.394564966308376,8.250664118936639,8.194595877888867,8.105910725477589,12.0,EarlyLifeInstability,Defective,False
C008087,B17,Logic_IC,CH-04,23.77,125.0,44.24,12.364104886363329,11.128568126368013,9.709601135852845,9.544688851724114,50.0,8.223234331760844,8.174640773372849,8.04880053783303,7.946038765736779,12.0,EarlyLifeInstability,Defective,False
C008089,B17,Logic_IC,CH-04,23.77,125.0,44.24,10.684649573004837,12.226391421459793,16.76991517245312,21.286655880311542,50.0,7.930502486049755,8.114168198153644,8.711807923443647,9.281654928105608,12.0,RapidDrift,Defective,False
C008095,B17,Logic_IC,CH-04,23.77,125.0,44.24,9.644302337952093,9.540819906616552,16.600821440870764,9.856633020685372,50.0,8.344951865400411,8.372148482833683,8.440944234988592,8.56026398200546,12.0,NonMonotonicAnomaly,Defective,False
C008097,B17,Logic_IC,CH-04,23.77,125.0,44.24,10.39635335059449,11.487746883755824,14.866180925512468,18.11046181826909,50.0,8.14230969984706,8.33681848897604,8.906506285816237,9.472712011276489,12.0,GradualDrift,Defective,False
C008106,B17,Logic_IC,CH-04,23.77,125.0,44.24,11.2831612949591,12.023889231497144,14.42110722654269,16.901844484247288,50.0,8.081249839625215,8.198846746040413,8.524089204298848,8.810476444146197,12.0,GradualDrift,Defective,False
C008109,B17,Logic_IC,CH-04,23.77,125.0,44.24,10.819416786999232,13.089619730781118,19.3530271271996,25.65853868861332,50.0,8.12440600890415,8.296956094339826,8.74093460113206,9.259517011523306,12.0,RapidDrift,Defective,False
C008111,B17,Logic_IC,CH-04,23.77,125.0,44.24,12.184839102269152,16.293480087010295,29.53155890600136,43.315870347671,50.0,7.768059658581389,7.873111088149375,8.133726964066128,8.3729838669197,12.0,NearLimitDrift,Defective,False
C008114,B17,Logic_IC,CH-04,23.77,125.0,44.24,11.985178979539624,12.552940946516724,14.440451349106642,16.419355715514833,50.0,7.784454898682583,7.859064627035479,8.0276707201326,8.188297060566617,12.0,GradualDrift,Defective,False
C008115,B17,Logic_IC,CH-04,23.77,125.0,44.24,10.691567418698543,11.907621070054809,15.314671491578206,18.68851524039148,50.0,7.892051074772576,8.022974423381674,8.341269506505887,8.633442495373187,12.0,GradualDrift,Defective,False
C008120,B17,Logic_IC,CH-04,23.77,125.0,44.24,10.675478911233125,15.216488557396731,28.84246001870597,43.93878107076025,50.0,7.765891836597833,7.916724684117264,8.364540098101616,8.846318674890599,12.0,NearLimitDrift,Defective,False
C008123,B17,Logic_IC,CH-04,23.77,125.0,44.24,9.719050994017294,9.647896931760505,13.145102882640238,27.56722374217736,50.0,7.943729722248354,8.018029839403392,8.143237883978296,8.272733470147513,12.0,SuddenAnomaly,Defective,False
C008129,B17,Logic_IC,CH-04,23.77,125.0,44.24,10.499438347382547,10.518386936377285,12.770258303342208,22.9372916727455,50.0,7.92311553067795,7.904687644123271,7.997562715439731,8.107900359529573,12.0,SuddenAnomaly,Defective,False
C008134,B17,Logic_IC,CH-04,23.77,125.0,44.24,9.10066593678928,9.221269902502202,11.42667039682452,25.9341433237231,50.0,8.185286164713924,8.18518170892865,8.295717572871087,8.321281452621125,12.0,SuddenAnomaly,Defective,False
C008138,B17,Logic_IC,CH-04,23.77,125.0,44.24,10.151650970663296,10.647874716395366,12.331755497532352,14.126770670119962,50.0,8.010682102148541,8.156572958208525,8.561551036269869,8.966854563654099,12.0,GradualDrift,Defective,False
C008141,B17,Logic_IC,CH-04,23.77,125.0,44.24,10.946397170801266,11.02774039751081,14.852867638083069,23.77501918321369,50.0,8.116972830582672,8.12282486581871,8.137556916817845,8.206091024940466,12.0,SuddenAnomaly,Defective,False
C008143,B17,Logic_IC,CH-04,23.77,125.0,44.24,10.619451862588472,12.344546293061844,17.309027973711043,22.278705423124343,50.0,7.845602743341165,8.030499001993789,8.232140497259639,8.574371055606427,12.0,RapidDrift,Defective,False
C008153,B17,Logic_IC,CH-04,23.77,125.0,44.24,9.328963359139332,13.884845694274471,27.46221015936509,41.88706495875751,50.0,8.375709653740659,8.466446917793723,8.722462447276742,,12.0,NearLimitDrift,Defective,False
C008160,B17,Logic_IC,CH-04,23.77,125.0,44.24,10.25037935047293,11.86763031535014,17.116445164072324,22.104333245093056,50.0,8.366148589832385,8.542155169235608,9.33658336054706,10.099895743793594,12.0,RapidDrift,Defective,False
C008162,B17,Logic_IC,CH-04,23.77,125.0,44.24,10.571045408013914,11.168270610683344,13.32745958398228,15.558158674451578,50.0,8.078446937393716,8.183392529744511,8.534309259580755,8.888765294731524,12.0,GradualDrift,Defective,False
C008166,B17,Logic_IC,CH-04,23.77,125.0,44.24,9.437909396238986,10.500080244966732,13.983299235315911,17.707171420834246,50.0,8.419823943463872,8.558983027363348,8.991553760725001,9.444477447043491,12.0,GradualDrift,Defective,False
C008167,B17,Logic_IC,CH-04,23.77,125.0,44.24,9.837831457522409,10.37461855104462,11.972161875954946,13.656674676674916,50.0,8.342109846252168,8.41535833546399,8.697688437407221,8.95918545706902,12.0,GradualDrift,Defective,False
C008171,B17,Logic_IC,CH-04,23.77,125.0,44.24,10.661815491416949,11.870457318256298,15.737872985186694,19.510533573933166,50.0,8.116189658021291,8.18589284488458,8.370266766767733,8.54316905703077,12.0,GradualDrift,Defective,False
C008176,B17,Logic_IC,CH-04,23.77,125.0,44.24,14.028006851646992,12.594232271879738,11.437178278551002,11.01309175374667,50.0,8.53490498465118,8.367138132281301,8.330543663632763,8.286933068366197,12.0,EarlyLifeInstability,Defective,False
C008185,B17,Logic_IC,CH-04,23.77,125.0,44.24,10.734302331449284,10.789693836337312,14.640670334374304,28.300556460304023,50.0,8.241894199046442,8.263496512154274,8.360076316247776,8.453637074535301,12.0,SuddenAnomaly,Defective,False
C008190,B17,Logic_IC,CH-04,23.77,125.0,44.24,10.570537853326677,10.66402916180021,13.156866315224834,29.91949061259017,50.0,8.035097867029085,8.03747961404511,8.09750239310395,8.187462481144108,12.0,SuddenAnomaly,Defective,False
C008191,B17,Logic_IC,CH-04,23.77,125.0,44.24,10.275772915646256,11.350075229730418,15.06404704712488,,50.0,8.326927267602626,8.492624561396683,8.979724963657102,9.462460266048817,12.0,GradualDrift,Defective,False
C008192,B17,Logic_IC,CH-04,23.77,125.0,44.24,15.438059467852836,13.492448205562866,11.674847539954008,11.2437467464899,50.0,8.09730026395135,7.984433647469713,7.805444761405395,7.853276389475889,12.0,EarlyLifeInstability,Defective,False
C008195,B17,Logic_IC,CH-04,23.77,125.0,44.24,10.16597379768187,15.771461976457116,32.07883787383011,49.50198943107196,50.0,8.718784684924396,8.953395110552961,9.638056881998953,10.271849362132947,12.0,NearLimitDrift,Defective,False
C008198,B17,Logic_IC,CH-04,23.77,125.0,44.24,9.331685747479511,9.350998338010196,16.560631576992975,9.646812971259488,50.0,8.480170160936874,8.551127141471964,8.676066369989377,8.79503083445824,12.0,NonMonotonicAnomaly,Defective,False
C008207,B17,Logic_IC,CH-04,23.77,125.0,44.24,9.216735733748164,9.31690022560591,15.693296748441313,10.83944348088504,50.0,8.27489313815544,8.292102738901468,8.41528113546344,8.568150655242727,12.0,NonMonotonicAnomaly,Defective,False
C008214,B17,Logic_IC,CH-04,23.77,125.0,44.24,9.447640228304174,10.32854729120431,12.768309417417628,15.127631069569812,50.0,8.006630134214186,8.074429019251811,8.327547147137915,8.546371172166355,12.0,GradualDrift,Defective,False
C008218,B17,Logic_IC,CH-04,23.77,125.0,44.24,10.402103829644869,15.393929532069754,30.90513260073693,46.933334277081634,50.0,8.269616741420869,8.433866317778248,8.911536725321385,9.440911686948954,12.0,NearLimitDrift,Defective,False
C008220,B17,Logic_IC,CH-04,23.77,125.0,44.24,11.23999197238446,12.916277323132205,17.775878730843505,23.33386117423425,50.0,8.782724202444454,9.20013936980706,10.075681955287257,10.899566886206989,12.0,RapidDrift,Defective,False
C008226,B17,Logic_IC,CH-04,23.77,125.0,44.24,10.469412944975277,10.82410815527093,15.063877667057383,20.562037111547266,50.0,8.3202304156718,8.344511535100718,8.410104768064564,8.466594032536387,12.0,SuddenAnomaly,Defective,False
C008227,B17,Logic_IC,CH-04,23.77,125.0,44.24,9.613108592545114,10.386693033683713,12.574521895189516,15.12637236996306,50.0,8.077698204292801,8.265355265248429,8.792047878808186,9.369760842689322,12.0,GradualDrift,Defective,False
C008230,B17,Logic_IC,CH-04,23.77,125.0,44.24,10.412572305281076,10.906657516234036,12.738753889808,14.652537946427437,50.0,8.257119509935714,8.379673207005693,8.667431083475574,8.91746249513099,12.0,GradualDrift,Defective,False
C008236,B17,Logic_IC,CH-04,23.77,125.0,44.24,8.962209538137495,9.719692380660629,12.552301315922236,15.569233158614828,50.0,8.19756889169741,8.31612481558438,8.761235816964412,9.3043873565529,12.0,GradualDrift,Defective,False
C008239,B17,Logic_IC,CH-04,23.77,125.0,44.24,10.801089520825036,13.022937909018347,19.197456418184952,25.36440114105413,50.0,8.079219825478152,8.206169783621895,8.926949707809255,9.746517554285909,12.0,RapidDrift,Defective,False
C008244,B17,Logic_IC,CH-04,23.77,125.0,44.24,10.750264057909126,11.610087477061647,14.507670340783976,17.499651397407675,50.0,8.009429670152135,8.045322636203009,8.24837505997359,8.476278623882818,12.0,GradualDrift,Defective,False
C008245,B17,Logic_IC,CH-04,23.77,125.0,44.24,9.956583291490256,11.041096809251211,14.35516141665121,17.649990860869902,50.0,8.578622513675452,8.635143308233559,8.815050593343917,9.009702719411374,12.0,GradualDrift,Defective,False
C008248,B17,Logic_IC,CH-04,23.77,125.0,44.24,10.342440714327289,11.913461335463026,18.21485411908533,24.344463010397533,50.0,7.978986676617589,8.212023593783947,8.809024153020095,9.40700624802215,12.0,RapidDrift,Defective,False
C008250,B17,Logic_IC,CH-04,23.77,125.0,44.24,10.308992626189218,11.275462829105605,14.326333284568834,17.311196349185106,50.0,8.411146980412854,8.583647220726654,9.11217405107232,9.627591118280051,12.0,GradualDrift,Defective,False
C008261,B17,Logic_IC,CH-04,23.77,125.0,44.24,10.790692795431836,11.335617025049086,12.982554898440474,14.54760620554054,50.0,8.337287407146203,8.452446681860433,8.68486736111278,8.964960349736542,12.0,GradualDrift,Defective,False
C008265,B17,Logic_IC,CH-04,23.77,125.0,44.24,9.481748366436246,9.851743070560682,13.427826277550135,18.44204191450805,50.0,8.546149830839958,8.570534704706244,8.658466911693822,8.781974327218261,12.0,SuddenAnomaly,Defective,False
C008271,B17,Logic_IC,CH-04,23.77,125.0,44.24,10.267361747851773,10.264680509973354,13.938028119551864,21.63061987247445,50.0,8.225738770132233,8.226353245073177,8.289633470466722,8.302138846704008,12.0,SuddenAnomaly,Defective,False
C008274,B17,Logic_IC,CH-04,23.77,125.0,44.24,10.159258807116746,10.475945728879989,12.997008885307228,25.54151497090411,50.0,7.869971750083918,7.913345783962932,7.98363078149413,8.063894721717642,12.0,SuddenAnomaly,Defective,False
C008275,B17,Logic_IC,CH-04,23.77,125.0,44.24,11.325375284127915,11.489536705054851,14.23239741186822,21.76523096564727,50.0,8.618140379383926,8.655801379582043,8.790806971491232,8.849551429205292,12.0,SuddenAnomaly,Defective,False
C008280,B17,Logic_IC,CH-04,23.77,125.0,44.24,10.231565700650552,11.06732746750515,13.615124014021,16.060103952807015,50.0,8.14076213898532,8.273865128658233,8.686332174998514,9.110126548271904,12.0,GradualDrift,Defective,False
C008281,B17,Logic_IC,CH-04,23.77,125.0,44.24,10.294363463176284,10.747747250776971,12.20045200574324,13.984996612282796,50.0,8.59063945432799,8.809337298383047,9.293624893161269,9.764945308905345,12.0,GradualDrift,Defective,False
C008293,B17,Logic_IC,CH-04,23.77,125.0,44.24,8.77108736470838,8.978759172040817,18.630946409355595,9.977254115080829,50.0,8.234020187678286,8.267919031687171,8.392516077496985,8.528192612845473,12.0,NonMonotonicAnomaly,Defective,False
C008297,B17,Logic_IC,CH-04,23.77,125.0,44.24,10.130098484697204,10.623369056293408,11.977816791290872,13.499152975288734,50.0,8.289129026004488,8.35947493786359,8.584263347038798,8.782822390809121,12.0,GradualDrift,Defective,False
C008300,B17,Logic_IC,CH-04,23.77,125.0,44.24,10.7286735873486,11.949654811385834,15.20286594269746,19.436624873762028,50.0,7.93858021589631,8.177828616687226,8.995817891987194,9.86797386697538,12.0,RapidDrift,Defective,False
C008304,B17,Logic_IC,CH-04,23.77,125.0,44.24,10.424113526436592,10.650100934642158,13.874380904504124,23.59888278324368,50.0,8.125877864479092,8.201382085092334,8.342956950050572,8.458854462326846,12.0,SuddenAnomaly,Defective,False
C008305,B17,Logic_IC,CH-04,23.77,125.0,44.24,10.443503252601277,15.268601770862762,30.95378941449192,46.97968991705111,50.0,7.770955917564581,7.799718394861171,8.052590729898975,8.285300756277172,12.0,NearLimitDrift,Defective,False
C008308,B17,Logic_IC,CH-04,23.77,125.0,44.24,10.893120655409176,10.830365074595882,13.71734188163264,20.340201549649965,50.0,8.036220142510865,8.084429755699873,8.13850571099435,8.212171981052403,12.0,SuddenAnomaly,Defective,False
C008317,B17,Logic_IC,CH-04,23.77,125.0,44.24,15.258044579239906,12.93473517395079,11.055726857146206,10.78154563346608,50.0,8.307705387554046,8.102646203021116,8.082723611188207,7.954556466757582,12.0,EarlyLifeInstability,Defective,False
C008318,B17,Logic_IC,CH-04,23.77,125.0,44.24,12.059520692256267,12.57541050642342,14.165111090282933,15.897277597752211,50.0,7.913753762288511,8.076677257072435,8.47128059946679,8.87147953236387,12.0,GradualDrift,Defective,False
C008322,B17,Logic_IC,CH-04,23.77,125.0,44.24,9.995319279573762,10.283651566234504,18.76984105698272,11.518903563599936,50.0,8.426845038296458,8.521432290811218,8.662146279876303,8.820801336049529,12.0,NonMonotonicAnomaly,Defective,False
C008328,B17,Logic_IC,CH-04,23.77,125.0,44.24,10.25739715395088,12.293715060169212,18.025057318477547,23.787262597722503,50.0,8.18304116005241,8.33371801232164,9.042216692628768,9.603456446621998,12.0,RapidDrift,Defective,False
C008332,B17,Logic_IC,CH-04,23.77,125.0,44.24,11.007535139593427,11.017295120129612,14.503155403331274,27.964383348657016,50.0,8.139251650043773,8.219133441167132,8.278182184181807,8.373387963582166,12.0,SuddenAnomaly,Defective,False
C008334,B17,Logic_IC,CH-04,23.77,125.0,44.24,10.514833588702198,11.588135006158058,14.495882096557562,17.53137885785049,50.0,8.216950914230962,8.311005971747678,8.625856899599945,8.973729511147399,12.0,GradualDrift,Defective,False
C008335,B17,Logic_IC,CH-04,23.77,125.0,44.24,11.504559310011151,15.730120392994111,27.680179382147205,41.04669669691979,50.0,7.928915938804597,8.098456901129715,8.579838811911735,9.069297161847116,12.0,NearLimitDrift,Defective,False
C008340,B17,Logic_IC,CH-04,23.77,125.0,44.24,12.696087058170727,11.413349405017714,10.5193904825039,10.07546199324005,50.0,8.380041112165488,8.262701852873409,8.13032073291771,8.195977618640486,12.0,EarlyLifeInstability,Defective,False
C008348,B17,Logic_IC,CH-04,23.77,125.0,44.24,9.897688873970656,10.048896086946815,12.233227271490684,28.646389114427983,50.0,8.655045439774188,8.684914881567657,8.784679445182565,8.91332290425635,12.0,SuddenAnomaly,Defective,False
C008355,B17,Logic_IC,CH-04,23.77,125.0,44.24,10.852810993674789,11.142117896661798,14.878278440820717,23.61455216489892,50.0,8.28969323865285,8.290737690094167,8.361914069959786,8.390728429246638,12.0,SuddenAnomaly,Defective,False
C008361,B17,Logic_IC,CH-04,23.77,125.0,44.24,9.85840444677232,10.722315675728645,14.084245196550375,17.1063211488137,50.0,7.98309543995978,8.133031188185313,8.591794896007631,9.08491900821902,12.0,GradualDrift,Defective,False
C008363,B17,Logic_IC,CH-04,23.77,125.0,44.24,9.76415456518084,12.041039140179915,17.998979888092748,24.04546993417412,50.0,8.011943674201037,8.164675844177749,8.562701965342342,8.99642013807651,12.0,RapidDrift,Defective,False
C008367,B17,Logic_IC,CH-04,23.77,125.0,44.24,9.56601897912874,15.41239416856338,32.0938002762329,49.12207714150831,50.0,8.351137812423087,8.469656314748745,8.762987034481279,9.057137341623744,12.0,NearLimitDrift,Defective,False
C008371,B17,Logic_IC,CH-04,23.77,125.0,44.24,11.023089085347465,13.380543631815456,19.38005801218388,25.73343340430363,50.0,8.155447828167688,8.39313152664108,8.836149277740175,9.393496064095125,12.0,RapidDrift,Defective,False
C008372,B17,Logic_IC,CH-04,23.77,125.0,44.24,13.73390925615198,11.540366701413372,10.497970555547612,10.060834818180162,50.0,8.416363379367944,8.342978146926615,8.277585527919138,8.218418898794877,12.0,EarlyLifeInstability,Defective,False
C008376,B17,Logic_IC,CH-04,23.77,125.0,44.24,10.662900895002446,11.576951173579207,13.852012183299934,16.175342477396338,50.0,8.141237808285908,8.228435661446099,8.45335962897952,8.664274684101049,12.0,GradualDrift,Defective,False
C008378,B17,Logic_IC,CH-04,23.77,125.0,44.24,16.456659913484128,14.703308915018368,12.509007420587192,11.83685835250245,50.0,8.347012199246015,8.34470332737075,8.204906257391391,8.187510599105961,12.0,EarlyLifeInstability,Defective,False
C008379,B17,Logic_IC,CH-04,23.77,125.0,44.24,10.01759986760622,15.5817412665756,32.06017947112394,48.98034767314977,50.0,7.91747021689539,7.994143239533101,8.239384471050993,8.475102222509364,12.0,NearLimitDrift,Defective,False
C008384,B17,Logic_IC,CH-04,23.77,125.0,44.24,10.124273488680965,11.021907337058275,13.8292103983871,16.739453997761803,50.0,8.414199419423012,8.476012481622478,8.647086793149018,8.891263083742018,12.0,GradualDrift,Defective,False
C008385,B17,Logic_IC,CH-04,23.77,125.0,44.24,13.429776109530488,11.982709074878816,11.38660626663537,11.23858227937163,50.0,8.421101931647483,8.342494099016033,8.279095520369564,8.235091432851519,12.0,EarlyLifeInstability,Defective,False
C008387,B17,Logic_IC,CH-04,23.77,125.0,44.24,9.807990032102122,14.67951728952068,29.662534725452225,44.74218598343469,50.0,8.585893686303203,8.787578065464517,9.392812607181876,9.990701304041854,12.0,NearLimitDrift,Defective,False
C008391,B17,Logic_IC,CH-04,23.77,125.0,44.24,10.38622375478786,14.563127163160775,28.38149404410592,41.93302146926988,50.0,8.30799416944899,8.388376889752161,8.668655984786954,8.979900357982354,12.0,NearLimitDrift,Defective,False
C008394,B17,Logic_IC,CH-04,23.77,125.0,44.24,10.9671630108354,11.240159301520784,15.249389952024512,22.24707396680185,50.0,7.937010763229843,7.967313143637085,8.082326695001361,8.171555926953085,12.0,SuddenAnomaly,Defective,False
C008396,B17,Logic_IC,CH-04,23.77,125.0,44.24,11.127241153839677,11.678090750476484,13.780472449042888,15.994027344186572,50.0,8.140958654641468,8.31822685266334,8.846215975893674,9.392743680002232,12.0,GradualDrift,Defective,False
C008398,B17,Logic_IC,CH-04,23.77,125.0,44.24,11.35391337697102,12.162299671490892,14.60387072596067,17.11835844663177,50.0,8.011320638682273,8.08112703527136,8.40106944886751,8.626692503490315,12.0,GradualDrift,Defective,False
C008399,B17,Logic_IC,CH-04,23.77,125.0,44.24,11.283289644328876,11.680484403396283,15.618542834058152,21.575509950467683,50.0,7.943921958380327,7.919156572895081,7.957898756995721,8.055391463872025,12.0,SuddenAnomaly,Defective,False
C008401,B17,Logic_IC,CH-04,23.77,125.0,44.24,10.834254528948598,10.940831843571347,14.554362589386727,19.193786748031066,50.0,8.154354831641319,8.148521921896869,8.218460791410127,8.289936655923789,12.0,SuddenAnomaly,Defective,False
C008402,B17,Logic_IC,CH-04,23.77,125.0,44.24,10.689355654222878,10.882763205363537,18.140240178201505,11.631060359097171,50.0,8.405896471852335,8.443506484741901,8.588416103145404,8.729859577173217,12.0,NonMonotonicAnomaly,Defective,False
C008409,B17,Logic_IC,CH-04,23.77,125.0,44.24,10.187874162978964,10.52062719630205,18.17518629215087,11.734107995000835,50.0,8.350404778326764,8.37039665352801,8.467636259850636,8.534708916098053,12.0,NonMonotonicAnomaly,Defective,False
C008415,B17,Logic_IC,CH-04,23.77,125.0,44.24,11.659959939609132,12.322589807405585,14.61732563261828,16.869126309561025,50.0,8.156534124281988,8.274318645546744,8.55316789726371,8.819878658375963,12.0,GradualDrift,Defective,False
C008417,B17,Logic_IC,CH-04,23.77,125.0,44.24,10.26621452094911,11.230513146217596,13.900237088332547,16.512874485792313,50.0,7.799533339700973,7.968948477475292,8.537064565391317,9.092702121652383,12.0,GradualDrift,Defective,False
C008420,B17,Logic_IC,CH-04,23.77,125.0,44.24,11.72598921142822,16.264100829052026,30.75626041000335,44.92000054842367,50.0,8.631518451964464,8.740751449506789,9.309527759978817,9.86641581104558,12.0,NearLimitDrift,Defective,False
C008421,B17,Logic_IC,CH-04,23.77,125.0,44.24,11.083580851047929,13.345180521491825,18.54686875293616,24.144719130177045,50.0,7.949371683689126,8.065074646871091,8.971266644074653,9.807185010881934,12.0,RapidDrift,Defective,False
C008427,B17,Logic_IC,CH-04,23.77,125.0,44.24,11.793046953207773,11.931596286832011,13.77419615077143,27.354361110754905,50.0,8.182198211018793,8.243215260157218,8.347968697557015,8.42120913331687,12.0,SuddenAnomaly,Defective,False
C008440,B17,Logic_IC,CH-04,23.77,125.0,44.24,11.028305807913638,11.56402308766125,13.25749660366612,15.16161342868712,50.0,8.112383768593599,8.300603302339205,8.758128549492513,9.22900856406887,12.0,GradualDrift,Defective,False
C008441,B17,Logic_IC,CH-04,23.77,125.0,44.24,11.181883394075468,12.22358480927395,15.860419247933176,19.497620297070544,50.0,7.535152338673973,7.69069337964828,8.231572765187424,8.752188010374262,12.0,GradualDrift,Defective,False
C008443,B17,Logic_IC,CH-04,23.77,125.0,44.24,10.991724279810713,11.22252556999416,14.554577752574914,26.97837343804549,50.0,7.791256139065443,7.786704947560043,7.84628141940955,7.914334025546443,12.0,SuddenAnomaly,Defective,False
C008444,B17,Logic_IC,CH-04,23.77,125.0,44.24,9.538140500093627,10.763701320569067,14.190291435345804,17.633189476879576,50.0,7.869679321211417,7.945648946400124,8.137849398456337,8.358120418516739,12.0,GradualDrift,Defective,False
C008451,B17,Logic_IC,CH-04,23.77,125.0,44.24,12.679653824268645,10.327163824519918,9.594748329658914,9.637349512174469,50.0,8.81844045632277,8.660291725421473,8.57580524199097,8.568873236780268,12.0,EarlyLifeInstability,Defective,False
C008454,B17,Logic_IC,CH-04,23.77,125.0,44.24,9.937450867625456,10.462729363824588,12.19691031988992,14.050615062802825,50.0,8.452084892507177,8.622532747007437,9.165831021217224,9.671591355608946,12.0,GradualDrift,Defective,False
C008459,B17,Logic_IC,CH-04,23.77,125.0,44.24,11.224009421068825,12.402443423986972,15.797456102066675,19.20361948206672,50.0,8.860767435001383,9.017517745384184,9.429743012088483,9.87497283412174,12.0,GradualDrift,Defective,False
C008464,B17,Logic_IC,CH-04,23.77,125.0,44.24,13.988845599967815,11.87838309906699,10.64461361290077,10.429340135855377,50.0,8.81308826871681,8.70442271313556,8.6973764398663,8.597603157725946,12.0,EarlyLifeInstability,Defective,False
C008471,B17,Logic_IC,CH-04,23.77,125.0,44.24,11.111554983969858,12.990603756894924,17.102386119503123,22.1363275761306,50.0,7.954217581106648,8.074682559175562,8.590683264726026,8.966286496489822,12.0,RapidDrift,Defective,False
C008472,B17,Logic_IC,CH-04,23.77,125.0,44.24,11.195302354040384,12.212553403043188,15.2704749835251,18.461667560615616,50.0,8.11518013205713,8.286509862779656,8.838425771334961,9.383104396681954,12.0,GradualDrift,Defective,False
C008476,B17,Logic_IC,CH-04,23.77,125.0,44.24,9.433193689647922,14.818112795530618,31.533228077907925,47.99821829806809,50.0,7.843307762343124,7.976698968075626,8.455420981721382,8.916398987227522,12.0,NearLimitDrift,Defective,False
C008485,B17,Logic_IC,CH-04,23.77,125.0,44.24,11.268331921442432,12.166328127855898,14.744094836293844,17.413058306744983,50.0,8.108318356930576,8.21191881784152,8.575629137656698,8.92718247921648,12.0,GradualDrift,Defective,False
C008491,B17,Logic_IC,CH-04,23.77,125.0,44.24,10.243062915125304,10.995181959372385,13.864107972668116,16.678377747396063,50.0,8.018652082867352,8.12452036667792,8.337035389944257,8.62676593552052,12.0,GradualDrift,Defective,False
C008492,B17,Logic_IC,CH-04,23.77,125.0,44.24,8.86683160840983,9.940435904611512,13.678901377484785,17.534063843136742,50.0,7.898131567918876,8.033757493355862,8.404960295029252,8.761424195917819,12.0,GradualDrift,Defective,False
C008494,B17,Logic_IC,CH-04,23.77,125.0,44.24,10.981814304149074,12.07066562369971,15.599495632930182,19.26452910861756,50.0,8.44255845393778,8.593055241428436,9.18118055916866,9.735386693438803,12.0,GradualDrift,Defective,False
C008498,B17,Logic_IC,CH-04,23.77,125.0,44.24,9.541214535985414,14.49622045400166,28.52207904067734,43.43469359321926,50.0,8.449607077995958,8.65936771852576,9.2107154354464,9.761402074360058,12.0,NearLimitDrift,Defective,False
C008502,B18,Memory_IC,CH-03,25.53,125.0,42.78,11.10883113558778,12.174697596960582,14.728239865076931,17.438659617144726,50.0,8.826713448667327,8.940611972088291,9.400156191841184,9.835369492638238,12.0,GradualDrift,Defective,False
C008509,B18,Memory_IC,CH-03,25.53,125.0,42.78,12.22284086792855,12.82487224689441,14.450224709763168,16.40292930827544,50.0,9.323119125723696,9.506964733446084,10.015073661008076,10.519847896261371,12.0,GradualDrift,Defective,False
C008511,B18,Memory_IC,CH-03,25.53,125.0,42.78,12.810700676682115,16.836314028305118,30.222837718850165,43.397591553421705,50.0,9.239978138850706,9.437924322153012,9.885147172058131,10.423263843132196,12.0,NearLimitDrift,Defective,False
C008512,B18,Memory_IC,CH-03,25.53,125.0,42.78,11.00106364533564,12.292412754404518,15.84007151274729,19.31965372971395,50.0,8.934454594680025,9.129937452991474,9.686493000164106,10.298909867932675,12.0,GradualDrift,Defective,False
C008513,B18,Memory_IC,CH-03,25.53,125.0,42.78,10.764123560797035,15.497330350800894,29.93285083946392,44.96508715556458,50.0,9.237718355895888,9.362951757287531,9.736538409169658,10.100516737105965,12.0,NearLimitDrift,Defective,False
C008529,B18,Memory_IC,CH-03,25.53,125.0,42.78,12.04016245266149,13.260472361959954,17.02141502952299,20.946109501701,50.0,9.060885178935177,9.327961159268222,9.727974756570228,10.17346463940489,12.0,RapidDrift,Defective,False
C008530,B18,Memory_IC,CH-03,25.53,125.0,42.78,10.462771855572706,11.638427743028489,15.427671672558672,19.08944426009725,50.0,9.03477758545687,9.158707610949488,9.521030993312744,9.88224256233384,12.0,GradualDrift,Defective,False
C008539,B18,Memory_IC,CH-03,25.53,125.0,42.78,10.240352480791866,14.756882114729835,26.89317856162291,40.05421395098494,50.0,9.136943328233022,9.309180165614189,9.849811926476551,10.4003818987983,12.0,NearLimitDrift,Defective,False
C008543,B18,Memory_IC,CH-03,25.53,125.0,42.78,9.640013143669584,10.066926438133596,11.614358639486351,13.161099492463432,50.0,9.436660564109784,9.631709055886938,10.175599229171423,10.702428487542807,12.0,GradualDrift,Defective,False
C008544,B18,Memory_IC,CH-03,25.53,125.0,42.78,10.565626601819554,11.546766685011596,14.56894906836305,17.57149503229639,50.0,8.601138088087048,8.654819362877161,8.821751212378478,8.99241342381939,12.0,GradualDrift,Defective,False
C008555,B18,Memory_IC,CH-03,25.53,125.0,42.78,11.076578692134254,11.397090250295758,17.29792669149526,12.738359408749568,50.0,8.977324598633858,,9.119847113010657,9.227965229262058,12.0,NonMonotonicAnomaly,Defective,False
C008559,B18,Memory_IC,CH-03,25.53,125.0,42.78,13.61494454901782,14.590682893400508,18.060602816034343,21.656309114310865,50.0,8.817143630110062,9.004745845038848,9.481288097132758,10.01298474534524,12.0,GradualDrift,Defective,False
C008561,B18,Memory_IC,CH-03,25.53,125.0,42.78,15.088267773731925,13.727301368269783,12.706498751084569,12.596491370072004,50.0,8.83966843223299,8.721303921772858,8.60611042568199,8.636670230963608,12.0,EarlyLifeInstability,Defective,False
C008564,B18,Memory_IC,CH-03,25.53,125.0,42.78,11.992523670121487,12.836877790373329,14.828499600833922,16.71094605684889,50.0,8.718060542083942,8.88378264216144,9.286495373029652,9.712502666670895,12.0,GradualDrift,Defective,False
C008569,B18,Memory_IC,CH-03,25.53,125.0,42.78,11.729875509178571,12.666395102790135,15.448075563861272,17.97947011952093,50.0,8.621838483753974,8.656195022188411,8.855222021426165,9.077151673651572,12.0,GradualDrift,Defective,False
C008572,B18,Memory_IC,CH-03,25.53,125.0,42.78,10.748698716859488,11.750282534999354,14.632908571961613,17.414028130236673,50.0,8.883031031965498,8.933600898636124,9.104278850360693,9.272681358794555,12.0,GradualDrift,Defective,False
C008579,B18,Memory_IC,CH-03,25.53,125.0,42.78,12.08468722493826,16.444921611078094,28.94068186496133,42.94527186946264,50.0,9.259988515314667,9.379737456867767,9.753669912201426,10.104815972373304,12.0,NearLimitDrift,Defective,False
C008587,B18,Memory_IC,CH-03,25.53,125.0,42.78,12.432415156168735,13.459804413615062,16.52021691029736,19.69153233262857,50.0,9.10526008456738,9.258478581896508,9.739809575719088,10.224008853345753,12.0,GradualDrift,Defective,False
C008593,B18,Memory_IC,CH-03,25.53,125.0,42.78,13.493234822750406,11.76838148058859,11.058967153996136,11.119130379284275,50.0,9.169703111008662,9.012155058274931,8.985778631046493,8.98314762785448,12.0,EarlyLifeInstability,Defective,False
C008595,B18,Memory_IC,CH-03,25.53,125.0,42.78,11.41022873679635,11.547024517619851,15.69155985497114,29.11374303332299,50.0,9.578669112071124,9.642872217520496,9.693393174056528,9.76954128544692,12.0,SuddenAnomaly,Defective,False
C008602,B18,Memory_IC,CH-03,25.53,125.0,42.78,17.0049124870912,14.016347359412322,12.976166655141531,12.998699716624053,50.0,9.242449742349654,9.1460391657536,9.025555890835856,8.949380200535868,12.0,EarlyLifeInstability,Defective,False
C008603,B18,Memory_IC,CH-03,25.53,125.0,42.78,10.229037494592143,10.9281908162011,13.634289578383855,16.004316291406163,50.0,9.05371646714867,9.156762376197516,9.423661079846443,9.641171439740948,12.0,GradualDrift,Defective,False
C008606,B18,Memory_IC,CH-03,25.53,125.0,42.78,14.557253652211685,13.239377263327825,12.432370513842166,12.46305501120185,50.0,9.471279237063714,9.264543223416496,9.29908122406728,9.175201504107577,12.0,EarlyLifeInstability,Defective,False
C008610,B18,Memory_IC,CH-03,25.53,125.0,42.78,11.472629153684272,12.796258747428237,16.158879132167552,19.73544756664045,50.0,8.845674246851642,9.07654225811267,9.577581656169516,10.075224497373064,12.0,GradualDrift,Defective,False
C008611,B18,Memory_IC,CH-03,25.53,125.0,42.78,12.63043024476391,13.588942471937028,16.970536995366114,20.31894591940112,50.0,9.142236718733123,9.315065650138552,9.72585026337886,10.111549592301673,12.0,GradualDrift,Defective,False
C008613,B18,Memory_IC,CH-03,25.53,125.0,42.78,11.18773444846322,11.43905491990945,20.62143879628593,12.929161844910476,50.0,9.482907459534273,9.524874189895588,9.63851059163055,9.71316162031385,12.0,NonMonotonicAnomaly,Defective,False
C008614,B18,Memory_IC,CH-03,25.53,125.0,42.78,12.999011898146543,13.828422708119072,16.09777394400014,18.5835254866552,50.0,8.55190575925057,8.705492697376746,9.122192048334409,9.563865449158412,12.0,GradualDrift,Defective,False
C008629,B18,Memory_IC,CH-03,25.53,125.0,42.78,12.106628054378902,13.5142962765313,19.318356561086265,25.085987350548937,50.0,9.24235472290484,9.33134874023946,9.71190006081958,10.153131414679214,12.0,RapidDrift,Defective,False
C008637,B18,Memory_IC,CH-03,25.53,125.0,42.78,10.183466211183916,10.344364625048978,13.2699417684958,18.376528237196627,50.0,9.158913671148984,9.209789191323168,9.35752085730778,9.44600255357968,12.0,SuddenAnomaly,Defective,False
C008640,B18,Memory_IC,CH-03,25.53,125.0,42.78,10.824070662138196,11.617088560561395,14.766061706985806,18.16499314977264,50.0,9.149812334135053,9.318514787221895,9.773495211081778,10.21043361909221,12.0,GradualDrift,Defective,False
C008650,B18,Memory_IC,CH-03,25.53,125.0,42.78,13.223192201965416,14.531657044340388,18.134440393148047,21.70984368409906,50.0,9.225519085238323,9.365894746445356,9.816286087546038,10.2436089333466,12.0,GradualDrift,Defective,False
C008651,B18,Memory_IC,CH-03,25.53,125.0,42.78,13.192286873176812,13.508327379795112,16.322702878948164,25.01457023536364,50.0,9.210145838393675,9.219860557918732,9.294649345810058,9.430320799894927,12.0,SuddenAnomaly,Defective,False
C008652,B18,Memory_IC,CH-03,25.53,125.0,42.78,11.053876208198693,12.27644738187667,15.688125558541492,19.05398950876418,50.0,9.061704531506846,9.17154664665599,9.503140073292824,9.792053438924832,12.0,GradualDrift,Defective,False
C008657,B18,Memory_IC,CH-03,25.53,125.0,42.78,10.244315759898551,10.51360297066081,14.491135464118836,27.335415925713388,50.0,8.455924513899792,8.478942804467305,8.560237746158561,8.664113459446483,12.0,SuddenAnomaly,Defective,False
C008664,B18,Memory_IC,CH-03,25.53,125.0,42.78,11.708071765218596,12.538405735517877,15.507616295478709,18.442278531516653,50.0,9.457885886339431,9.63298259692673,10.193704528836546,10.766429118973807,12.0,GradualDrift,Defective,False
C008675,B18,Memory_IC,CH-03,25.53,125.0,42.78,11.393034631575052,12.421275703942404,15.289143015733822,18.37523215636217,50.0,8.94470386653655,8.98109384123042,9.122692134275434,9.257471598799398,12.0,GradualDrift,Defective,False
C008680,B18,Memory_IC,CH-03,25.53,125.0,42.78,11.26602892466721,12.085134081462652,14.279302492137717,16.65851365969608,50.0,9.02656861901498,9.180657311502095,9.666272664710291,10.165661139668382,12.0,GradualDrift,Defective,False
C008682,B18,Memory_IC,CH-03,25.53,125.0,42.78,10.676208334602428,12.519556847531684,16.841848659699593,21.67112593172472,50.0,8.569981540727857,8.813322179862228,9.651900569645235,10.470257335515493,12.0,RapidDrift,Defective,False
C008684,B18,Memory_IC,CH-03,25.53,125.0,42.78,10.22675838626474,11.311671580840358,15.010754656998884,18.75488702002333,50.0,9.119947649394916,9.211356391073153,9.435568935534588,9.67551593669718,12.0,GradualDrift,Defective,False
C008685,B18,Memory_IC,CH-03,25.53,125.0,42.78,15.903816938988264,12.96701722839464,11.753398589599405,11.626853153584776,50.0,9.244342590836936,9.154809981524682,9.070089730593848,9.017970956909684,12.0,EarlyLifeInstability,Defective,False
C008688,B18,Memory_IC,CH-03,25.53,125.0,42.78,12.724930134341406,13.31304238274931,14.83120384015009,16.500461761309108,50.0,8.474838225607755,8.634400837283117,9.093414536354782,9.522490059426184,12.0,GradualDrift,Defective,False
C008694,B18,Memory_IC,CH-03,25.53,125.0,42.78,11.130365494581165,11.320472514721237,18.76943282658601,12.506913071511493,50.0,8.808886626186112,8.802566779300887,8.82140969597662,8.789479273956953,12.0,NonMonotonicAnomaly,Defective,False
C008697,B18,Memory_IC,CH-03,25.53,125.0,42.78,11.557941511630684,12.566118572973329,16.184841309641026,20.018199654381217,50.0,8.811613909662729,8.967079567757596,9.359411871555324,9.718825494139006,12.0,RapidDrift,Defective,False
C008698,B18,Memory_IC,CH-03,25.53,125.0,42.78,11.84991839895571,13.826675419673416,20.08395212889253,27.06931201978492,50.0,9.198456842922164,9.478693107514056,9.860796825593198,10.311815837628396,12.0,RapidDrift,Defective,False
C008701,B18,Memory_IC,CH-03,25.53,125.0,42.78,10.979216571919393,12.336094764946838,15.85127093977318,19.96904631014237,50.0,9.471045764657024,9.688364278532058,10.62334491044579,11.608578289224342,12.0,RapidDrift,Defective,False
C008706,B18,Memory_IC,CH-03,25.53,125.0,42.78,12.063425124401196,13.92556870394969,19.075128810842145,24.68911375342025,50.0,9.240352295007956,9.35076512185849,9.673394461422472,9.930286448633108,12.0,RapidDrift,Defective,False
C008717,B18,Memory_IC,CH-03,25.53,125.0,42.78,13.134063074668711,13.980576737761512,16.575631861896422,19.354519173549583,50.0,9.001894147876973,9.103134223945052,9.458219039332487,9.81888407405694,12.0,GradualDrift,Defective,False
C008723,B18,Memory_IC,CH-03,25.53,125.0,42.78,11.951599814941751,12.857052287726304,15.978645659580271,19.26553677561465,50.0,9.199176470513818,9.372187849404607,9.930676716744651,10.490382928021733,12.0,GradualDrift,Defective,False
C008725,B18,Memory_IC,CH-03,25.53,125.0,42.78,11.16023381783236,16.601789660027993,33.245201882492964,49.86990036664184,50.0,9.057088968803034,9.178309297740658,9.636580088836755,10.12817050347526,12.0,NearLimitDrift,Defective,False
C008726,B18,Memory_IC,CH-03,25.53,125.0,42.78,10.094822737211372,14.5954730808726,27.46324287226555,41.28885170927165,50.0,9.124403985931275,9.332336473787278,9.870041354167297,10.376795179143476,12.0,NearLimitDrift,Defective,False
C008732,B18,Memory_IC,CH-03,25.53,125.0,42.78,11.56872462280451,12.655245544795106,16.24665540653466,21.013835266407416,50.0,8.923117036785355,9.01067863900871,9.366203344143772,9.719328315155378,12.0,RapidDrift,Defective,False
C008741,B18,Memory_IC,CH-03,25.53,125.0,42.78,13.24587178363265,15.363583510508882,20.555871109120226,26.049013087275245,50.0,8.910476309554758,9.081746994644991,9.743243900305322,10.373481926912644,12.0,RapidDrift,Defective,False
C008743,B18,Memory_IC,CH-03,25.53,125.0,42.78,10.845220825250614,11.041379705680464,14.378102822903111,25.248081888267265,50.0,9.04344676916137,9.044151001870825,9.073545293620764,9.05573737215562,12.0,SuddenAnomaly,Defective,False
C008748,B18,Memory_IC,CH-03,25.53,125.0,42.78,12.052025233024398,17.204685102951487,32.3462790129724,48.931781533491744,50.0,8.78570428066412,8.866820432819864,9.278148614280736,9.653229139556837,12.0,NearLimitDrift,Defective,False
C008760,B18,Memory_IC,CH-03,25.53,125.0,42.78,11.276920525777518,13.075665416696614,17.379888454005364,22.408734570688484,50.0,9.223410090085528,9.30618241288174,9.766970464202172,10.20523751025621,12.0,RapidDrift,Defective,False
C008762,B18,Memory_IC,CH-03,25.53,125.0,42.78,11.59075981382286,11.844890357180164,14.34522053228588,25.245066286493085,50.0,9.184766381973285,9.24915111598158,9.325434803986337,9.41829300709299,12.0,SuddenAnomaly,Defective,False
C008764,B18,Memory_IC,CH-03,25.53,125.0,42.78,12.359771950102846,17.27491663186891,32.17959042215589,47.3156699573084,50.0,9.5449213782131,9.642836051645425,9.98667890407172,10.361391680154115,12.0,NearLimitDrift,Defective,False
C008767,B18,Memory_IC,CH-03,25.53,125.0,42.78,10.99970393089301,15.687161015674889,32.14871472545678,48.67643592569063,50.0,9.191084596276234,9.23988891518598,,9.703214508943374,12.0,NearLimitDrift,Defective,False
C008769,B18,Memory_IC,CH-03,25.53,125.0,42.78,11.624203255015829,12.456734423492044,14.317273084244537,16.433286004211467,50.0,9.268607004429066,9.321610668138018,9.4642953399582,9.668061696456162,12.0,GradualDrift,Defective,False
C008778,B18,Memory_IC,CH-03,25.53,125.0,42.78,12.21083542829964,12.341140408502948,14.643421800597707,21.46798105953527,50.0,8.72992491155223,8.760708743177247,8.861613236280725,9.0024179413741,12.0,SuddenAnomaly,Defective,False
C008779,B18,Memory_IC,CH-03,25.53,125.0,42.78,11.35663150235158,12.366940483333028,16.69147689952199,21.096032994395323,50.0,9.519167022953535,9.759028486581649,10.38623247042366,10.981364373751711,12.0,RapidDrift,Defective,False
C008783,B18,Memory_IC,CH-03,25.53,125.0,42.78,11.931363037722518,13.08756009189903,16.661264500709578,20.02610345461036,50.0,8.8977556833864,9.060571433107846,9.610334833874642,10.163449048468108,12.0,GradualDrift,Defective,False
C008788,B18,Memory_IC,CH-03,25.53,125.0,42.78,10.861727218619794,12.555237367322585,18.18220984308088,23.600479748095456,50.0,8.774604092686987,9.162286379775008,9.940188582481651,10.796434840801698,12.0,RapidDrift,Defective,False
C008790,B18,Memory_IC,CH-03,25.53,125.0,42.78,10.606813095319009,11.37897894361986,14.071921789605092,16.844465240004567,50.0,8.891908201795008,8.943153979019256,9.261309661092286,9.58710041610703,12.0,GradualDrift,Defective,False
C008796,B18,Memory_IC,CH-03,25.53,125.0,42.78,11.144682419445688,12.072042955858654,16.25792265357922,20.265427914659345,50.0,9.174097554969554,9.439455166464462,10.422005619218286,11.299030726898325,12.0,RapidDrift,Defective,False
C008800,B18,Memory_IC,CH-03,25.53,125.0,42.78,11.240793961106522,11.229551085752757,14.13208380819705,27.01083956614004,50.0,9.305268302074712,9.35103663597726,9.446243685770094,9.541660650359535,12.0,SuddenAnomaly,Defective,False
C008806,B18,Memory_IC,CH-03,25.53,125.0,42.78,11.937589302832988,12.55471831749672,14.880667447266266,17.093749770240514,50.0,9.369765068351354,9.510498622011038,10.007811150635012,10.524588496118032,12.0,GradualDrift,Defective,False
C008834,B18,Memory_IC,CH-03,25.53,125.0,42.78,11.54532824592862,11.961881510541234,13.751619603707164,15.301670655948753,50.0,9.612249898006304,9.630895854473252,9.739961219725044,9.878941992360884,12.0,GradualDrift,Defective,False
C008835,B18,Memory_IC,CH-03,25.53,125.0,42.78,12.145043077606726,12.44323477729032,15.035228974605452,27.163571512980177,50.0,8.827346558613284,8.809285024756031,8.814495626439678,8.858387181527771,12.0,SuddenAnomaly,Defective,False
C008838,B18,Memory_IC,CH-03,25.53,125.0,42.78,10.956563991113889,11.050346347208007,15.010489837960932,28.498473589622066,50.0,9.059489878705795,9.077127998960474,9.14696121744342,9.208112126321314,12.0,SuddenAnomaly,Defective,False
C008844,B18,Memory_IC,CH-03,25.53,125.0,42.78,13.021180883482057,16.846651014059525,28.39879723920432,40.38194632791573,50.0,8.793615515932034,8.944421323063832,9.432910457957442,9.964430683454507,12.0,NearLimitDrift,Defective,False
C008848,B18,Memory_IC,CH-03,25.53,125.0,42.78,13.111858428659149,17.055279128180835,28.655926335622063,40.82253001871506,50.0,8.861799044603135,8.927961917447398,9.22943220155083,9.490695058095728,12.0,NearLimitDrift,Defective,False
C008852,B18,Memory_IC,CH-03,25.53,125.0,42.78,12.92588561592366,13.9644460973024,17.11358297002571,20.29186407858467,50.0,9.317052548134908,9.42404533250818,9.697167205771542,9.971587717961487,12.0,GradualDrift,Defective,False
C008853,B18,Memory_IC,CH-03,25.53,125.0,42.78,11.753217603263092,13.691936669377824,19.74864849981012,26.06275841399289,50.0,9.245182445568789,9.418000598184523,9.686831590074084,9.977895405505697,12.0,RapidDrift,Defective,False
C008854,B18,Memory_IC,CH-03,25.53,125.0,42.78,12.965430603967668,15.165378352642549,21.144068869260305,28.20145124746678,50.0,9.562459591641392,9.752968531141246,10.647553546074018,11.48206543345968,12.0,RapidDrift,Defective,False
C008857,B18,Memory_IC,CH-03,25.53,125.0,42.78,10.843035849224751,11.555366435173893,13.652762614564454,16.01701250205047,50.0,9.63051652563283,9.776022664688275,10.201565986804484,10.625374012378265,12.0,GradualDrift,Defective,False
C008860,B18,Memory_IC,CH-03,25.53,125.0,42.78,10.92631040595528,12.029852043489534,15.14595893526346,18.311365467020234,50.0,8.445821068478972,8.584232700701246,9.08690699284324,9.619475433324263,12.0,GradualDrift,Defective,False
C008862,B18,Memory_IC,CH-03,25.53,125.0,42.78,12.638335449611835,13.644462120082292,16.46753883859923,19.245508290398305,50.0,8.408361579192869,8.61339013948725,9.136468476455134,9.725214262641869,12.0,GradualDrift,Defective,False
C008865,B18,Memory_IC,CH-03,25.53,125.0,42.78,12.2025120932855,13.00831005734859,15.137730074033865,17.16795450610581,50.0,9.307045740454472,9.467520001865784,9.90812861155237,10.356200290601398,12.0,GradualDrift,Defective,False
C008866,B18,Memory_IC,CH-03,25.53,125.0,42.78,9.892950887395331,10.631826040505688,13.396879002140937,16.136817185892966,50.0,8.969760502079478,9.109174955000093,9.530314378331422,9.96979325092511,12.0,GradualDrift,Defective,False
C008870,B18,Memory_IC,CH-03,25.53,125.0,42.78,10.65087029513733,11.343950633393863,13.192949661641206,15.128446835172452,50.0,9.267141664225894,9.46087150300782,9.980508298306995,10.503216032647204,12.0,GradualDrift,Defective,False
C008872,B18,Memory_IC,CH-03,25.53,125.0,42.78,11.00775554155604,11.441977079828868,13.237863185620782,15.223502094378144,50.0,9.15216038783379,9.28461488198622,9.6170600530778,9.987862284272492,12.0,GradualDrift,Defective,False
C008877,B18,Memory_IC,CH-03,25.53,125.0,42.78,12.210186928262289,13.556998908560027,17.14984870683603,20.784395469003968,50.0,8.938297391898235,9.034152930109888,9.432440208118305,9.827331599746216,12.0,GradualDrift,Defective,False
C008879,B18,Memory_IC,CH-03,25.53,125.0,42.78,12.04132664077895,13.88318789403654,17.83618823438653,22.304032221611813,50.0,9.052199679365517,9.321430092804054,10.122604422350872,10.972722682134846,12.0,RapidDrift,Defective,False
C008881,B18,Memory_IC,CH-03,25.53,125.0,42.78,12.897432855886668,13.688895939552912,15.694749754527342,17.936980062478746,50.0,9.165612720651092,9.265063533399683,9.453511636208484,9.643011540551328,12.0,GradualDrift,Defective,False
C008891,B18,Memory_IC,CH-03,25.53,125.0,42.78,13.255359957937571,14.037338644145436,16.18419488742881,18.22833861317755,50.0,9.383117937189068,9.426170854991977,9.650948821582425,9.864564557294765,12.0,GradualDrift,Defective,False
C008901,B18,Memory_IC,CH-03,25.53,125.0,42.78,12.638853351115474,13.858235078210434,17.443033127339756,20.927775785483583,50.0,8.815573034479353,8.889317914209853,9.080429473663653,9.33865024233169,12.0,GradualDrift,Defective,False
C008905,B18,Memory_IC,CH-03,25.53,125.0,42.78,12.472330926301268,13.471755912753729,18.473494559890817,22.725815836089733,50.0,8.95051978220127,9.07711857967049,9.412237325149803,9.73236478867895,12.0,RapidDrift,Defective,False
C008908,B18,Memory_IC,CH-03,25.53,125.0,42.78,11.512976156291666,12.160672268640472,14.869981265122089,17.563687331761983,50.0,9.218189627681747,9.368945005056936,9.884496679310145,10.390721640656263,12.0,GradualDrift,Defective,False
C008910,B18,Memory_IC,CH-03,25.53,125.0,42.78,11.424234528302875,12.129357578052891,14.448109729311724,16.746847221904964,50.0,8.93317124592073,9.120978239838909,9.688695779387809,10.234739403644465,12.0,GradualDrift,Defective,False
C008911,B18,Memory_IC,CH-03,25.53,125.0,42.78,12.7697041899461,12.945972699311334,15.990786197686791,25.53228695811778,50.0,9.382468264568418,9.393748206325684,9.495991884661263,9.51993098083237,12.0,SuddenAnomaly,Defective,False
C008913,B18,Memory_IC,CH-03,25.53,125.0,42.78,12.031728321267607,12.82402434267339,15.143368847278191,17.476770079485693,50.0,9.193627522697476,9.369870375670637,9.758477459997057,10.261640288625046,12.0,GradualDrift,Defective,False
C008915,B18,Memory_IC,CH-03,25.53,125.0,42.78,11.141416054872645,11.312467132769706,14.389333808078426,21.00393394852634,50.0,8.868771324646856,8.904966431118426,8.986207688656167,9.070777049420869,12.0,SuddenAnomaly,Defective,False
C008918,B18,Memory_IC,CH-03,25.53,125.0,42.78,12.343264509986724,13.051919727973054,15.614152284478727,18.05742095179231,50.0,9.72748978866926,9.745903875135262,10.015119953591324,10.256328406766537,12.0,GradualDrift,Defective,False
C008928,B18,Memory_IC,CH-03,25.53,125.0,42.78,12.62586399113748,17.525468404990097,32.95964001676524,48.78614627053046,50.0,8.877915363875653,9.02116698467895,9.340578160874657,9.665137196655945,12.0,NearLimitDrift,Defective,False
C008929,B18,Memory_IC,CH-03,25.53,125.0,42.78,11.218773372602657,16.50597273954059,33.02675986905762,49.59557543251076,50.0,8.903230859582566,9.023424996137608,9.389625923769726,9.737211338375356,12.0,NearLimitDrift,Defective,False
C008933,B18,Memory_IC,CH-03,25.53,125.0,42.78,12.37730723434018,12.564433370260776,16.448182157456863,22.13431536256703,50.0,8.843811536311799,8.856755227904427,8.937986313817559,8.964263837805772,12.0,SuddenAnomaly,Defective,False
C008936,B18,Memory_IC,CH-03,25.53,125.0,42.78,11.428774066797535,12.25120283690416,14.728496102469322,17.40051021022012,50.0,9.187426879501125,9.36446389818065,9.69959791621003,10.109291696735603,12.0,GradualDrift,Defective,False
C008937,B18,Memory_IC,CH-03,25.53,125.0,42.78,12.388484033452054,13.449193874063514,16.510933800863043,19.434141132306067,50.0,9.505492871177925,9.69524601326444,10.275790689421036,10.776076596334182,12.0,GradualDrift,Defective,False
C008938,B18,Memory_IC,CH-03,25.53,125.0,42.78,11.891689231267076,13.198075754413788,17.176715603288667,21.20940226742825,50.0,9.344232887998208,9.507729808812208,10.283246535589004,11.053074462715362,12.0,RapidDrift,Defective,False
C008940,B18,Memory_IC,CH-03,25.53,125.0,42.78,10.18199853193825,11.243334712347934,14.650509676984456,18.119184948881863,50.0,9.068255780309649,9.211136438500592,9.723990587190304,10.300950954641172,12.0,GradualDrift,Defective,False
C008942,B18,Memory_IC,CH-03,25.53,125.0,42.78,11.87440036692266,12.688252311022016,15.861996765997516,19.17456953607236,50.0,8.62187959140365,8.76060860816618,9.091693345693924,9.444597739119068,12.0,GradualDrift,Defective,False
C008943,B18,Memory_IC,CH-03,25.53,125.0,42.78,12.144960183674316,13.129313963540875,16.62236236622007,20.22441480849609,50.0,8.945550086000239,9.183894356235324,9.67084148824902,10.203058219434409,12.0,GradualDrift,Defective,False
C008948,B18,Memory_IC,CH-03,25.53,125.0,42.78,10.383729243780742,11.563882274367476,14.875019716509597,18.26232224568112,50.0,8.863673427524597,8.905334622873838,9.14997388979156,9.34138620060413,12.0,GradualDrift,Defective,False
C008950,B18,Memory_IC,CH-03,25.53,125.0,42.78,16.894899959005357,14.539671263295656,13.78635950686386,13.337959338056375,50.0,9.460676808534346,9.33774218901086,9.27461737405817,9.273402713879827,12.0,EarlyLifeInstability,Defective,False
C008952,B18,Memory_IC,CH-03,25.53,125.0,42.78,12.991630142914383,17.12154777919369,29.42883965116422,42.62848310771863,50.0,9.17882935563834,9.368580022874925,9.993437313784035,10.625784685248004,12.0,NearLimitDrift,Defective,False
C008955,B18,Memory_IC,CH-03,25.53,125.0,42.78,11.739918025615609,13.209134409595862,19.15121335276192,24.896677509606853,50.0,9.577146515128922,9.730901804262636,10.0269493911189,10.440309239022096,12.0,RapidDrift,Defective,False
C008958,B18,Memory_IC,CH-03,25.53,125.0,42.78,16.066316680974506,14.381852707387676,12.594296260095035,12.427813391603973,50.0,9.545005132103103,9.36861518149292,9.316775407449423,9.281499179734167,12.0,EarlyLifeInstability,Defective,False
C008963,B18,Memory_IC,CH-03,25.53,125.0,42.78,11.546133450780406,12.34496936851091,13.952214510875164,15.428719149573244,50.0,8.782406270528332,8.930328468279578,9.41971008946863,9.874404707982164,12.0,GradualDrift,Defective,False
C008969,B18,Memory_IC,CH-03,25.53,125.0,42.78,10.991923000156342,11.775927383290467,13.816944023789928,15.893405330188465,50.0,9.186754710088024,9.273207511489153,9.66795709359997,10.051517355895164,12.0,GradualDrift,Defective,False
C008986,B18,Memory_IC,CH-03,25.53,125.0,42.78,12.323600293795728,12.403853211183252,16.23259685246485,25.866084630443925,50.0,9.292300744997256,9.316753313958325,,9.614065025151817,12.0,SuddenAnomaly,Defective,False
C008996,B18,Memory_IC,CH-03,25.53,125.0,42.78,12.13646576639907,16.533345699212564,29.66724913439716,42.60303401964943,50.0,9.163392880117216,9.357277256839474,9.913129560258232,10.480451950778903,12.0,NearLimitDrift,Defective,False
C009004,B19,MixedSignal,CH-03,26.25,120.0,31.08,13.01497765578558,13.84667053411388,16.413162072548296,18.945078164331047,50.0,9.676960520802998,9.808286465035682,10.333194284249398,10.871796720542712,12.0,GradualDrift,Defective,False
C009005,B19,MixedSignal,CH-03,26.25,120.0,31.08,13.884210163356522,14.899419657802502,18.255347921923235,21.56007346072751,50.0,9.477317155947496,9.542188410968144,9.75332740725871,9.978993785307075,12.0,GradualDrift,Defective,False
C009009,B19,MixedSignal,CH-03,26.25,120.0,31.08,14.329963764981594,14.720631786715243,16.156908639580106,17.615542450321897,50.0,10.230394021497307,10.263527117302845,10.4100473213939,10.552358003599796,12.0,GradualDrift,Defective,False
C009013,B19,MixedSignal,CH-03,26.25,120.0,31.08,14.155006966842956,15.223714822721432,18.87161290160165,22.39287013252739,50.0,10.045046009609807,10.188209599461576,10.74984811421212,11.312089543034467,12.0,GradualDrift,Defective,False
C009014,B19,MixedSignal,CH-03,26.25,120.0,31.08,14.8926437420831,15.767771456939236,17.947718944327068,20.15444815423983,50.0,10.002302696100635,10.16029790084399,10.70286330561332,11.2307674528264,12.0,GradualDrift,Defective,False
C009027,B19,MixedSignal,CH-03,26.25,120.0,31.08,12.863411725104264,13.693323744628154,16.222394528017457,18.75328503074257,50.0,10.375480639375036,10.458273815337638,10.897152594760428,11.346367795347994,12.0,GradualDrift,Defective,False
C009037,B19,MixedSignal,CH-03,26.25,120.0,31.08,14.468689615270735,18.108983804058617,28.6029704066689,40.3576094872448,50.0,10.394326070709248,10.49206171976582,10.7824273845052,11.033922924919294,12.0,NearLimitDrift,Defective,False
C009039,B19,MixedSignal,CH-03,26.25,120.0,31.08,12.839047196477624,15.172267984847592,21.70675047392225,28.01625471209444,50.0,10.266660502227122,10.52090788750297,11.12170978974179,11.829252391522108,12.0,RapidDrift,Defective,False
C009040,B19,MixedSignal,CH-03,26.25,120.0,31.08,19.22672249597616,17.037723995487692,15.131054421740917,14.685683184019934,50.0,10.243374242643068,9.989583979456922,9.99918330044861,9.965059085990497,12.0,EarlyLifeInstability,Defective,False
C009042,B19,MixedSignal,CH-03,26.25,120.0,31.08,15.329770064189916,16.351800933723794,19.44504571871468,22.59211361630322,50.0,9.920001883896436,10.081617551409892,10.468722321754925,10.840440239348345,12.0,GradualDrift,Defective,False
C009056,B19,MixedSignal,CH-03,26.25,120.0,31.08,13.196394714915918,13.461515339766107,16.06843691483168,29.98576732200524,50.0,10.0231232211177,10.03742997583988,10.084845060556056,10.138028727481986,12.0,SuddenAnomaly,Defective,False
C009059,B19,MixedSignal,CH-03,26.25,120.0,31.08,15.18035939506938,15.32467999194985,17.8521198496317,26.244913839626783,50.0,10.635304891744548,10.695487370693264,10.790281741097688,10.949173708855955,12.0,SuddenAnomaly,Defective,False
C009061,B19,MixedSignal,CH-03,26.25,120.0,31.08,14.075575719322496,14.64324273098323,16.30565318335328,18.102433941461754,50.0,10.093314489169137,10.177131618562589,10.489308285243176,10.775490278095411,12.0,GradualDrift,Defective,False
C009062,B19,MixedSignal,CH-03,26.25,120.0,31.08,12.958312628172116,13.964646665950722,16.55288154395104,19.38033003447281,50.0,10.444082302324784,10.540106751154292,10.83716458040458,11.193714590488876,12.0,GradualDrift,Defective,False
C009065,B19,MixedSignal,CH-03,26.25,120.0,31.08,14.624497353686468,15.8306070132075,19.18084249659244,22.59889152642782,50.0,10.161830156572949,10.212795216296506,10.379424155038764,10.576304303028875,12.0,GradualDrift,Defective,False
C009076,B19,MixedSignal,CH-03,26.25,120.0,31.08,12.966941018040329,13.930199692435162,16.919001681403866,20.02984045810745,50.0,10.621667192487108,10.81248808447165,11.3632854151946,11.897179225937233,12.0,GradualDrift,Defective,False
C009081,B19,MixedSignal,CH-03,26.25,120.0,31.08,12.54212566775798,13.225973589374409,15.594065726196002,18.039487824094223,50.0,9.615568932467736,9.668341423043133,9.833492955820043,10.039315728887807,12.0,GradualDrift,Defective,False
C009086,B19,MixedSignal,CH-03,26.25,120.0,31.08,12.742999033544992,13.01474176716821,20.26794931569346,14.530089980950969,50.0,10.309424082391294,10.311483116331804,10.352343011790804,10.374581495556692,12.0,NonMonotonicAnomaly,Defective,False
C009087,B19,MixedSignal,CH-03,26.25,120.0,31.08,12.632049659875452,13.78524692636456,16.606085570884797,19.397810302785224,50.0,10.328851948473046,10.442804993632246,10.873276095107409,11.331646935674543,12.0,GradualDrift,Defective,False
C009088,B19,MixedSignal,CH-03,26.25,120.0,31.08,15.599865374806225,16.105884665301485,17.729251352662914,19.35003159291578,50.0,10.103940527355022,10.23147030553634,10.674781878831991,11.127389420757414,12.0,GradualDrift,Defective,False
C009090,B19,MixedSignal,CH-03,26.25,120.0,31.08,14.622608110809807,16.667579486301623,22.033481567945543,27.67787892040777,50.0,9.976128798163971,10.126351510113713,10.407929081093396,10.845210984685483,12.0,RapidDrift,Defective,False
C009102,B19,MixedSignal,CH-03,26.25,120.0,31.08,13.448425004525776,13.547747199275568,17.73474224589004,21.939971677768035,50.0,10.277499856640448,10.352923687366683,10.534686256233536,10.66599676930589,12.0,SuddenAnomaly,Defective,False
C009109,B19,MixedSignal,CH-03,26.25,120.0,31.08,13.00085026044928,13.007361554500468,20.904828706363944,13.473472423944914,50.0,9.091965605821342,9.11689445839105,9.17969735593936,9.250345152095662,12.0,NonMonotonicAnomaly,Defective,False
C009111,B19,MixedSignal,CH-03,26.25,120.0,31.08,13.392967996383502,14.347986819911725,17.04601739023704,19.891922874873767,50.0,10.304762143501602,10.441428449582125,10.858084027494126,11.27080923088745,12.0,GradualDrift,Defective,False
C009120,B19,MixedSignal,CH-03,26.25,120.0,31.08,15.36141372337535,16.445245563361073,19.03354973572591,21.68297545264745,50.0,9.5512663606244,9.691597326243048,10.072919794493403,10.407896132104389,12.0,GradualDrift,Defective,False
C009129,B19,MixedSignal,CH-03,26.25,120.0,31.08,16.570505239384552,17.025261570042506,18.46371643956096,20.2006115443795,50.0,10.442208481867183,10.535471173907474,10.983422981615782,11.460311161431338,12.0,GradualDrift,Defective,False
C009131,B19,MixedSignal,CH-03,26.25,120.0,31.08,13.249753500289714,18.064259008747445,33.406404918282554,48.43000086638988,50.0,10.53897237971013,10.750423306267804,11.356319374621473,11.983299001060644,12.0,NearLimitDrift,Defective,False
C009132,B19,MixedSignal,CH-03,26.25,120.0,31.08,16.273960208506313,17.237092142892468,20.364419051999143,23.396997747348934,50.0,10.074737363961336,10.207029780445536,10.745012863109308,11.282296220639353,12.0,GradualDrift,Defective,False
C009137,B19,MixedSignal,CH-03,26.25,120.0,31.08,15.019406817214046,19.29962804997848,33.22187051728138,47.838800073064,50.0,9.746170998816174,9.917635765094271,10.495574008250562,11.075970501147127,12.0,NearLimitDrift,Defective,False
C009139,B19,MixedSignal,CH-03,26.25,120.0,31.08,12.419140816746872,13.156884287626768,15.154605435352272,17.61185978635299,50.0,9.987347960935155,10.132410973428668,10.43574632923887,10.728685712577066,12.0,GradualDrift,Defective,False
C009144,B19,MixedSignal,CH-03,26.25,120.0,31.08,14.83691890683744,15.593219414889129,17.64264917217926,19.842709868968708,50.0,10.263321795744112,10.416063619625785,10.89731653476607,11.32870520745972,12.0,GradualDrift,Defective,False
C009153,B19,MixedSignal,CH-03,26.25,120.0,31.08,14.158892992481004,14.667444485105875,16.99369071424197,19.211517097354168,50.0,9.66417328568879,9.81541695777056,10.234758033822905,10.676058393982728,12.0,GradualDrift,Defective,False
C009156,B19,MixedSignal,CH-03,26.25,120.0,31.08,16.424210273099813,15.04085369448143,13.872460777297196,14.17236822707913,50.0,10.537336527565204,10.37542600234759,10.345203186742747,10.320371954224123,12.0,EarlyLifeInstability,Defective,False
C009170,B19,MixedSignal,CH-03,26.25,120.0,31.08,12.963147823803164,13.263042775306507,17.767811575378595,25.54089813276687,50.0,10.132670682604484,10.16448901856484,10.216252631822709,10.241481463271608,12.0,SuddenAnomaly,Defective,False
C009181,B19,MixedSignal,CH-03,26.25,120.0,31.08,15.097477004664103,15.993147874133722,18.46365315166263,21.192395207742543,50.0,10.450993713998514,10.60491255851806,11.054805438116146,11.530615971803645,12.0,GradualDrift,Defective,False
C009185,B19,MixedSignal,CH-03,26.25,120.0,31.08,15.540203888860276,16.627927583995955,19.884959679939573,23.17878179521313,50.0,10.006686634756925,10.22661008811052,10.68987280138224,11.18086747289124,12.0,GradualDrift,Defective,False
C009187,B19,MixedSignal,CH-03,26.25,120.0,31.08,13.185619501948594,14.79112166971132,18.022939678131326,22.08139636073645,50.0,10.376815891013283,10.614602137587944,11.22251745819489,11.74266030092114,12.0,RapidDrift,Defective,False
C009188,B19,MixedSignal,CH-03,26.25,120.0,31.08,14.328834368048271,15.243866411318525,18.532613620082586,21.510641901613564,50.0,10.294247722261227,10.42005891268701,10.848013008003257,11.223995718943076,12.0,GradualDrift,Defective,False
C009189,B19,MixedSignal,CH-03,26.25,120.0,31.08,13.900046355699187,15.120360720761722,18.73289021104577,22.153204586919745,50.0,9.972919833246657,10.02286921998677,10.30102566856423,10.598770529336836,12.0,GradualDrift,Defective,False
C009192,B19,MixedSignal,CH-03,26.25,120.0,31.08,13.438216548853012,15.192043625112367,20.44989432993512,26.11482582105007,50.0,9.995411634515737,10.19442225153586,10.768665615553427,11.303746303664456,12.0,RapidDrift,Defective,False
C009194,B19,MixedSignal,CH-03,26.25,120.0,31.08,12.90523599453832,13.207149316566923,22.401236926204,14.311221987394086,50.0,10.009929034767104,10.01666096738476,10.116905757001623,10.211728928742328,12.0,NonMonotonicAnomaly,Defective,False
C009198,B19,MixedSignal,CH-03,26.25,120.0,31.08,15.635540665907078,15.931938460383453,20.590350304641056,16.696136685243392,50.0,10.55821851562528,10.603851854712826,10.715450950185936,10.762128557785829,12.0,NonMonotonicAnomaly,Defective,False
C009199,B19,MixedSignal,CH-03,26.25,120.0,31.08,13.492730604323157,13.661555283569491,16.65324431386819,24.64996232935389,50.0,10.183298937813552,10.218194618506791,,10.442260391949397,12.0,SuddenAnomaly,Defective,False
C009200,B19,MixedSignal,CH-03,26.25,120.0,31.08,13.55887880463639,14.482465602861309,16.845169482194073,19.448706206620525,50.0,10.048119211291876,10.212103014302937,10.70471333659574,11.214862948515298,12.0,GradualDrift,Defective,False
C009201,B19,MixedSignal,CH-03,26.25,120.0,31.08,13.257608874665404,14.588280053130736,18.03815966711781,21.735761045994405,50.0,9.819928663056947,10.03099790277891,10.617621660995724,11.17779580306872,12.0,GradualDrift,Defective,False
C009220,B19,MixedSignal,CH-03,26.25,120.0,31.08,12.358350526696697,12.47314875437041,19.794741684088567,13.17553992120603,50.0,10.164234496227456,10.170615987403178,10.214343354172854,10.250839910367471,12.0,NonMonotonicAnomaly,Defective,False
C009223,B19,MixedSignal,CH-03,26.25,120.0,31.08,14.318780546432432,15.056360779861343,17.706255495112515,20.54180498109333,50.0,9.865434894941323,9.936887386656258,10.265963134855845,10.578436342034465,12.0,GradualDrift,Defective,False
C009224,B19,MixedSignal,CH-03,26.25,120.0,31.08,15.627824201391723,15.759725116365155,19.53848085605936,23.502181298367383,50.0,9.897262471511372,9.94500451417397,10.027988121445787,10.188038535060524,12.0,SuddenAnomaly,Defective,False
C009225,B19,MixedSignal,CH-03,26.25,120.0,31.08,12.09240531037849,12.256269804030389,20.20773050266138,13.160138545396132,50.0,9.960800987812636,9.998529493972976,10.092448129212714,10.129873113993956,12.0,NonMonotonicAnomaly,Defective,False
C009226,B19,MixedSignal,CH-03,26.25,120.0,31.08,13.996248841279272,15.300476131090504,20.2981343204666,25.516318712744344,50.0,10.32047871764164,10.59886747548967,11.047523268155128,11.66964467051354,12.0,RapidDrift,Defective,False
C009233,B19,MixedSignal,CH-03,26.25,120.0,31.08,13.77859150676776,13.78304133300424,17.03909542557891,23.5633730959552,50.0,10.212569329166788,10.264677835240224,10.385848513589428,10.422316513157616,12.0,SuddenAnomaly,Defective,False
C009236,B19,MixedSignal,CH-03,26.25,120.0,31.08,15.87699403941947,19.267063307434828,29.752336993516067,40.890859009523886,50.0,10.9514739924916,11.076194298994729,11.461496402035648,11.842703901316764,12.0,NearLimitDrift,Defective,False
C009243,B19,MixedSignal,CH-03,26.25,120.0,31.08,13.228147507093448,13.957922251398385,15.747690731179054,17.54707923908061,50.0,10.435582626776975,10.48555149998372,10.682183897047569,10.81475315987264,12.0,GradualDrift,Defective,False
C009244,B19,MixedSignal,CH-03,26.25,120.0,31.08,12.038876734992243,12.54042243559883,14.19081771324801,15.88000124495004,50.0,10.053543236398909,10.176351355109135,10.567092682455918,10.98442001961048,12.0,GradualDrift,Defective,False
C009246,B19,MixedSignal,CH-03,26.25,120.0,31.08,13.750306784412883,13.922489449382638,16.613316955481267,28.620660871605352,50.0,9.877175866558922,9.892739665175416,10.034981186316791,10.140980016943146,12.0,SuddenAnomaly,Defective,False
C009252,B19,MixedSignal,CH-03,26.25,120.0,31.08,14.224315963614336,15.224331086729224,17.821301735647484,20.585788823286475,50.0,10.50635009831764,10.66823149178267,11.030306460165315,11.368669551203368,12.0,GradualDrift,Defective,False
C009255,B19,MixedSignal,CH-03,26.25,120.0,31.08,13.757161035364998,14.98165099529045,18.08583738375381,21.223137293447007,50.0,10.801214827760525,10.940040412691763,11.45710371474616,11.935800222081816,12.0,GradualDrift,Defective,False
C009256,B19,MixedSignal,CH-03,26.25,120.0,31.08,15.240385900686023,16.20743353922237,19.15532766699184,22.25942904187493,50.0,10.737014472058108,10.816151123273336,11.19242905380905,11.514852623285387,12.0,GradualDrift,Defective,False
C009258,B19,MixedSignal,CH-03,26.25,120.0,31.08,12.426647294883203,13.247362362156002,15.383636625074208,17.855679510432104,50.0,10.333062785852205,10.345058862669443,10.589901289224624,10.842487156798958,12.0,GradualDrift,Defective,False
C009265,B19,MixedSignal,CH-03,26.25,120.0,31.08,14.403175568923825,14.956620133774228,16.5611307532794,18.14448367661005,50.0,10.275613818767953,10.50447435612882,11.091954402587085,11.683099777219269,12.0,GradualDrift,Defective,False
C009267,B19,MixedSignal,CH-03,26.25,120.0,31.08,14.808920993242388,13.215654343435292,12.598973218817733,12.392099518473286,50.0,10.235981751207136,10.17736166849317,10.063130750800466,10.019566947018188,12.0,EarlyLifeInstability,Defective,False
C009270,B19,MixedSignal,CH-03,26.25,120.0,31.08,14.46725398839844,14.449775252586946,17.072998296750427,25.22656718258967,50.0,10.24980000659794,10.2938461175232,10.310682095145223,10.359172992523252,12.0,SuddenAnomaly,Defective,False
C009278,B19,MixedSignal,CH-03,26.25,120.0,31.08,13.170990552841204,13.982953701816273,16.455266289755933,19.01228882067917,50.0,9.414260129137457,9.575210477296611,10.130694398184549,10.653128869431548,12.0,GradualDrift,Defective,False
C009285,B19,MixedSignal,CH-03,26.25,120.0,31.08,15.410320441521147,16.142477178321187,17.61635555037001,19.199850593128808,50.0,10.45741550597305,10.605814274853554,11.083773521025476,11.54991506455571,12.0,GradualDrift,Defective,False
C009289,B19,MixedSignal,CH-03,26.25,120.0,31.08,14.951829846431096,15.264924023844742,16.79661823361344,18.56085885366877,50.0,10.125598150117266,10.212806787878463,10.408047955149511,10.581117555030556,12.0,GradualDrift,Defective,False
C009294,B19,MixedSignal,CH-03,26.25,120.0,31.08,14.803662252769474,15.873694091747314,19.48625173279791,23.23396460490461,50.0,10.051276511378733,10.159226403866947,10.617739896567349,11.039879898433558,12.0,GradualDrift,Defective,False
C009295,B19,MixedSignal,CH-03,26.25,120.0,31.08,15.031424414492715,15.086074229583986,17.39240410668635,23.56888443291284,50.0,9.699631894785115,9.749415836618612,9.864558782696468,9.990247623217089,12.0,SuddenAnomaly,Defective,False
C009304,B19,MixedSignal,CH-03,26.25,120.0,31.08,14.796317531165665,15.44453076554573,17.653696734808477,19.832887316850385,50.0,10.758907594798917,10.782408727683624,10.981891023025936,11.14492063710837,12.0,GradualDrift,Defective,False
C009307,B19,MixedSignal,CH-03,26.25,120.0,31.08,14.007039718494932,14.23061298795762,17.526327295320122,22.291604769601776,50.0,10.358922765502268,10.35781883373545,10.417855693510312,10.423831646565642,12.0,SuddenAnomaly,Defective,False
C009308,B19,MixedSignal,CH-03,26.25,120.0,31.08,13.78129566135514,14.904269793156248,18.700247635842928,22.27756222951892,50.0,10.510297272975638,10.64390007277292,10.992777428698831,11.333426783099757,12.0,GradualDrift,Defective,False
C009309,B19,MixedSignal,CH-03,26.25,120.0,31.08,14.341202221198904,18.43726623973425,31.65350232184209,46.04126414973345,50.0,10.648114671646804,10.76824977979863,11.184428003604197,11.578233073566972,12.0,NearLimitDrift,Defective,False
C009313,B19,MixedSignal,CH-03,26.25,120.0,31.08,14.983866288822416,15.804475732917062,18.2230315494711,20.71780088636225,50.0,10.171694178874974,10.32404597688436,10.671120040661403,11.068486816864022,12.0,GradualDrift,Defective,False
C009320,B19,MixedSignal,CH-03,26.25,120.0,31.08,13.585608271478414,14.248004669157847,16.342070354196114,18.896609796278533,50.0,10.369755735141734,10.455741837268562,10.765531589546573,11.052081523757447,12.0,GradualDrift,Defective,False
C009323,B19,MixedSignal,CH-03,26.25,120.0,31.08,14.126094371176643,14.780680339393482,16.931937758046544,19.0573015770698,50.0,10.25552735322108,10.41718698236796,10.865200968996488,11.317676555431897,12.0,GradualDrift,Defective,False
C009324,B19,MixedSignal,CH-03,26.25,120.0,31.08,13.176765556862666,14.18605462619112,16.93379613432858,19.7191902966133,50.0,10.31647579995814,10.437581231726568,10.795453973469886,11.06711257557508,12.0,GradualDrift,Defective,False
C009333,B19,MixedSignal,CH-03,26.25,120.0,31.08,14.197384038784158,15.289769617268576,18.746162415553968,22.168204434359552,50.0,9.866512928483283,9.999963230391105,10.40624810757979,10.814088373777016,12.0,GradualDrift,Defective,False
C009334,B19,MixedSignal,CH-03,26.25,120.0,31.08,13.32936690235349,13.502906291440848,19.0128591847335,14.64547329959765,50.0,10.589331310741752,10.589907490597309,10.633649367052724,10.631262905354824,12.0,NonMonotonicAnomaly,Defective,False
C009337,B19,MixedSignal,CH-03,26.25,120.0,31.08,12.544708475814002,13.819957120776904,17.33793203159593,20.95418526696507,50.0,10.299455341102322,10.529747395204028,11.034729961593737,11.524124674600484,12.0,GradualDrift,Defective,False
C009342,B19,MixedSignal,CH-03,26.25,120.0,31.08,13.23437136334818,14.726577418747535,19.045077018849423,24.00807647246159,50.0,9.71379155521362,10.039902940739918,10.71274285004206,11.399857654830877,12.0,RapidDrift,Defective,False
C009347,B19,MixedSignal,CH-03,26.25,120.0,31.08,14.066261977010166,14.725901246007998,16.711826884721077,18.644738116836045,50.0,10.044676186221748,10.129274555124168,10.288284538829268,10.486870227680868,12.0,GradualDrift,Defective,False
C009351,B19,MixedSignal,CH-03,26.25,120.0,31.08,17.044216601834314,15.955714297375415,15.050143955598545,15.315487437204208,50.0,10.794123806540384,10.630207546696672,10.575102101090526,10.590725087227115,12.0,EarlyLifeInstability,Defective,False
C009362,B19,MixedSignal,CH-03,26.25,120.0,31.08,14.002596337334936,15.05351141451925,18.107918938229435,21.36802044517808,50.0,10.115961638430754,10.178077550546272,10.381899832599208,10.5813566673563,12.0,GradualDrift,Defective,False
C009367,B19,MixedSignal,CH-03,26.25,120.0,31.08,12.626249167474228,13.33152476101322,15.921085911992842,18.396785063481417,50.0,9.648116401990317,9.739653451175986,9.964868102257968,10.16455971888178,12.0,GradualDrift,Defective,False
C009369,B19,MixedSignal,CH-03,26.25,120.0,31.08,12.229267526535589,13.423079858488858,17.05172639957827,20.789944661703515,50.0,10.20001335153112,10.309274264348373,10.73070777493032,11.136094700137408,12.0,GradualDrift,Defective,False
C009371,B19,MixedSignal,CH-03,26.25,120.0,31.08,14.807464508291297,18.9605122956963,32.045748902458406,46.39332052795527,50.0,10.363796944685108,10.527154082262976,10.844081861735882,11.184047759236597,12.0,NearLimitDrift,Defective,False
C009373,B19,MixedSignal,CH-03,26.25,120.0,31.08,15.15811588929004,15.923103502677934,17.858119097322316,19.66899678270913,50.0,10.015131308432824,10.19212287364799,10.730652501545544,11.208873944558256,12.0,GradualDrift,Defective,False
C009375,B19,MixedSignal,CH-03,26.25,120.0,31.08,13.610044566352691,,16.76386590449056,19.385456689303048,50.0,10.518196237467516,10.614889146135438,10.911013107600112,11.223637316080906,12.0,GradualDrift,Defective,False
C009377,B19,MixedSignal,CH-03,26.25,120.0,31.08,15.31477441321168,16.188358370633747,18.943926581294427,,50.0,10.244770823759206,10.415968400361626,10.927948459576326,11.42281169054312,12.0,GradualDrift,Defective,False
C009383,B19,MixedSignal,CH-03,26.25,120.0,31.08,13.252850919116048,13.980016344346618,16.419540859619353,18.969426512508555,50.0,10.019577946102707,10.101807858592146,10.41826527376827,10.648019479291133,12.0,GradualDrift,Defective,False
C009399,B19,MixedSignal,CH-03,26.25,120.0,31.08,15.272963912490528,14.142619067654229,13.396509899038117,13.311566566078715,50.0,11.074864376456793,10.92919673829804,10.882864185673068,10.911251175015131,12.0,EarlyLifeInstability,Defective,False
C009413,B19,MixedSignal,CH-03,26.25,120.0,31.08,13.260522881884237,14.31660965396356,17.785315732721706,21.35211413431719,50.0,9.138319818474336,9.177517093048555,9.408478249995998,9.68590391490013,12.0,GradualDrift,Defective,False
C009418,B19,MixedSignal,CH-03,26.25,120.0,31.08,14.445923719010535,14.634793428618629,18.4990989125341,26.83577266892696,50.0,10.324207315956906,10.366038253061143,10.473388918941929,10.609013411380404,12.0,SuddenAnomaly,Defective,False
C009420,B19,MixedSignal,CH-03,26.25,120.0,31.08,14.425795168939194,15.47585009912344,18.23740427207066,21.08767292796505,50.0,9.840089437842332,10.026579114725834,10.45673904762448,10.882553654756904,12.0,GradualDrift,Defective,False
C009421,B19,MixedSignal,CH-03,26.25,120.0,31.08,17.27622042351047,,15.451705767823617,15.411690762806415,50.0,10.695831620781146,10.527719483747248,10.53566598505308,10.450616928659182,12.0,EarlyLifeInstability,Defective,False
C009422,B19,MixedSignal,CH-03,26.25,120.0,31.08,14.829503160206642,15.345291056233338,17.214096899768176,18.94826872616861,50.0,10.708757596371454,10.880968513016237,11.396674606896529,11.903937125999384,12.0,GradualDrift,Defective,False
C009423,B19,MixedSignal,CH-03,26.25,120.0,31.08,14.94178205847912,16.007919915082336,19.00602596553608,22.197947029410305,50.0,10.207786202287627,10.335950515599544,10.87924602943447,11.456164445402871,12.0,GradualDrift,Defective,False
C009426,B19,MixedSignal,CH-03,26.25,120.0,31.08,12.80649660514371,13.99869661336824,17.23826342567377,20.549960407017974,50.0,10.400323853249567,10.501041667802536,10.784141622756074,11.011661319179709,12.0,GradualDrift,Defective,False
C009434,B19,MixedSignal,CH-03,26.25,120.0,31.08,14.538460575921752,14.533534503011053,18.63434928354988,29.671969587692484,50.0,10.314646630855016,10.37317841241163,10.526368055194109,10.64963565319075,12.0,SuddenAnomaly,Defective,False
C009438,B19,MixedSignal,CH-03,26.25,120.0,31.08,14.296868759577883,15.353139995009784,18.801309877541943,22.26160498411844,50.0,10.231469549031356,10.31459794948782,10.69739356338334,11.08369801680514,12.0,GradualDrift,Defective,False
C009444,B19,MixedSignal,CH-03,26.25,120.0,31.08,15.170010553141388,15.318322190993245,19.71332422932257,31.15395146915236,50.0,10.154306062490567,10.181056678077612,10.243500418584816,10.317022760930014,12.0,SuddenAnomaly,Defective,False
C009449,B19,MixedSignal,CH-03,26.25,120.0,31.08,18.97171104503945,17.443525670122273,16.14023720413338,15.479585441787028,50.0,10.62832612527812,10.535524884230256,10.421997868688976,10.424862295942702,12.0,EarlyLifeInstability,Defective,False
C009460,B19,MixedSignal,CH-03,26.25,120.0,31.08,16.074248081726026,17.20630562195598,19.975912087629133,22.82759324545011,50.0,10.781154109061704,10.843337123471326,10.97871036058676,11.138981367466778,12.0,GradualDrift,Defective,False
C009474,B19,MixedSignal,CH-03,26.25,120.0,31.08,14.200228663161326,14.604318063203474,16.044360382887493,17.57644717166129,50.0,10.3084118973312,10.47539460566862,10.96487366340017,11.511304368731862,12.0,GradualDrift,Defective,False
C009478,B19,MixedSignal,CH-03,26.25,120.0,31.08,12.460758898742316,13.241958395102255,15.450194614281882,17.54012624624677,50.0,10.115872401781616,10.190525533412648,10.475151214611692,10.77971525323577,12.0,GradualDrift,Defective,False
C009487,B19,MixedSignal,CH-03,26.25,120.0,31.08,16.117192768834194,17.23161044806619,20.59880028426513,23.781790626377973,50.0,10.395564371892055,10.408933515124298,10.570258247560188,10.738107896337867,12.0,GradualDrift,Defective,False
C009492,B19,MixedSignal,CH-03,26.25,120.0,31.08,11.258982247290596,12.147205662186089,14.812878529747938,17.68493369338753,50.0,9.963920691012662,10.079334600428698,10.471535744024544,10.8008542782108,12.0,GradualDrift,Defective,False
C009499,B19,MixedSignal,CH-03,26.25,120.0,31.08,14.691765047356904,19.18840765580767,33.38173933844173,48.05468019583098,50.0,10.56466068547525,10.714104147586069,11.090433938542434,11.479560455397444,12.0,NearLimitDrift,Defective,False
C009502,B20,Memory_IC,CH-03,26.82,125.0,43.35,12.858351507447258,13.484095673173872,15.837956176935757,18.082062199057805,50.0,9.619329680177987,9.797652427753295,10.184727718577362,10.569826450713755,12.0,GradualDrift,Defective,False
C009506,B20,Memory_IC,CH-03,26.82,125.0,43.35,12.054899272473984,12.749437484301936,14.9580943539124,17.06129572510181,50.0,8.973772565991494,9.183237261626626,9.75672664749261,10.32935138667813,12.0,GradualDrift,Defective,False
C009510,B20,Memory_IC,CH-03,26.82,125.0,43.35,13.429910445962731,13.586602595672824,19.349847107600443,15.35080841564159,50.0,8.957027086987742,9.015231584549795,8.98895378249893,9.02077561737924,12.0,NonMonotonicAnomaly,Defective,False
C009521,B20,Memory_IC,CH-03,26.82,125.0,43.35,12.482061567932432,13.659326977422612,16.365707269410766,19.09250878450733,50.0,9.193413204851614,9.329173434248672,9.651294779266973,9.990835817213382,12.0,GradualDrift,Defective,False
C009526,B20,Memory_IC,CH-03,26.82,125.0,43.35,13.09781335398215,14.395205662041077,18.19665530044568,21.88216463859648,50.0,8.786129479385007,9.021775936585495,9.7448491117739,10.385514884766778,12.0,RapidDrift,Defective,False
C009530,B20,Memory_IC,CH-03,26.82,125.0,43.35,11.790327635325378,13.363994471665196,19.15392269990265,25.058616940260062,50.0,9.461927590593506,9.656584848358063,10.226732228316411,10.710080418739976,12.0,RapidDrift,Defective,False
C009532,B20,Memory_IC,CH-03,26.82,125.0,43.35,13.1766504072446,14.302365748470113,16.753777539026537,19.54795365451369,50.0,9.34217532908894,9.414101252728342,9.561159697058429,9.704823679825012,12.0,GradualDrift,Defective,False
C009533,B20,Memory_IC,CH-03,26.82,125.0,43.35,11.517652373343608,11.808771931828412,14.14534603637934,28.69895121461495,50.0,9.116770922100974,9.110499446133648,9.202356792226128,9.325249919562934,12.0,SuddenAnomaly,Defective,False
C009534,B20,Memory_IC,CH-03,26.82,125.0,43.35,12.577510856677396,13.714139786457164,16.72266355124822,19.937557241095224,50.0,8.63913807145039,8.779939112868915,9.24606359490799,9.735695010013186,12.0,GradualDrift,Defective,False
C009535,B20,Memory_IC,CH-03,26.82,125.0,43.35,11.954712965731618,12.070506439438851,14.010204145712956,27.52053140526564,50.0,9.186357209867849,9.247443527635795,9.330953437235744,9.41444539634998,12.0,SuddenAnomaly,Defective,False
C009539,B20,Memory_IC,CH-03,26.82,125.0,43.35,13.528951780289304,11.676577507898743,11.175683763354732,10.55085609270642,50.0,9.06755953693668,8.892044435935045,8.784572383793419,8.824511765853618,12.0,EarlyLifeInstability,Defective,False
C009540,B20,Memory_IC,CH-03,26.82,125.0,43.35,10.486110875272685,10.981822548227358,12.896940706614837,14.879284341555428,50.0,9.214068293856522,9.220507736880158,9.364907515748149,9.48642427865974,12.0,GradualDrift,Defective,False
C009545,B20,Memory_IC,CH-03,26.82,125.0,43.35,13.85452504554721,14.823163417944755,17.68507865345058,20.54106737427761,50.0,8.602155890577366,8.609483708061541,8.807501237271584,8.968993929556564,12.0,GradualDrift,Defective,False
C009546,B20,Memory_IC,CH-03,26.82,125.0,43.35,12.06663584286436,13.905908898835875,19.9302412806256,25.677438440274184,50.0,8.83574387787777,9.026907879044488,9.447050609583602,10.00952190063581,12.0,RapidDrift,Defective,False
C009548,B20,Memory_IC,CH-03,26.82,125.0,43.35,11.343409988229562,13.386679800301154,19.752709368752143,26.42336225100017,50.0,9.133240042596006,9.413929158534106,10.27261377390323,11.092517630298136,12.0,RapidDrift,Defective,False
C009552,B20,Memory_IC,CH-03,26.82,125.0,43.35,12.564443375941382,13.480783158259396,16.030945721724617,18.938768654357297,50.0,8.985863668261711,9.14515417338164,9.684446890768356,10.203373077620972,12.0,GradualDrift,Defective,False
C009556,B20,Memory_IC,CH-03,26.82,125.0,43.35,11.578540331993386,12.715145337962596,15.97412886223922,19.35317368930248,50.0,8.558696756658106,8.643309154207955,8.97358152232988,9.289234712722076,12.0,GradualDrift,Defective,False
C009567,B20,Memory_IC,CH-03,26.82,125.0,43.35,11.962087260158787,13.702646112910866,17.861332872587827,21.67565214898376,50.0,8.589529987995418,8.935293209108721,9.661951377457664,10.48145840479536,12.0,RapidDrift,Defective,False
C009572,B20,Memory_IC,CH-03,26.82,125.0,43.35,13.792988229911082,14.64809552736167,17.25069202664871,19.57693950332028,50.0,9.339539491270326,9.516837757951318,10.06582426781166,10.64465433766048,12.0,GradualDrift,Defective,False
C009573,B20,Memory_IC,CH-03,26.82,125.0,43.35,11.043930467907511,11.115293625692653,15.8955251850936,31.20728159751442,50.0,8.674107612070248,8.731812503443068,8.830245105898516,8.911439552870467,12.0,SuddenAnomaly,Defective,False
C009580,B20,Memory_IC,CH-03,26.82,125.0,43.35,13.615610593189894,18.180945588950767,32.63051197510811,47.72358981869209,50.0,8.888814469948807,9.03286991029063,9.32201916762452,9.574867214777251,12.0,NearLimitDrift,Defective,False
C009583,B20,Memory_IC,CH-03,26.82,125.0,43.35,11.938010246392698,13.600802227952258,18.18537908433582,22.90406202695945,50.0,8.301001362741719,8.351200784087307,8.64174997128675,8.969028815786189,12.0,RapidDrift,Defective,False
C009598,B20,Memory_IC,CH-03,26.82,125.0,43.35,11.335236763594336,11.227587861326969,18.30633573048612,11.859518109825688,50.0,8.660250709928947,8.659925201042716,8.785475516080131,8.894540983529579,12.0,NonMonotonicAnomaly,Defective,False
C009600,B20,Memory_IC,CH-03,26.82,125.0,43.35,13.13743599416184,14.16706263107658,17.691588556877633,21.225740349180217,50.0,8.945237940324871,9.107173977518144,9.620977758370213,10.16994999014424,12.0,GradualDrift,Defective,False
C009619,B20,Memory_IC,CH-03,26.82,125.0,43.35,14.558852165672295,12.520471543517564,11.760385617074409,11.191397963130408,50.0,9.526025328792953,9.429690571868584,9.295331091912889,9.243587425691368,12.0,EarlyLifeInstability,Defective,False
C009623,B20,Memory_IC,CH-03,26.82,125.0,43.35,11.945673098135364,15.414113800389703,27.58577799521253,39.70615118970524,50.0,8.852072257718376,8.999029571574987,9.40272138043479,9.842864058221506,12.0,NearLimitDrift,Defective,False
C009626,B20,Memory_IC,CH-03,26.82,125.0,43.35,11.30572778697933,13.110879420604313,18.1706894842674,22.95767077784659,50.0,8.813821459225904,9.008670363139888,9.818465603757172,10.658507590942571,12.0,RapidDrift,Defective,False
C009630,B20,Memory_IC,CH-03,26.82,125.0,43.35,11.90316445227051,12.79754651678102,15.077756243330793,17.55226885025465,50.0,9.090727801952395,9.2570464983514,9.651184133333285,9.988826126178152,12.0,GradualDrift,Defective,False
C009638,B20,Memory_IC,CH-03,26.82,125.0,43.35,12.90441428521278,13.458121010339651,15.7522356017343,17.760869153880407,50.0,9.903235741061204,9.967377251807424,10.166106329588889,10.383015860243653,12.0,GradualDrift,Defective,False
C009643,B20,Memory_IC,CH-03,26.82,125.0,43.35,11.147415556245022,11.311327608563165,14.517788651123976,26.4785747738378,50.0,9.255760686847829,9.279082149818922,9.306004722390409,9.33580132371398,12.0,SuddenAnomaly,Defective,False
C009646,B20,Memory_IC,CH-03,26.82,125.0,43.35,10.869499245573897,11.664552300854508,14.661970937272551,17.48337732017979,50.0,9.247748554647028,9.312218326138966,9.563267008198547,9.847369092962266,12.0,GradualDrift,Defective,False
C009647,B20,Memory_IC,CH-03,26.82,125.0,43.35,13.623161116183692,14.585647085333948,18.334782435375693,21.78075331871556,50.0,8.613332805344246,8.816558925220535,9.532698205588588,10.14166761791748,12.0,RapidDrift,Defective,False
C009657,B20,Memory_IC,CH-03,26.82,125.0,43.35,12.59874445430787,16.543327494688462,28.973672904316192,42.048441623932064,50.0,8.670760674805885,8.838227097051968,9.167011818246932,9.44302279311801,12.0,NearLimitDrift,Defective,False
C009660,B20,Memory_IC,CH-03,26.82,125.0,43.35,12.118325653496356,13.884457795893416,19.7950454919022,25.608582317543217,50.0,8.726672343577278,8.918388794769115,9.55416523336038,10.29406379439495,12.0,RapidDrift,Defective,False
C009662,B20,Memory_IC,CH-03,26.82,125.0,43.35,11.5641495262941,11.67550192228989,15.05462208954009,28.0997192454826,50.0,8.842851050190147,8.85286927015698,8.936306237357304,9.018217419089709,12.0,SuddenAnomaly,Defective,False
C009664,B20,Memory_IC,CH-03,26.82,125.0,43.35,14.570058236865252,12.755115241278594,11.8409214638021,11.486405335643298,50.0,9.3703135787742,9.221774738384733,9.12932504975902,9.105923605482912,12.0,EarlyLifeInstability,Defective,False
C009667,B20,Memory_IC,CH-03,26.82,125.0,43.35,14.992630125174278,13.717948529698347,11.63704688726344,11.277290968512308,50.0,9.055787262045282,8.893339786570047,8.818653659865282,8.782184642408133,12.0,EarlyLifeInstability,Defective,False
C009670,B20,Memory_IC,CH-03,26.82,125.0,43.35,11.838325901411292,12.425619512064484,14.384330129184509,16.588144114776924,50.0,9.283944592688409,9.336272020956176,9.521958474288388,9.670748140997034,12.0,GradualDrift,Defective,False
C009672,B20,Memory_IC,CH-03,26.82,125.0,43.35,11.72069783201103,11.749941379708098,21.49039212529352,12.955823840018011,50.0,8.226309454253823,8.243337444827723,8.260312646927948,8.314931857735365,12.0,NonMonotonicAnomaly,Defective,False
C009673,B20,Memory_IC,CH-03,26.82,125.0,43.35,12.319309604417768,12.66978358146503,16.99261620555559,29.92163562397144,50.0,8.92861772816298,8.959179317778592,9.029031821624631,9.092305301650724,12.0,SuddenAnomaly,Defective,False
C009674,B20,Memory_IC,CH-03,26.82,125.0,43.35,11.196018756729986,11.978182243096592,14.117327041242117,16.346263634663448,50.0,9.090009924238576,9.23304640405137,9.661374529320844,10.089976888188326,12.0,GradualDrift,Defective,False
C009677,B20,Memory_IC,CH-03,26.82,125.0,43.35,11.492583939055224,11.628486446286876,15.804950881187628,20.34085493325444,50.0,8.756242612976509,8.791493308992477,8.97507429169366,9.13242214440731,12.0,SuddenAnomaly,Defective,False
C009684,B20,Memory_IC,CH-03,26.82,125.0,43.35,12.146783324312064,12.89508876514723,15.333785808935785,17.564737950393376,50.0,9.323877769360257,9.424311390068922,9.742107992675471,10.0424352068419,12.0,GradualDrift,Defective,False
C009685,B20,Memory_IC,CH-03,26.82,125.0,43.35,12.296165155056682,14.691658024937508,20.50844609508201,26.89649705194456,50.0,9.03207386955336,9.401619208592845,10.207048609963934,10.988836682719157,12.0,RapidDrift,Defective,False
C009687,B20,Memory_IC,CH-03,26.82,125.0,43.35,9.95653468105932,10.133032564945644,14.190561626580422,19.06675126729196,50.0,9.36681189376098,9.415691526821508,9.573190284895922,9.680088141345552,12.0,SuddenAnomaly,Defective,False
C009693,B20,Memory_IC,CH-03,26.82,125.0,43.35,15.145651886513267,12.281449111148104,11.387135178985158,11.154801630991551,50.0,8.75139521653459,8.652908081301197,8.55431911144877,8.518847546113182,12.0,EarlyLifeInstability,Defective,False
C009698,B20,Memory_IC,CH-03,26.82,125.0,43.35,11.627593252008367,13.235532302591013,18.133997188840723,23.841065377026684,50.0,9.23188791713416,9.504751437439818,10.102578635604887,10.862292373929774,12.0,RapidDrift,Defective,False
C009699,B20,Memory_IC,CH-03,26.82,125.0,43.35,11.014557157800466,10.915613878733163,14.73814647294365,23.842008784764943,50.0,9.07092034795768,9.122405550644231,9.2034897826263,9.369082264884804,12.0,SuddenAnomaly,Defective,False
C009700,B20,Memory_IC,CH-03,26.82,125.0,43.35,11.354853090870472,12.4455152370311,15.964475102279854,19.241095496111832,50.0,8.950997751354006,9.122303720705078,9.61276806428797,10.105105349202232,12.0,GradualDrift,Defective,False
C009701,B20,Memory_IC,CH-03,26.82,125.0,43.35,11.891986605217571,16.53537073035285,30.547585773899936,44.57631960434258,50.0,8.537445498257277,8.628622040896747,8.929930619130081,9.31050986404505,12.0,NearLimitDrift,Defective,False
C009705,B20,Memory_IC,CH-03,26.82,125.0,43.35,11.842503282044156,14.124021916485606,20.3967236473183,26.817050760348515,50.0,8.855230239150664,8.983065545014707,9.3080841225416,9.626502193260364,12.0,RapidDrift,Defective,False
C009706,B20,Memory_IC,CH-03,26.82,125.0,43.35,10.83310465754796,12.17536543792556,15.79007994515317,19.79202635132357,50.0,8.859376954796913,8.938028335358515,9.13577236064423,9.370347901243118,12.0,GradualDrift,Defective,False
C009707,B20,Memory_IC,CH-03,26.82,125.0,43.35,12.067494678272917,13.179811649469483,16.179983373749295,19.303336234030127,50.0,9.49478872149819,9.5942959116612,10.000487814427736,10.369805909523595,12.0,GradualDrift,Defective,False
C009715,B20,Memory_IC,CH-03,26.82,125.0,43.35,16.751410134552586,15.014512558294758,13.986263087427616,13.878301439764918,50.0,9.190883743272028,9.099556434517767,9.03147215270648,8.94791210998516,12.0,EarlyLifeInstability,Defective,False
C009721,B20,Memory_IC,CH-03,26.82,125.0,43.35,12.648700492117198,17.509910172283252,33.258682119204224,49.49341927931368,50.0,9.28412880245302,9.444194577416823,9.873106063720185,10.327061555077387,12.0,NearLimitDrift,Defective,False
C009736,B20,Memory_IC,CH-03,26.82,125.0,43.35,12.416709167223942,13.847845880815177,17.37784630352575,20.89416894888538,50.0,9.333776663951744,9.439474609857402,9.58742667814818,9.77286314599242,12.0,GradualDrift,Defective,False
C009740,B20,Memory_IC,CH-03,26.82,125.0,43.35,11.96932133075106,12.877516740138953,15.319814319050014,17.742014506561212,50.0,9.17223192058208,9.296739690292975,9.656378912458932,10.11069028440736,12.0,GradualDrift,Defective,False
C009752,B20,Memory_IC,CH-03,26.82,125.0,43.35,12.250844217008854,12.548551861984288,16.260834998288672,,50.0,8.82221211397139,8.866089384397736,8.959811416914848,9.05744733639751,12.0,SuddenAnomaly,Defective,False
C009754,B20,Memory_IC,CH-03,26.82,125.0,43.35,11.019975013228915,11.954301046401396,14.73696194042351,17.684710996245997,50.0,8.683078523385467,8.69529645741481,8.80365636638586,8.970545374192195,12.0,GradualDrift,Defective,False
C009758,B20,Memory_IC,CH-03,26.82,125.0,43.35,10.847561114974562,11.016711381469642,15.837166002636785,12.26430591958114,50.0,8.54477936348287,8.581142035172812,8.679571620110783,8.775633715115234,12.0,NonMonotonicAnomaly,Defective,False
C009759,B20,Memory_IC,CH-03,26.82,125.0,43.35,11.026492921047543,11.702335660939324,13.806454964499292,16.075052863346794,50.0,8.5558879172983,8.561572426275436,8.70719268087163,8.879052214387208,12.0,GradualDrift,Defective,False
C009760,B20,Memory_IC,CH-03,26.82,125.0,43.35,11.28441872603128,12.581625953836475,17.10428681088114,21.5169126524935,50.0,8.97941476579905,9.262466021534824,9.993703106144537,10.757199890604063,12.0,RapidDrift,Defective,False
C009761,B20,Memory_IC,CH-03,26.82,125.0,43.35,15.698771071606224,14.220761793603314,12.443503621647327,12.027857053574694,50.0,9.58670599423908,9.54540121078867,9.48594713465622,9.350951197181985,12.0,EarlyLifeInstability,Defective,False
C009773,B20,Memory_IC,CH-03,26.82,125.0,43.35,11.859954994597974,16.856704609593308,31.849622442972034,46.88588914351595,50.0,9.22877655941425,9.416067649261851,9.877527457352034,10.34643464068808,12.0,NearLimitDrift,Defective,False
C009778,B20,Memory_IC,CH-03,26.82,125.0,43.35,11.868569294104246,12.310069048197192,14.212444298077823,16.268958416987903,50.0,9.073567818855286,9.100490048952082,9.229919406958317,9.37124675291338,12.0,GradualDrift,Defective,False
C009779,B20,Memory_IC,CH-03,26.82,125.0,43.35,11.238415071680302,11.304853726214954,19.40151931946174,12.62981077869676,50.0,8.98792967716838,9.00550232236963,9.153751911103754,9.21211567048685,12.0,NonMonotonicAnomaly,Defective,False
C009781,B20,Memory_IC,CH-03,26.82,125.0,43.35,10.783037928047248,11.673252644586382,14.773344334829096,18.070306909583813,50.0,8.89944884521005,9.073602867558003,9.62851805789541,10.128533059751067,12.0,GradualDrift,Defective,False
C009792,B20,Memory_IC,CH-03,26.82,125.0,43.35,11.552811177257295,13.007676799701468,17.978665994421565,23.3627313921478,50.0,9.224459360480193,9.455065983778097,10.095439648655567,10.904018994040085,12.0,RapidDrift,Defective,False
C009797,B20,Memory_IC,CH-03,26.82,125.0,43.35,10.591632777622612,10.614768908168962,20.98501351798764,11.668753606766394,50.0,8.78824858532623,8.790804159942866,8.802152010797947,8.836267322732796,12.0,NonMonotonicAnomaly,Defective,False
C009800,B20,Memory_IC,CH-03,26.82,125.0,43.35,10.415673203982246,10.54246585846757,13.743260793471157,25.84173928780047,50.0,9.099848250914237,9.110224816807817,9.225183471566648,9.341634610711967,12.0,SuddenAnomaly,Defective,False
C009803,B20,Memory_IC,CH-03,26.82,125.0,43.35,15.286425582483483,12.9749308548962,11.070191314156858,10.88288280780564,50.0,9.24603600985026,9.15595672252957,9.024306357934124,9.094373731194926,12.0,EarlyLifeInstability,Defective,False
C009806,B20,Memory_IC,CH-03,26.82,125.0,43.35,11.27126227065998,12.85668152467902,17.590754956053367,21.813941059265595,50.0,9.228943723660905,9.39511121120942,10.07324159311973,10.750465546090336,12.0,RapidDrift,Defective,False
C009807,B20,Memory_IC,CH-03,26.82,125.0,43.35,12.14810188162383,17.51602754906699,32.37867147559643,48.44393011951991,50.0,8.898920470459444,9.03615410136798,9.47256504980723,9.870678477734751,12.0,NearLimitDrift,Defective,False
C009808,B20,Memory_IC,CH-03,26.82,125.0,43.35,12.688575682989242,13.975624023528994,17.78475522496578,21.732975399653505,50.0,8.920211874842138,9.174419811937234,9.86599171408497,10.47212519411685,12.0,RapidDrift,Defective,False
C009813,B20,Memory_IC,CH-03,26.82,125.0,43.35,11.29339910232329,11.974752257827069,13.957406933274411,16.13173082815251,50.0,8.578847919926451,8.697126269361299,8.94653058994629,9.174122905868195,12.0,GradualDrift,Defective,False
C009822,B20,Memory_IC,CH-03,26.82,125.0,43.35,10.802312712983948,12.11201345870314,15.428370940642544,18.450300364618265,50.0,8.44001208556362,8.54076566232783,8.864015924472662,9.219446163002466,12.0,GradualDrift,Defective,False
C009824,B20,Memory_IC,CH-03,26.82,125.0,43.35,12.96866620874363,13.609219774935363,15.658808130087824,17.742306131448156,50.0,8.637606056634343,8.84363005705196,9.401550050147453,9.908345602574316,12.0,GradualDrift,Defective,False
C009829,B20,Memory_IC,CH-03,26.82,125.0,43.35,11.660068733640864,12.303840510972227,14.269285239323883,16.39488227690173,50.0,9.145613985843728,9.236328765812708,9.602184543750845,9.936522895372171,12.0,GradualDrift,Defective,False
C009831,B20,Memory_IC,CH-03,26.82,125.0,43.35,13.029959678521074,12.277539746369714,10.675962584310277,10.648180140466328,50.0,9.267686471082245,9.19331515257334,9.091584474100491,9.1509457003225,12.0,EarlyLifeInstability,Defective,False
C009842,B20,Memory_IC,CH-03,26.82,125.0,43.35,12.004328700988358,12.201642560875303,15.180102390914632,26.824460853143407,50.0,8.987184878034109,8.998589500393088,9.034947136332026,9.116629325217572,12.0,SuddenAnomaly,Defective,False
C009846,B20,Memory_IC,CH-03,26.82,125.0,43.35,12.718404385972272,14.590854987767068,19.947875587312925,25.29099600654628,50.0,9.478738909319691,9.691669205578371,10.31539750884812,10.877192663868527,12.0,RapidDrift,Defective,False
C009853,B20,Memory_IC,CH-03,26.82,125.0,43.35,12.582763774255524,13.626462932704673,16.84468338749017,20.442086764082664,50.0,9.22996956676906,9.311916569738486,9.582904253915473,9.808149041302949,12.0,GradualDrift,Defective,False
C009857,B20,Memory_IC,CH-03,26.82,125.0,43.35,12.737443215100654,12.808109324226782,15.421548826007182,32.05484193466342,50.0,7.864762373231053,7.883709459241242,7.985560628577526,8.073431763521246,12.0,SuddenAnomaly,Defective,False
C009860,B20,Memory_IC,CH-03,26.82,125.0,43.35,11.406846005392447,15.11252489407807,28.51387867990389,41.50429590515108,50.0,8.875435055478572,9.05414435216245,9.506389725638211,9.983527439622229,12.0,NearLimitDrift,Defective,False
C009862,B20,Memory_IC,CH-03,26.82,125.0,43.35,10.508338712815927,12.835796810016411,19.78023017677891,26.418853222579408,50.0,8.633210933760958,8.786143581696992,9.257423863591692,9.604411853100418,12.0,RapidDrift,Defective,False
C009863,B20,Memory_IC,CH-03,26.82,125.0,43.35,11.877669324054168,12.894877316384571,16.067688037742293,19.23636014587264,50.0,8.931663716701966,9.030702524384616,9.483821608997015,9.874968105100452,12.0,GradualDrift,Defective,False
C009868,B20,Memory_IC,CH-03,26.82,125.0,43.35,11.508233834233703,13.419110277036024,18.670756903497256,24.599784172040906,50.0,8.863505154368381,9.185321688477174,9.91470203221142,10.757120339172287,12.0,RapidDrift,Defective,False
C009890,B20,Memory_IC,CH-03,26.82,125.0,43.35,12.105456399456523,12.252799462137691,15.512766959883775,23.453951572376376,50.0,9.24293680737427,9.24179837859393,9.29875251507194,9.374113049596325,12.0,SuddenAnomaly,Defective,False
C009893,B20,Memory_IC,CH-03,26.82,125.0,43.35,13.154891059772684,13.34209229021918,16.662297867874145,24.977831177240905,50.0,8.36430721440712,8.41712792493703,8.454238210868576,8.467653185418127,12.0,SuddenAnomaly,Defective,False
C009902,B20,Memory_IC,CH-03,26.82,125.0,43.35,12.019024738892147,12.18018984401748,16.244762008925118,20.458389649317912,50.0,8.360102651408338,8.313619687835157,8.324628699052479,8.361974498557673,12.0,SuddenAnomaly,Defective,False
C009906,B20,Memory_IC,CH-03,26.82,125.0,43.35,11.976139916182111,16.46588768811398,28.85190799466736,41.542452127964815,50.0,9.404480400323353,9.611440043021496,10.16151443721676,10.70831463152968,12.0,NearLimitDrift,Defective,False
C009915,B20,Memory_IC,CH-03,26.82,125.0,43.35,12.247844695157053,13.109132347672332,15.880761474001556,18.659699333253155,50.0,9.598664157219526,9.681047237188448,9.885191893413586,10.131076447565391,12.0,GradualDrift,Defective,False
C009918,B20,Memory_IC,CH-03,26.82,125.0,43.35,11.128067802235908,11.303655363373252,16.466347467046297,12.783192899313564,50.0,8.536128051188834,8.55810545147355,8.679574294898142,8.797044220033344,12.0,NonMonotonicAnomaly,Defective,False
C009921,B20,Memory_IC,CH-03,26.82,125.0,43.35,11.338083238579316,12.014291612367629,14.638837308870364,17.077277168809996,50.0,9.032208515103244,9.21223254844089,9.690377280521949,10.197473451953464,12.0,GradualDrift,Defective,False
C009928,B20,Memory_IC,CH-03,26.82,125.0,43.35,12.399604759828588,12.59174655029787,18.91935559065829,13.288582248382731,50.0,9.003808710510423,8.99255895692753,9.132158040582434,9.200247670782815,12.0,NonMonotonicAnomaly,Defective,False
C009931,B20,Memory_IC,CH-03,26.82,125.0,43.35,10.873764171964796,11.94542109396712,14.96268877914269,17.982031882986306,50.0,8.567305216790725,8.757309862685117,9.239953196905503,9.75726318318582,12.0,GradualDrift,Defective,False
C009933,B20,Memory_IC,CH-03,26.82,125.0,43.35,12.841722839141331,14.0068870165419,17.316922851998147,20.58097517520373,50.0,8.892743169374071,9.07850830317638,9.657095173961851,10.180476863342289,12.0,GradualDrift,Defective,False
C009942,B20,Memory_IC,CH-03,26.82,125.0,43.35,11.228248901806856,11.782099986511708,13.413628980281295,14.986098452913764,50.0,8.79955479381883,8.9234956623589,9.413028599472891,9.919905055319637,12.0,GradualDrift,Defective,False
C009945,B20,Memory_IC,CH-03,26.82,125.0,43.35,12.070033147237352,12.566628940867524,14.091417565643368,15.88350712438615,50.0,9.201766970167924,9.375314806504878,9.855743265398166,10.300512911069784,12.0,GradualDrift,Defective,False
C009947,B20,Memory_IC,CH-03,26.82,125.0,43.35,11.902925108945414,12.428745139897549,14.527661124295054,16.74787213650239,50.0,8.916123857933385,9.028785519765398,9.451787184640176,9.84317759730664,12.0,GradualDrift,Defective,False
C009951,B20,Memory_IC,CH-03,26.82,125.0,43.35,11.57511233338148,12.02676393491583,13.33075744446715,14.78276631914077,50.0,8.769843440638915,8.907217214904472,9.284360004244627,9.676554516621444,12.0,GradualDrift,Defective,False
C009953,B20,Memory_IC,CH-03,26.82,125.0,43.35,11.47707268652674,12.749286559422742,16.264137568348623,19.881512784590218,50.0,9.20865508776515,9.308681961039316,9.580577747162536,9.871636605591462,12.0,GradualDrift,Defective,False
C009957,B20,Memory_IC,CH-03,26.82,125.0,43.35,15.72423245769756,13.673830353864965,11.538571003853662,11.612548406083167,50.0,9.220764330989292,9.103860866730184,9.028114716694413,9.082600154626869,12.0,EarlyLifeInstability,Defective,False
C009961,B20,Memory_IC,CH-03,26.82,125.0,43.35,12.373368696231744,13.793440989287562,17.353429721340596,21.337081293736045,50.0,8.681008513502785,8.787406779142524,9.165724681271534,9.59706223104192,12.0,RapidDrift,Defective,False
C009968,B20,Memory_IC,CH-03,26.82,125.0,43.35,11.402005112098744,12.254979459682428,14.31692271784858,16.279870090548783,50.0,8.836970386009373,9.02883392827536,9.595700689294304,10.157878264670511,12.0,GradualDrift,Defective,False
C009970,B20,Memory_IC,CH-03,26.82,125.0,43.35,13.43192752169187,14.122445893207844,16.172531221925965,18.32526665503285,50.0,9.229134912077884,9.37858378887354,9.869729121893831,10.37691928313142,12.0,GradualDrift,Defective,False
C009977,B20,Memory_IC,CH-03,26.82,125.0,43.35,10.803243677970046,11.03040436701715,13.978044446353591,28.869045141136787,50.0,9.48952039302998,9.466405969003718,9.598890972550372,9.6940288614916,12.0,SuddenAnomaly,Defective,False
C009979,B20,Memory_IC,CH-03,26.82,125.0,43.35,15.088350140215338,12.788046792278688,11.63748596213074,11.399566057498836,50.0,9.547946466200573,9.465626037120982,9.382471798660228,9.334573836233648,12.0,EarlyLifeInstability,Defective,False
C009980,B20,Memory_IC,CH-03,26.82,125.0,43.35,12.143916397214314,12.625160882813434,14.401756331130446,16.187344549551064,50.0,9.099682230129318,9.216858623695892,9.575084254040387,9.92266966452203,12.0,GradualDrift,Defective,False
C009990,B20,Memory_IC,CH-03,26.82,125.0,43.35,11.388628665492256,12.110456496290338,14.314563974511987,16.452151990962946,50.0,8.888160402993778,8.999017852795562,9.425757139551443,9.798040401379732,12.0,GradualDrift,Defective,False
C009991,B20,Memory_IC,CH-03,26.82,125.0,43.35,12.712973353930527,13.243643626898804,15.318423420883034,17.3373028289788,50.0,8.83376904004048,8.911051195511181,9.195737262625196,9.459229450395444,12.0,GradualDrift,Defective,False
C009992,B20,Memory_IC,CH-03,26.82,125.0,43.35,12.591589433009872,13.019601658188844,17.79923100992091,13.400710038751328,50.0,9.238719837382726,9.295198378848571,9.40954629773961,9.529036426492624,12.0,NonMonotonicAnomaly,Defective,False
C009993,B20,Memory_IC,CH-03,26.82,125.0,43.35,12.247616003677058,13.034139044206205,15.479221642099652,17.759242011034786,50.0,8.997510337489166,9.126733511161415,9.52316289398614,9.940395362288283,12.0,GradualDrift,Defective,False
C010000,B20,Memory_IC,CH-03,26.82,125.0,43.35,11.397429080046653,12.260690608546662,14.6940405158454,17.51222411720489,50.0,9.489028341143785,9.691446104089064,10.280782452121429,10.873472918100148,12.0,GradualDrift,Defective,False
