component_id,batch_id,device_family,chamber_id,leakage_0h_uA,leakage_24h_uA,propagation_delay_0h_ns,propagation_delay_24h_ns,leakage_168h_uA,propagation_delay_168h_ns,predicted_leakage_168h_uA,predicted_delay_168h_ns,predicted_leakage_slope_uA_per_hour,predicted_delay_slope_ns_per_hour,leakage_prediction_error_uA,delay_prediction_error_ns
C004001,B09,MixedSignal,CH-01,14.580492095313794,14.85997861577007,9.79186905696411,9.79152783126359,15.399789743828777,9.875442630434762,17.998510597246646,9.92317473041257,0.02179536098247623,0.000914214577423479,2.59872085341787,0.04773209997780903
C004002,B09,MixedSignal,CH-01,14.612581444464,13.87882517058554,9.891093550886476,9.997755234929222,14.51870535653903,10.271204999128011,14.945038186173322,10.31269561577953,0.007404257052692937,0.002187085978127137,0.4263328296342923,0.041490616651518764
C004003,B09,MixedSignal,CH-01,13.531881285302752,13.735037773368218,10.854670608279823,10.886571273317342,14.830401216751891,11.042985892871933,16.76083553894783,11.098452001991655,0.021012484483191755,0.0014713939491271717,1.9304343221959392,0.05546610911972216
C004004,B09,MixedSignal,CH-01,13.94413038085562,14.91249950830404,10.349638827881748,10.517842880850372,21.31793382396081,11.537199236613848,21.94383037030759,11.258268899037008,0.048828686541691334,0.0051418473485183025,0.6258965463467803,-0.27893033757684016
C004005,B09,MixedSignal,CH-01,16.961128675718246,16.922249650515166,9.78536906869757,9.829764386959353,17.212068505032217,9.931558325478653,18.10526457171006,10.085318640736315,0.008215381397186756,0.0017746823178955706,0.8931960666778416,0.15376031525766187
C004006,B09,MixedSignal,CH-01,13.74386870865307,14.09241800098749,10.169430204003964,10.23230928896475,15.191641429097212,10.517529902686736,17.69884999232474,10.565967426425042,0.025044666606508677,0.0023170703990298045,2.507208563227527,0.0484375237383059
C004007,B09,MixedSignal,CH-01,13.431962956182735,13.546162499340484,9.631055781200264,9.635306972057537,14.922836678582035,9.782227869079428,15.797207403332298,9.75458374429658,0.015632256277720927,0.0008283109183266912,0.8743707247502623,-0.027644124782847612
C004008,B09,MixedSignal,CH-01,15.858618423512777,16.301437274200545,10.025209632799266,10.152583571696852,19.321040675448742,10.874408507868887,20.0852159775721,10.723101240638481,0.02627624099563581,0.0039619282565390955,0.764175302123359,-0.15130726723040588
C004009,B09,MixedSignal,CH-01,14.593910633530472,14.53469964187426,9.68379291365431,9.752816833831323,15.841281327192949,10.073231996042132,15.882001765907303,10.068181946377681,0.009356264750229461,0.002190035503794152,0.040720438714354046,-0.005050049664450995
C004010,B09,MixedSignal,CH-01,14.50770951534902,14.691004966642952,10.542086691630097,10.601556080756172,15.53832827251653,10.71874928351351,17.382832875334888,10.90913296433676,0.018693249365916223,0.002135950580420746,1.8445046028183576,0.19038368082324908
C004011,B09,MixedSignal,CH-01,13.353373541882796,13.463400646872635,9.764039731357627,9.766374343976931,14.241166654588715,9.817789605403773,15.735403645025132,9.877714013144088,0.015777798598281226,0.0007731921469941419,1.4942369904364163,0.05992440774031493
C004012,B09,MixedSignal,CH-01,14.1446887465877,14.18365879061068,10.29068345599406,10.329787424880235,14.782240148266162,10.522508697012007,16.043884438870432,10.555169083786883,0.012918233668470495,0.001565150409073938,1.26164429060427,0.03266038677487515
C004013,B09,MixedSignal,CH-01,15.888727518102728,16.935574720919224,10.241205667392608,10.412355728288968,23.82367252865349,11.226690579098523,24.171714353527953,11.189277970925191,0.05025096967089396,0.005395293351640438,0.3480418248744641,-0.03741260817333192
C004014,B09,MixedSignal,CH-01,14.78372649325706,14.947789800416007,9.812648096640054,9.83325760331739,15.615942905535764,10.07708860752222,17.37222948288087,10.020317147383675,0.016836386683783757,0.0012990246115714237,1.7562865773451044,-0.05677146013854539
C004015,B09,MixedSignal,CH-01,13.812090186262491,13.992229177737144,9.716128877015375,9.737826430364985,15.166006496935855,9.965683066337853,16.57439874250434,9.923442730466416,0.017931733088661077,0.0012890020840377171,1.4083922455684839,-0.04224033587143694
C004016,B09,MixedSignal,CH-01,11.941331061619152,12.169954154753489,10.219995830071635,10.27901788556009,13.223034616643629,10.509055416527746,15.281493597697278,10.572916416773312,0.021607912798220757,0.0020409620223140377,2.058458981053649,0.0638610002455664
C004017,B09,MixedSignal,CH-01,13.567966365286573,13.743988631626612,9.817999816794645,9.856115587478886,14.420634288001624,9.95730070502946,16.321456482149806,10.092150243348444,0.017899082295299955,0.0016391295546497073,1.9008221941481818,0.13484953831898316
C004018,B09,MixedSignal,CH-01,15.419670899783451,15.484857396111437,9.927502732418391,9.930963082884409,16.37338880019854,10.12876655752882,17.343392923627388,10.055529441719468,0.01290649671886077,0.0008650441585767998,0.970004123428847,-0.0732371158093521
C004019,B09,MixedSignal,CH-01,13.505828998188168,13.388869821237382,10.424616448753923,10.449136375834474,13.642092080097513,10.591298111163178,15.147115531689352,10.596396646455796,0.012210039655916457,0.0010226407682036249,1.505023451591839,0.005098535292617612
C004020,B09,MixedSignal,CH-01,14.547729935766132,14.626636190965568,9.705203349244163,9.800075657079038,15.688646431786989,9.948490276512963,16.410428021719447,10.218315639966224,0.012387443269124158,0.0029044443256054622,0.7217815899324584,0.26982536345326125
C004021,B09,MixedSignal,CH-01,11.7985213995606,11.835478143902682,9.885478765231596,9.911789817429852,12.384403245243517,10.033839891535726,13.818263215600375,10.08101350184099,0.013769340775678422,0.001175164475077348,1.433859970356858,0.0471736103052649
C004022,B09,MixedSignal,CH-01,12.68098124666256,12.62132249253603,10.052656072796353,10.066769843441676,13.267721612555832,10.327728366742342,14.397159211569273,10.186909949354785,0.012332199437730847,0.0008343062910632545,1.1294375990134409,-0.14081841738755685
C004023,B09,MixedSignal,CH-01,14.05036091673618,14.295255111767702,10.401470911024782,10.445693944027914,15.721325862773774,10.551953610752186,17.37077368206129,10.70857142167025,0.021357767849261036,0.0018255380391828885,1.6494478192875164,0.15661781091806404
C004024,B09,MixedSignal,CH-01,13.952238547859375,14.148711337910711,9.975324836876249,10.033768871951834,14.952852099889688,10.326077502585331,16.812721492460028,10.33970162821991,0.01850007051770359,0.002124533029639417,1.8598693925703405,0.013624125634578377
C004025,B09,MixedSignal,CH-01,14.181813574014592,14.421135783539038,9.717663814574058,9.651898341644149,14.26282964071184,9.716968997303868,16.85404581537157,9.830036277320607,0.01689520855439259,0.0012370689977531841,2.5912161746597313,0.1130672800167396
C004026,B09,MixedSignal,CH-01,14.720291840950006,13.811073967349069,9.573587007496828,9.48285652230545,12.612520008004688,9.379306002704086,14.189950875212304,9.502104124245388,0.0026310896379391335,0.00013366390236067992,1.5774308672076156,0.12279812154130276
C004027,B09,MixedSignal,CH-01,13.43924615373626,13.64821222981716,10.303176909211343,10.326252969528486,14.964411658911525,10.489280871135705,16.584273042491382,10.513108684564765,0.020389311199126545,0.0012976091321963794,1.6198613835798579,0.02382781342905993
C004028,B09,MixedSignal,CH-01,14.731172473305875,14.521536758131838,10.368917539110283,10.367783136551507,15.59393489508089,10.58769008491342,16.087695098258823,10.429970900739802,0.01087609958421518,0.00043185947352982385,0.4937602031779331,-0.15771918417361874
C004029,B09,MixedSignal,CH-01,17.613525928016273,18.014291376610977,10.425192223429764,10.45032186703683,18.602816287091883,10.74156188366234,21.676141375522402,10.696332766995834,0.02542951388132934,0.0017084090274930791,3.0733250884305185,-0.04522911666650664
C004030,B09,MixedSignal,CH-01,14.331388346907378,14.828341857773792,9.520930066904242,9.47057733371424,15.74511371691579,9.82028906998565,18.790373372809896,9.670058970007892,0.027514107743306277,0.0013852891409281327,3.045259655894105,-0.15023009997775816
C004031,B09,MixedSignal,CH-01,14.019388794761984,14.100615973216884,9.585403571799054,9.607786910515658,15.52678301911049,9.843841953400544,16.05793187760731,9.78720989555713,0.01359247155826684,0.0012459929516768836,0.5311488584968203,-0.056632057843414074
C004032,B09,MixedSignal,CH-01,15.58066227628871,15.617072004218654,9.431559341897083,9.411585821261571,16.284679557655213,9.559719105781816,17.0230202109204,9.54378263887832,0.009763529213206569,0.0009180334556718615,0.7383406532651868,-0.01593646690349715
C004033,B09,MixedSignal,CH-01,14.426945994309415,14.736758266886278,9.832595076077238,9.844881347940325,15.173837762298334,9.857940991383364,18.054063204882326,10.018103432775241,0.023036839847194773,0.0012029311446869226,2.880225442583992,0.1601624413918774
C004034,B09,MixedSignal,CH-01,13.863419425801796,14.030529082750158,9.940326856408277,9.92929271026102,15.277547280003931,10.10289780144325,16.54944878038751,10.050377265330013,0.017492497900259394,0.0008408649657568971,1.2719015003835796,-0.052520536113236815
C004035,B09,MixedSignal,CH-01,13.798731455348108,13.770338051205952,9.66348895878396,9.693390433367416,13.98274761667566,9.828988954505729,15.283916113550426,9.881192767431699,0.010510958766281065,0.0013041828754464123,1.3011684968747659,0.05220381292597054
C004036,B09,MixedSignal,CH-01,13.355623326208438,13.442588916063206,10.230454867469804,10.207192919612236,13.625559102999754,10.291420489457469,15.533067301628698,10.32118317069357,0.014517211010871469,0.0007915989658426018,1.9075081986289444,0.02976268123610204
C004037,B09,MixedSignal,CH-01,13.869846959207296,13.77513312970792,9.87964653877985,9.922979713012523,14.375893280767205,10.19924255876546,15.305966323653994,10.141433180694975,0.010630786069069963,0.0015170379700170224,0.9300730428867894,-0.057809378070485806
C004038,B09,MixedSignal,CH-01,12.840875769362096,12.91426974482635,10.181501709792546,10.184781007586464,13.67013733345108,10.229078648750802,15.127684127285132,10.28937054914979,0.015370933211519314,0.0007263162608564336,1.4575467938340516,0.060291900398988574
C004039,B09,MixedSignal,CH-01,13.395062581724854,13.423707326744768,10.20530144706882,10.28244806338568,14.174722398947598,10.4128244720507,15.206478451651979,10.624565986517,0.012380355034077849,0.002375818910634172,1.031756052704381,0.21174151446630063
C004040,B09,MixedSignal,CH-01,15.500446754129092,15.552615700941828,10.0325022594908,10.065483466046382,16.68927687538503,10.141536644620928,17.302584663165813,10.284208544362318,0.012152562237666562,0.0015189241549717779,0.6133077877807835,0.14267189974139072
C004041,B09,MixedSignal,CH-01,13.523195231191206,13.680076857729851,10.680187885256355,10.724719256227909,14.12887751764227,10.985376543636516,16.374798454652577,10.973084366979624,0.018713344423074485,0.0017247577135535768,2.2459209370103075,-0.012292176656892195
C004042,B09,MixedSignal,CH-01,14.243787570464614,14.279355504463735,9.454357923088288,9.47167799908985,53.06114197206601,9.684550206663143,15.928864900534137,9.632015463916776,0.011454926361600011,0.0011134546168536498,-37.132277071531874,-0.05253474274636716
C004043,B09,MixedSignal,CH-01,14.734573587910797,14.89956184476616,9.710664885641457,9.724947510016408,15.507992609944525,9.8247543426726,17.31956277130356,9.891760011300764,0.01680556198984305,0.0011584201478080309,1.8115701613590343,0.06700566862816437
C004044,B09,MixedSignal,CH-01,13.593498639130996,13.887741364996904,9.55961333526638,9.529352115812122,14.631179994742793,9.712384737124882,16.920034341231613,9.682377360850968,0.021057590112741036,0.0010626753127697614,2.2888543464888205,-0.030007376273914588
C004045,B09,MixedSignal,CH-01,13.13165395254206,12.976920749868896,9.828451857559916,9.836012038790338,13.192062390745246,9.868314656092087,14.670388343947177,9.921957433687346,0.011760191625543624,0.0005968430201181122,1.4783259532019315,0.05364277759525926
C004046,B09,MixedSignal,CH-01,15.338028023867206,15.540760570620192,10.904203110491236,10.968610436908806,16.629047756406337,11.216434554607916,18.358441278748813,11.297620638235651,0.019567227139782095,0.0022847930647697584,1.7293935223424768,0.08118608362773472
C004047,B09,MixedSignal,CH-01,14.77517870425537,15.022415585982216,10.250694449749764,10.276526711302424,15.344778869882036,10.605726192418455,18.031521482778803,10.486948889400459,0.020896568727754077,0.0014612651256808008,2.686742612896767,-0.11877730301799616
C004048,B09,MixedSignal,CH-01,14.59773750876148,14.983584538837029,10.39439207131264,10.532664345739867,17.80285793303822,11.318620550254568,18.661499720893268,11.11787667716106,0.025541077653168327,0.004063974523758285,0.8586417878550492,-0.20074387309350783
C004049,B09,MixedSignal,CH-01,14.102829727623403,14.26408440228388,10.405341503129913,10.458288368959291,24.613916695984948,10.67374800226562,16.840278300234015,10.740473073884282,0.017890235402431495,0.0019596160064235444,-7.7736383957509325,0.06672507161866115
C004050,B09,MixedSignal,CH-01,15.22535527569898,15.47582407438508,9.883833966191714,9.902118193768684,16.86803124935873,10.088990468820358,18.377140248827846,10.094096942609603,0.02014802898918587,0.001333185755839714,1.5091089994691167,0.005106473789245669
C004051,B09,MixedSignal,CH-01,14.215621653520536,14.75879390007975,9.911191773581429,10.074065708374878,18.719664744418697,11.017081915221278,19.17988308751348,10.759056524711253,0.030702008246067575,0.004756880669002607,0.46021834309478393,-0.25802539051002427
C004052,B09,MixedSignal,CH-01,15.31008515147022,15.198583441589758,9.706002196542473,9.745973695556316,30.23516319567711,9.907850255165403,16.49500115356299,9.962685753834396,0.00900290077759188,0.001504944849153336,-13.740162042114122,0.054835498668992955
C004053,B09,MixedSignal,CH-01,14.698222605480243,14.860132761168057,9.72403247633442,9.710046495675725,16.004216775880426,9.76553264965928,17.191558047064277,9.84113117650635,0.016190453374279306,0.0009103102835460083,1.1873412711838505,0.07559852684707025
C004054,B09,MixedSignal,CH-01,13.532344894179394,13.780404318483871,9.592304919157138,9.621968874568742,15.514009124750856,9.751882507409642,16.731941921472608,9.83954436701367,0.020496788909644,0.0015109409197564415,1.217932796721751,0.08766185960402773
C004055,B09,MixedSignal,CH-01,14.205832227406194,14.315483947378947,10.345562094349482,10.368299440148428,15.600767544373635,10.504270190762496,16.618306574355508,10.548786303646338,0.015991823798448337,0.0012533809965132622,1.0175390299818723,0.044516112883842496
C004056,B09,MixedSignal,CH-01,19.17620891159544,19.326142048540824,10.095641245374814,10.150634275503336,20.2779009899629,10.664189157526458,21.267306606312673,10.478269676232587,0.013480309428971172,0.0022752458383975796,0.9894056163497709,-0.1859194812938707
C004057,B09,MixedSignal,CH-01,14.461636853384247,14.65978316900722,10.28805699169887,10.389907312231962,15.20473674824431,10.555075806982414,17.299536296087528,10.837319937259501,0.018331618938057695,0.0031070321182467987,2.094799547843218,0.2822441302770873
C004058,B09,MixedSignal,CH-01,18.91483625264499,16.823136998053986,10.175597654324044,10.1212117464107,14.57623212738021,10.020476203396914,14.361947409243143,9.935447490121664,-0.017091594366741965,-0.001290029557562744,-0.2142847181370673,-0.08502871327524986
C004059,B09,MixedSignal,CH-01,15.374501727032172,15.48968296655824,9.97083852980406,10.002882793332494,16.68765983479755,10.171809022243794,17.598133751422044,10.225048508088944,0.01464201933933197,0.0015428174635864582,0.9104739166244933,0.05323948584515037
C004060,B09,MixedSignal,CH-01,13.252980551495046,13.385452126451302,9.804507074457394,9.85324184279955,14.401277075126425,10.099156582384952,15.718107115136455,10.11678827318015,0.016198992976980228,0.0018301835443097244,1.3168300400100303,0.01763169079519855
C004061,B09,MixedSignal,CH-01,12.557682295832803,12.415065749953582,9.808350479255358,9.796826653578524,13.106269004854546,9.92559371493422,14.119897452012733,9.86509910268822,0.011839109042077436,0.0004741142299284413,1.0136284471581867,-0.060494612245999946
C004062,B09,MixedSignal,CH-01,15.867086238234007,14.523340342787,10.248614531691068,10.109032107896732,13.682542301700668,10.118867669338432,13.947868202607157,10.07003789129822,-0.003996334306804461,-0.00027079317082300144,0.26532590090648966,-0.04882977804021138
C004063,B09,MixedSignal,CH-01,13.604229882771588,14.086203887937913,9.901563995271012,9.928617780378282,15.617219395319347,10.016859865915276,18.46572932127997,10.16162977760246,0.03041337106487539,0.0016181388696123486,2.848509925960622,0.14476991168718456
C004064,B09,MixedSignal,CH-01,15.244903112873226,15.4729444720972,10.375176410899964,10.40968733191337,16.59553046072131,10.63562910828538,18.34542097902096,10.648730325893837,0.019947753520303892,0.0016600207915310225,1.749890518299651,0.013101217608456395
C004065,B09,MixedSignal,CH-01,14.781315814512178,16.02262008071625,10.274110450022553,10.581950867681565,23.584027891123853,11.635410086661382,24.27353946848678,11.810900834407887,0.05729805130396201,0.008534374768932793,0.6895115773629286,0.17549074774650464
C004066,B09,MixedSignal,CH-01,14.633585407326123,15.32935780614764,10.82261992581514,10.902196450067082,20.34394462984687,11.459577371857636,21.002845121294442,11.329242774636377,0.03939921746629724,0.0029655994761756586,0.6589004914475716,-0.13033459722125862
C004067,B09,MixedSignal,CH-01,13.368627894459538,13.622606886305087,10.173531664969213,10.19719760652388,15.609206299852708,10.318899908939928,16.78977784383753,10.391053168701816,0.021994242760641967,0.0013462191817912306,1.1805715439848221,0.07215325976188858
C004068,B09,MixedSignal,CH-01,,12.418230357964054,9.900094556648265,9.885883479283205,13.511071798552374,9.890428225890757,15.490463539520196,10.01219418111331,0.021334952649695427,0.0008771576515979534,1.9793917409678219,0.1217659552225534
C004069,B09,MixedSignal,CH-01,14.038409924488576,14.100520862558222,9.82623215774415,9.825929270088878,32.65308588701856,9.97540936365597,16.04980039993637,9.929495223276398,0.013536663454014917,0.0007192080082466647,-16.603285487082193,-0.04591414037957264
C004070,B09,MixedSignal,CH-01,14.339124914413564,14.46374747753058,9.90492685586192,9.955379183235166,15.787751837974133,10.16259790520465,16.672589892369267,10.231014571132508,0.015339183436379768,0.0019141346381759867,0.884838054395134,0.06841666592785778
C004071,B09,MixedSignal,CH-01,15.782483241438534,15.919564936238206,9.898416142307155,9.941198462083452,17.059041219790075,10.099563714951053,18.075604904909866,10.204133752765426,0.014972499782442084,0.0018259395186248145,1.0165636851197917,0.1045700378143728
C004072,B09,MixedSignal,CH-01,12.79584227953525,12.870135021360657,10.110061193232518,10.098568597466436,13.283753580873896,10.172003130747989,14.995754231003547,10.200518472803681,0.014761244511408958,0.0007079852453975392,1.7120006501296512,0.028515342055692727
C004073,B09,MixedSignal,CH-01,12.676936283760645,12.778401777182832,9.731711539453816,9.785356595042842,14.477211476789824,9.853103240272551,14.95719940009468,10.057786695059711,0.015130539047998944,0.001891875694561593,0.47998792330485607,0.2046834547871601
C004074,B09,MixedSignal,CH-01,12.794767178232746,13.00619055309452,10.078663785188075,10.063094474474577,13.47530064587055,10.224574596717682,15.885270991702507,10.182794413370818,0.019993614156999913,0.0008312495756683432,2.4099703458319564,-0.041780183346864064
C004075,B09,MixedSignal,CH-01,13.82257711576074,14.05540344209387,9.363878827897688,9.41786413634186,14.746372440177105,9.63526889210253,16.77772528050451,9.717149552633725,0.018905012766740552,0.00207837094647128,2.031352840327404,0.08188066053119414
C004076,B09,MixedSignal,CH-01,12.721432239731936,12.884203904272114,9.778397944493886,9.801579667124324,13.907537394080558,9.887785087084351,15.484340886137177,9.981514742167512,0.018056506818507383,0.0012495491322443615,1.5768034920566194,0.09372965508316078
C004077,B09,MixedSignal,CH-01,15.500897535342816,15.775570904598505,10.3856283468996,10.432242055983547,16.928149452782804,10.645051955861904,18.87406523907469,10.717285730210131,0.021517321767195723,0.001979469959906832,1.9459157862918843,0.07223377434822709
C004078,B09,MixedSignal,CH-01,14.037023166409703,14.324000926779334,10.356054446611497,10.383946768704684,32.019896748966204,10.614007367942271,17.65740859059907,10.599054162998668,0.02314866433208149,0.0014938013492637767,-14.362488158367135,-0.014953204943603637
C004079,B09,MixedSignal,CH-01,14.025658916311862,14.135257452991828,9.433888036916242,9.424184449949063,15.15147262361532,9.406986356744769,16.18760474033186,9.543453502602135,0.014252411717639111,0.0008282573100907791,1.0361321167165407,0.13646714585736675
C004080,B09,MixedSignal,CH-01,13.212958350069163,14.056592727761926,10.67841615208686,10.771263532946575,19.14935811271315,11.594705102020368,20.66771912877941,11.246052844126247,0.045910600007065865,0.003297147994303276,1.5183610160662617,-0.3486522578941216
C004081,B09,MixedSignal,CH-01,13.960250160154098,14.174588738008453,10.108769624501557,10.137311836487894,14.54239412771478,10.43189070166407,17.030666291948485,10.347550601250195,0.019833871902361338,0.0014599914219604172,2.4882721642337042,-0.08434010041387552
C004082,B09,MixedSignal,CH-01,12.707917261683203,12.787558465409251,9.9124584668927,9.917859306111971,13.333269295144191,10.043427768771435,14.977352094502006,10.030346034551613,0.015206900202033018,0.0007811578363863999,1.6440827993578147,-0.013081734219822394
C004083,B09,MixedSignal,CH-01,15.82725342776998,16.42527010669508,9.457233684471824,9.44986254590175,17.05461301836593,9.711944670926822,21.130859245088082,9.634672780723836,0.032677702349951404,0.0012834044084867077,4.0762462267221515,-0.07727189020298653
C004084,B09,MixedSignal,CH-01,14.990691783064843,15.542375345863764,10.296349814268227,10.413025914249207,18.61894754317012,11.081649532878776,20.139105907282364,10.95119119859538,0.03192174000985139,0.003737258919070643,1.5201583641122447,-0.13045833428339648
C004085,B09,MixedSignal,CH-01,12.842363980228257,13.324616323808568,9.267627309214667,9.4356030122883,17.191729507726908,10.59223075224899,17.303821352104467,10.128762985687505,0.027633368252054855,0.004813610926383364,0.11209184437755937,-0.46346776656148414
C004086,B09,MixedSignal,CH-01,13.51757139840926,13.699368464840845,10.080635487494618,10.103693334853205,14.304063570531945,10.400210300569078,16.412820997413597,10.28947879502517,0.018843420365088556,0.0012901768067497604,2.1087574268816525,-0.11073150554390843
C004087,B09,MixedSignal,CH-01,13.518633395425493,13.514791309563453,9.826081926057054,9.864199235890895,14.497341339497872,10.0653694832534,15.085146727965213,10.080056485931689,0.010905245961123336,0.0014990086808388413,0.5878053884673413,0.014687002678288152
C004088,B09,MixedSignal,CH-01,17.594073209628288,17.790133061952996,10.18393676873568,10.270275823509538,18.718419121920828,10.469647424529176,20.114882623841517,10.691947380504592,0.016144094179781392,0.0029282747013545446,1.3964635019206888,0.22229995597541574
C004089,B09,MixedSignal,CH-01,13.878228387247605,14.039250046143746,10.517704626463622,10.53396400992028,64.95069586718635,10.642171469658056,16.724157574131127,10.695781583909467,0.018645191166579034,0.001123733152702681,-48.22653829305523,0.053610114251410934
C004090,B09,MixedSignal,CH-01,15.03824898063854,15.025121333039824,10.100670112290365,10.141456868388966,15.797023548129037,10.29057611692478,16.516337841923267,10.373474699535187,0.010355670200579469,0.0016112349385154242,0.7193142937942305,0.08289858261040628
C004091,B09,MixedSignal,CH-01,15.291161718822789,15.697466346272453,10.187610920859196,10.134773971375306,15.96222775352228,10.23292883674393,19.20905191924629,10.318456105370387,0.024386010923429416,0.0012755703749658398,3.246824165724009,0.08552726862645699
C004092,B09,MixedSignal,CH-01,13.919077207546993,14.950078181147184,9.475113995308048,9.501398168778174,20.724591492547223,9.816457724946993,22.346005944652678,9.796920245563001,0.05136060946878815,0.0020522366443390793,1.621414452105455,-0.01953747938399175
C004093,B09,MixedSignal,CH-01,14.563965296611268,14.698135495271185,10.16928989128813,10.168318485102928,15.754622500924444,10.422795957009503,17.093801282918335,10.282435909499501,0.01663656796977188,0.000792482113865092,1.3391787819938905,-0.14036004751000242
C004094,B09,MixedSignal,CH-01,13.74019272417254,14.18028329733626,9.925198479142924,9.919456206079357,15.254410475678014,10.098322647621806,18.318422087942032,10.065442220839365,0.02873707493476231,0.0010137917691667288,3.064011612264018,-0.032880426782440964
C004095,B09,MixedSignal,CH-01,13.89697722293234,14.41415082512697,10.57592346365625,10.710311654328738,18.724534686305805,11.57342031250899,18.97983334279782,11.289751948364204,0.03170612859493646,0.004023890930801848,0.2552986564920161,-0.2836683641447859
C004096,B09,MixedSignal,CH-01,12.823725536869254,13.919616786366468,9.494221463338455,9.594342503794635,20.34860382940143,10.50129559431983,21.661485348217745,10.12793667683474,0.0537629761239672,0.0037055150905562773,1.3128815188163152,-0.3733589174850902
C004097,B09,MixedSignal,CH-01,17.75919845022549,15.764231772425504,9.820407996735756,9.702773048361196,14.268607943224968,9.56806744236625,13.50759114744845,9.577876891655146,-0.015671115451229543,-0.000867334421569795,-0.7610167957765182,0.009809449288896488
C004098,B09,MixedSignal,CH-01,15.146963654383075,14.841516501054008,10.56080100308995,10.550029168271193,16.58319396323827,10.688030905881204,16.262982009846475,10.602704251621345,0.009871288255503244,0.0003657991899316136,-0.3202119533917944,-0.08532665425985897
C004099,B09,MixedSignal,CH-01,15.637003175250012,15.759004948590125,9.557305125024966,9.5295692492401,16.469894367206827,9.636388103871306,17.624169993465916,9.67696955003361,0.012952535033859661,0.0010236131999549326,1.1542756262590892,0.04058144616230308
C004100,B09,MixedSignal,CH-01,14.7491816449833,14.874065985739325,9.408336782821737,9.534848435874723,15.523876423128945,9.570201424460954,16.746032358982617,10.06623189106439,0.0129997664808562,0.003690162883261578,1.2221559358536727,0.4960304666034361
C004101,B09,MixedSignal,CH-01,12.981068416320303,13.04630268146852,10.394600334770018,10.420417253732614,13.653759762237142,10.596723620862022,15.216867503118303,10.596628933400307,0.015073366817012386,0.0012236922199145355,1.5631077408811613,-9.468746171492626e-05
C004102,B09,MixedSignal,CH-01,19.85161321614916,20.12873287714008,10.664026195825342,10.719786449489137,20.469425202630195,10.951798545275128,22.887306987111753,11.065292801006787,0.019156764652581055,0.0023993496633170196,2.4178817844815583,0.11349425573165917
C004103,B09,MixedSignal,CH-01,13.517456683513949,14.36198341538553,10.13577868162852,10.20727813746341,19.62986572669565,10.78308865071616,20.823587493108835,10.62095555228414,0.04487225053974517,0.0028727598251439617,1.1937217664131836,-0.16213309843201884
C004104,B09,MixedSignal,CH-01,12.50729380904545,12.776118524721223,10.09426895415217,10.12098063718045,13.693307016267925,10.29606632408986,16.086615230277268,10.32007093262256,0.02298956045525031,0.001382571496125763,2.393308214009343,0.02400460853269948
C004105,B09,MixedSignal,CH-01,14.072690833868174,14.462469128145049,9.874913784193556,9.89349645787728,16.121609561199293,10.21795328974576,18.273481285521108,10.092900659314255,0.026465362204000406,0.0013847513988678821,2.151871724321815,-0.1250526304315045
C004106,B09,MixedSignal,CH-01,13.485996084210628,13.732186046715857,10.587580585515129,10.586816965464273,14.323206002414617,10.757230475384931,16.982958923769495,10.702743991865956,0.02257481164620582,0.0008050487944561362,2.659752921354878,-0.05448648351897489
C004107,B09,MixedSignal,CH-01,15.218294567574109,14.8851065075085,9.547640983212206,9.691580558526308,16.141342415270746,9.88507958700674,15.804033794250882,10.208706488618628,0.0063814394912665474,0.0035911522923077754,-0.33730862101986325,0.32362690161188823
C004108,B09,MixedSignal,CH-01,14.598251808752885,14.942896991166585,10.361625107733047,10.443201791188391,16.439036672632284,10.668656871867189,18.46667012484365,10.841758223292057,0.02447064676164628,0.002767753000719902,2.027633452211365,0.1731013514248687
C004109,B09,MixedSignal,CH-01,14.062851134890456,14.22686473233344,10.040422566702675,10.076613160012746,23.809009828497093,10.29254137285568,16.751647261078336,10.30732006722444,0.017533212005172896,0.0016021313000812072,-7.057362567418757,0.01477869436875956
C004110,B09,MixedSignal,CH-01,13.366209071796158,17.31506329268601,10.115537933892249,10.339860718890687,44.0571392918632,11.541056495212754,41.410565036454145,11.58142954427856,0.16732987322061205,0.008622005731860227,-2.6465742554090568,0.0403730490658063
C004111,B09,MixedSignal,CH-01,15.446790527965618,15.821594389461715,9.880147171036574,9.940978963821845,16.41389704136285,10.03802595300021,19.334333023353146,10.286519244988256,0.024394018290912714,0.0023995852858778527,2.9204359819902947,0.24849329198804604
C004112,B09,MixedSignal,CH-01,13.268318732428812,13.462280375890446,10.05668155734242,9.985135309311747,15.33634666044548,10.3960888411102,15.774649913658509,10.146002284806515,0.016058121790055994,0.0011171317742692225,0.43830325321302865,-0.25008655630368537
C004113,B09,MixedSignal,CH-01,14.889111800264232,15.003610477903193,10.374098015898191,10.382684424760903,16.218872302622753,10.49216254880889,17.30024576119214,10.523067907977566,0.015948856133951028,0.0009748853001157157,1.081373458569388,0.030905359168675872
C004114,B09,MixedSignal,CH-01,13.507732687023106,13.50616524930864,10.366328513221696,10.386033266147471,14.80413134839504,10.567674733475172,15.253852158411155,10.539285143459548,0.012136714646545236,0.0010642491480005302,0.44972081001611386,-0.028389590015624577
C004115,B09,MixedSignal,CH-01,12.87979500441981,13.134882912626145,9.742716660464469,9.831801627060567,14.81507167129248,10.081907497194502,16.115351386723475,10.23736275475728,0.020697697736787018,0.002816396720116058,1.3002797154309942,0.15545525756277812
C004116,B09,MixedSignal,CH-01,12.849181733270663,12.989239834131956,10.082326020147589,10.136189168300644,13.80666459664162,10.342240157153366,15.471879055650637,10.412031271128159,0.017240550149435287,0.0019155701585244057,1.665214459009018,0.06979111397479265
C004117,B09,MixedSignal,CH-01,13.351272684304895,13.41770375680083,9.613592950064708,9.6140656214396,13.93401997515662,9.78750412308533,15.404221009765514,9.715355932766645,0.013795258701143644,0.0007034049397711436,1.4702010346088947,-0.07214819031868558
C004118,B09,MixedSignal,CH-01,14.767646980400563,14.715533872833936,9.188102514429788,9.26020502539212,15.429288158512229,9.384839187334435,15.895492884570555,9.592687591737592,0.00819415980372652,0.0023089067107324476,0.46620472605832575,0.20784840440315655
C004119,B09,MixedSignal,CH-01,13.021573648471144,13.22599855274276,10.060967808355205,10.108464833881978,13.777328280314569,10.30513577226196,16.06889783740215,10.372085157016127,0.01974235614346799,0.0018306966884315853,2.2915695570875823,0.06694938475416734
C004120,B09,MixedSignal,CH-01,14.025361194058656,15.914879976912893,9.92565617690378,10.13095938721477,27.06535021407405,10.786077514321637,28.02846453139305,11.098592509827938,0.08412211496166774,0.00671967446259145,0.9631143173189969,0.3125149955063016
C004121,B09,MixedSignal,CH-01,13.67554460473259,14.686073361500746,9.828524790032889,9.943045810049329,20.756771840915807,10.94641445382426,21.917129634686965,10.51846614466717,0.05021566856379319,0.003995974545957237,1.1603577937711584,-0.4279483091570899
C004122,B09,MixedSignal,CH-01,15.274712089229016,15.56067355160231,9.649272439510897,9.696550397419388,16.671691626677045,9.875927055815657,18.54188599684615,9.988650002315108,0.02070286420308223,0.002028469478442497,1.8701943701691057,0.11272294649945103
C004123,B09,MixedSignal,CH-01,12.399237922869624,12.286307940107465,9.575844930930916,9.664284157642909,13.76436599202479,9.761549098818175,13.849999861922482,10.017388651410709,0.010858971679270956,0.002452114540054167,0.08563386989769306,0.25583955259253344
C004124,B09,MixedSignal,CH-01,14.332113005269344,15.607953781870432,9.870746192290984,10.015378805635727,22.02811282989116,11.004668637236408,24.25082333160042,10.722930106454879,0.06001992742868047,0.004913550700132996,2.2227105017092583,-0.28173853078152966
C004125,B09,MixedSignal,CH-01,14.425218574879215,14.510180162710936,10.345412585930426,10.374166519630688,15.685735955242572,10.58946599246715,16.64034691737988,10.57295079192433,0.014792824685200996,0.001380446335372512,0.9546109621373073,-0.016515200542821518
C004126,B09,MixedSignal,CH-01,12.445664520052128,12.362757215827662,10.425665585013649,10.480487888603632,12.56314451493086,10.662079525737964,14.209871924523762,10.723358345172048,0.012827185477056254,0.0016866003928362276,1.646727409592902,0.06127881943408475
C004127,B09,MixedSignal,CH-01,15.441492604308928,15.538715078017034,10.166646252739186,10.199732423121027,31.95100710263565,10.22066041798487,17.588442660994794,10.422494002101017,0.01423421932623444,0.0015469554095832604,-14.362564441640856,0.20183358411614627
C004128,B09,MixedSignal,CH-01,12.571334411382296,12.697033538254956,9.704542421067345,9.760182895037524,13.991139583343491,10.017567876321085,15.014318663960312,10.041111609763576,0.0160922578173983,0.0019508938522642498,1.0231790806168206,0.023543733442490833
C004129,B09,MixedSignal,CH-01,13.429428046798735,13.699814084808922,10.067227518424025,10.064375682835674,14.630384107237584,10.149324777725536,16.948578088562805,10.1865578712223,0.022560861137179738,0.0008484874193515685,2.318193981325221,0.037233093496764624
C004130,B09,MixedSignal,CH-01,15.376243581626158,15.771649537311218,10.237986487445038,10.292731174962505,16.94550940187475,10.33794785538184,19.5205932858715,10.617508017225196,0.026034331587224173,0.0022553947379353578,2.575083883996747,0.2795601618433565
C004131,B09,MixedSignal,CH-01,13.918679406854748,14.718508782132616,9.933523367442064,9.983644223843651,20.086897480896827,10.293958364410065,20.861951985775775,10.328374205820802,0.042662800025299714,0.0023939582081746614,0.7750545048789483,0.03441584141073761
C004132,B09,MixedSignal,CH-01,14.312169905910707,14.493519629954664,9.889070263501145,9.946107499561672,15.51068862807216,10.18342977151548,17.014426141063794,10.249234659735642,0.017506295216035625,0.002105049723430347,1.5037375129916342,0.06580488822016228
C004133,B09,MixedSignal,CH-01,14.647874474559927,14.885320460500218,9.39883110078892,9.395325054614998,15.55678198070506,9.484573719262304,17.65213389803084,9.527767185543949,0.019213982205073768,0.0009197370203399342,2.0953519173257806,0.04319346628164489
C004134,B09,MixedSignal,CH-01,13.061682430310295,14.036289025838604,9.98783442133253,10.143497739883385,21.08979051368943,11.01966553176399,21.10127329508319,10.840994589861904,0.04906239075864295,0.004843728124850825,0.011482781393759467,-0.17867094190208732
C004135,B09,MixedSignal,CH-01,15.031616770650109,15.059795505264171,9.319494797366485,9.318033588759992,16.18359002035738,9.402868544273275,16.583977766585512,9.42876578606881,0.010584599036953758,0.0007689735924223519,0.4003877462281338,0.02589724179553521
C004136,B09,MixedSignal,CH-01,13.369297717593112,13.286800642153676,9.835045890589026,10.07163328997528,53.52253224819636,10.372142893259191,14.504609408853751,10.916314550439042,0.00845700532430608,0.005865842086553903,-39.01792283934261,0.5441716571798505
C004137,B09,MixedSignal,CH-01,14.374859069790016,14.285107113688914,9.784706257060652,9.83002413705924,14.880412436049026,10.03170229433666,15.722472864044484,10.060341579731569,0.009981706599691454,0.0015994266852245032,0.8420604279954578,0.028639285394909564
C004138,B09,MixedSignal,CH-01,13.544983272839051,13.651149812429844,10.396243794386644,10.419142193642235,14.122500424303604,10.617767761120128,16.009563848471714,10.594549112963279,0.01637787525029076,0.001218103606396132,1.88706342416811,-0.023218648156849042
C004139,B09,MixedSignal,CH-01,13.583829126672692,13.887030552983866,9.498685299125295,9.53737659734252,14.721136905234532,9.596308928863586,17.107432250690447,9.791419457826928,0.022363900678517925,0.001764186531141718,2.386295345455915,0.19511052896334213
C004140,B09,MixedSignal,CH-01,15.201871151925047,15.249310241257028,9.81816468058476,9.843183310705465,15.450659490706906,10.029431724212882,16.957694137789076,10.03474458991839,0.011863777059250335,0.0013302866612008672,1.50703464708217,0.005312865705507264
C004141,B09,MixedSignal,CH-01,14.556523784618744,15.009248013284443,10.085585196610351,10.154810796084886,18.06726580253405,10.861062937589873,19.099901886402446,10.527461390869268,0.02840731856331946,0.0025878513526693186,1.0326360838683968,-0.3336015467206046
C004142,B09,MixedSignal,CH-01,14.652956291719168,15.064372441700936,10.01514957534572,10.031604675508724,16.782260885774868,10.196482398997516,18.983167142057738,10.23024866172803,0.027213852085811126,0.0013794721265229576,2.2009062562828703,0.03376626273051464
C004143,B09,MixedSignal,CH-01,14.912727445659506,15.3811919311828,10.687010680648514,10.686450941497087,16.619496817677252,10.878294509857795,19.797256369056335,10.837227054123295,0.03066711415189955,0.0010470563376819965,3.177759551379083,-0.04106745573450077
C004144,B09,MixedSignal,CH-01,14.15766927043779,14.340126440452115,10.68641122074044,10.711633684536697,14.74493072415184,10.912353136463814,17.152012252724486,10.905669273351194,0.019526984807447016,0.0013474693667673411,2.407081528572645,-0.0066838631126202586
C004145,B09,MixedSignal,CH-01,13.13447568163209,13.485284472590704,10.1257214802129,10.134979266962452,15.080649743115655,10.295300930611168,17.24623804558038,10.291172898247154,0.02611773314576164,0.001084677995032658,2.165588302464725,-0.004128032364013379
C004146,B09,MixedSignal,CH-01,14.584350230589015,14.846359775170912,9.55778478163141,9.569715469766631,16.223268685500884,9.60241153402096,17.803287498788322,9.739248994885061,0.02053422030289868,0.001177316146655764,1.5800188132874382,0.13683746086410054
C004147,B09,MixedSignal,CH-01,14.526646376591255,14.608872772041154,9.6286513250314,9.651207724338818,16.227179377508563,9.877014494219486,16.53517938215833,9.834790676811586,0.013377129236924825,0.001274881614394226,0.3080000046497666,-0.04222381740789949
C004148,B09,MixedSignal,CH-01,14.197952049786378,15.292371943219251,9.856502813479588,9.931683918619624,22.125758575315142,10.259127979513655,23.032605432051067,10.392923711517003,0.05375162145022094,0.0032030541173429083,0.9068468567359247,0.13379573200334782
C004149,B09,MixedSignal,CH-01,15.47557695002114,15.82204824988365,9.899583232849317,9.90961933772889,16.54424579414963,10.189169814489365,19.269450679692085,10.087327162468256,0.023940294651447463,0.0012340821162456,2.7252048855424533,-0.10184265202110865
C004150,B09,MixedSignal,CH-01,13.368644207526842,13.54213552747535,9.446332404864634,9.474589373352746,13.590576812047486,9.586093378128297,16.043550074744854,9.679210126326428,0.017370934356038217,0.001420977451206124,2.452973262697368,0.0931167481981312
C004151,B09,MixedSignal,CH-01,15.249112616971392,15.291468403138971,10.455224907600645,10.52010554067355,15.939672746582618,10.773541609206273,17.07087987219936,10.835702261265684,0.012357024090697142,0.002191643893000935,1.1312071256167417,0.06216065205941135
C004152,B09,MixedSignal,CH-01,14.150950617902044,14.236924042868582,9.498959081345625,9.541791303918894,15.12833720091942,9.834564996117631,16.14399012786246,9.790024800588478,0.013243514479124148,0.0017238437268721147,1.015652926943039,-0.04454019552915334
C004153,B09,MixedSignal,CH-01,14.398288666238548,14.594826219549985,10.19458210388946,10.221561479481414,15.359203466052405,10.566641015809148,17.331968681614867,10.427595022734407,0.019007933764339464,0.0014307884948124479,1.9727652155624629,-0.13904599307474186
C004154,B09,MixedSignal,CH-01,13.477764789441096,13.706086419314078,10.647609868959377,10.691711180723606,14.952243684416093,10.95411180623867,16.80858304665105,10.946306572337221,0.021545115467617875,0.0017680235528723233,1.8563393622349587,-0.007805233901448716
C004155,B09,MixedSignal,CH-01,14.134198810348298,14.395169979280356,10.115730293142104,10.118277897679592,15.662322886362215,10.147288985405236,17.55024520377655,10.250881162617182,0.021910244614556915,0.0009208560065110394,1.8879223174143362,0.10359217721194547
C004156,B09,MixedSignal,CH-01,14.637528194475433,15.263157215973145,10.446852028700237,10.700562822563422,18.77028690210356,11.780470784481524,20.146537420372546,11.682980067269556,0.033912362530551396,0.006822341977125933,1.3762505182689857,-0.09749071721196856
C004157,B09,MixedSignal,CH-01,15.903562892517256,15.99643534712138,9.517226951881751,9.56487974754428,17.108744679695327,9.72196617633112,17.772971294986863,9.842436240640676,0.012337055193510298,0.001927475646502752,0.6642266152915361,0.12047006430955598
C004158,B09,MixedSignal,CH-01,12.971577614952114,13.024782220030827,10.00050241633634,10.025154737007009,13.707592389584624,10.263631778116128,15.024720960950674,10.198648710081734,0.013888463478610046,0.0012048192574633705,1.3171285713660499,-0.06498306803439391
C004159,B09,MixedSignal,CH-01,14.01608504712947,14.16057562551092,9.962146239779283,10.033481523813508,15.218751437184856,10.235295371174182,16.49206251837257,10.376101745951315,0.016190881200428133,0.002379307098179215,1.273311081187714,0.14080637477713331
C004160,B09,MixedSignal,CH-01,14.180526535174476,12.630535224991627,9.83709509206996,9.824466239973264,14.446511744908312,10.114196848640226,13.746586604692224,9.651831298369386,0.007750356803476367,-0.0011988537611380412,-0.699925140216088,-0.4623655502708406
C004161,B09,MixedSignal,CH-01,13.73848550779174,13.774217777744743,9.8364533765303,9.850815675530065,14.930308339528075,9.959346181207062,15.577508448393242,9.995653965612222,0.012522851879503465,0.0010058214589038711,0.6472001088651673,0.03630778440516025
C004162,B09,MixedSignal,CH-01,13.901416804929635,14.835715989137997,9.769430641316744,10.059253681944584,22.55618347079016,11.853894631249474,21.2477502252017,11.198887628158218,0.04452801552822015,0.007914124626483566,-1.3084332455884606,-0.6550070030912565
C004163,B09,MixedSignal,CH-01,13.334983568927418,13.490416177163503,10.432866907297706,10.591407320325938,13.996776130305022,10.476435066945449,15.944203168874298,11.206524724566684,0.017040187442436072,0.004271648640560732,1.9474270385692751,0.7300896576212352
C004164,B09,MixedSignal,CH-01,14.606713046906329,14.826974844884024,10.033004015553413,10.043043055581917,14.928686820509832,10.147619156810144,17.668039955812755,10.199442007996304,0.01972961882589397,0.001086103836211019,2.739353135302924,0.05182285118615937
C004165,B09,MixedSignal,CH-01,21.545799330077205,21.80443399616375,10.271963583091836,10.233176721312145,22.367060652515622,10.547380427018757,23.99831295676464,10.436773025950759,0.01523527055972841,0.0014138632266570417,1.631252304249017,-0.11060740106799827
C004166,B09,MixedSignal,CH-01,14.80962347779576,16.54112307983535,10.514374352166282,10.599179197380325,27.47511125300772,11.29366131857227,28.04919357567733,11.1612842761216,0.07991715622112484,0.0039035074912588583,0.5740823226696072,-0.13237704245066872
C004167,B09,MixedSignal,CH-01,15.071513925244474,15.217301456196855,10.11250682673096,10.12841556302928,16.17911253811962,10.328040840193504,17.59638781689994,10.29864795897664,0.016521433060438098,0.001182169416301103,1.4172752787803198,-0.029392881216864453
C004168,B09,MixedSignal,CH-01,15.574414681016169,15.638935810228254,10.094432189893164,10.131630383275356,16.49815111741905,10.326628455991594,17.461973435443255,10.3655006200194,0.012659983508437507,0.001624098866278086,0.9638223180242065,0.03887216402780602
C004169,B09,MixedSignal,CH-01,14.074123015508086,14.339474286053902,10.44575637916128,10.457192866261932,15.554594792416692,10.585157550000808,17.594984250924174,10.616766966789058,0.022607708089376892,0.0011081534758828153,2.040389458507482,0.03160941678824969
C004170,B09,MixedSignal,CH-01,13.138918991308492,13.213672328447428,9.276502918701352,9.31195076827451,13.95129929827537,9.53861814911397,15.106404084897385,9.52890324191508,0.013143970530902474,0.0015066144002817323,1.1551047866220152,-0.009714907198890899
C004171,B09,MixedSignal,CH-01,14.958389572943991,15.21605243495534,10.377405953703311,10.447707038124207,16.592986868650193,10.586381073743,18.22824634867021,10.803022139399369,0.020918013289686604,0.002467465981077511,1.635259480020018,0.21664106565636843
C004172,B09,MixedSignal,CH-01,13.17115498860356,13.171076154348674,10.51478203462614,10.526563708714791,13.789454458906972,10.697900516778436,15.001334225145218,10.651340595752437,0.012710125491642668,0.0008665061599836513,1.211879766238246,-0.04655992102599882
C004173,B09,MixedSignal,CH-01,13.807938436927024,14.038013855343866,9.340333781589123,9.39176920160778,15.181430271793248,9.598890486626637,16.744756889646947,9.682481421776217,0.01879682662710473,0.002018834862280815,1.5633266178536989,0.08359093514958005
C004174,B09,MixedSignal,CH-01,12.849823381330808,13.089507938716604,10.225544691591391,10.28791882343626,14.020024672975154,10.485022704039,16.17239254670371,10.600797253282712,0.021408920888799334,0.0021727668739336898,2.1523678737285543,0.11577454924371189
C004175,B09,MixedSignal,CH-01,13.803629934602755,13.809381003637467,9.884437688387344,9.885377059816305,14.353403099405623,10.001471477841402,15.471485175693067,9.983619155979602,0.01154239008371944,0.0006822367789117835,1.1180820762874433,-0.017852321861800746
C004176,B09,MixedSignal,CH-01,13.261018714284988,13.284348040898095,9.86227505285875,9.898604927313745,13.7877637902526,10.156599679619273,15.026323234002273,10.109756744077604,0.012097049952112348,0.001466332060860134,1.2385594437496739,-0.04684293554166885
C004177,B09,MixedSignal,CH-01,14.617102591383206,14.80761230360902,9.652004674443166,9.669619357263434,16.306753569547794,9.75611229813996,17.36360070080669,9.849538798261408,0.017749919424983815,0.0012494405624859312,1.0568471312588947,0.09342650012144738
C004178,B09,MixedSignal,CH-01,13.152004251790258,15.758073758110037,10.080786329449246,10.258091437086746,28.60596406887124,11.69832073798992,32.213736489792566,11.200682886236331,0.11427543563668424,0.006545773952427675,3.607772420921325,-0.49763785175358954
C004179,B09,MixedSignal,CH-01,14.192314098775425,14.297036163523677,9.765512177691166,9.81121667307515,14.906098135462424,9.905434651753993,16.375767852128877,10.069205445106084,0.014435636726425005,0.0017915886946592667,1.4696697166664539,0.1637707933520911
C004180,B09,MixedSignal,CH-01,14.104358056520862,14.031593628852738,10.335975587035051,10.368352705396234,14.752745603925556,10.64297125609156,15.67934844048488,10.55405117268625,0.01144274174744543,0.0012895726895140057,0.926602836559324,-0.08892008340530921
C004181,B09,MixedSignal,CH-01,13.28036380846214,13.561767361303191,10.140651167906295,10.184296513312203,14.449545083684676,10.385584813827146,16.852117020398797,10.445168659553376,0.02284965041038615,0.0018116121266748121,2.4025719367141214,0.05958384572623032
C004182,B09,MixedSignal,CH-01,14.728737989039525,14.983854981472172,10.001826575515013,10.050976251632406,15.754105753357363,10.239355034041049,17.934644527554163,10.33893859614246,0.020491594070013823,0.0019997385035420453,2.1805387741967994,0.09958356210141162
C004183,B09,MixedSignal,CH-01,14.281338610462331,14.437277467298872,9.703098384710584,9.724818936703246,54.13871592428856,10.031612469676954,16.831903746050134,9.911483893663307,0.01662934915799488,0.0012962844233337626,-37.30681217823843,-0.12012857601364679
C004184,B09,MixedSignal,CH-01,14.138090145139762,14.295594118975291,9.817448798560084,9.827385236393896,14.504088625790986,9.87391272758447,16.765409726173743,9.974184147142934,0.017151497272211474,0.0010194368802016493,2.261321100382757,0.10027141955846375
C004185,B09,MixedSignal,CH-01,19.52641353720689,19.379332940273272,10.226059077745308,10.400989644375151,19.985021105862536,10.884901475064456,20.015329470125774,11.075266205605224,0.004416642568420152,0.004682476119653284,0.03030836426323802,0.19036473054076808
C004186,B09,MixedSignal,CH-01,14.663518796050674,15.019049587121312,10.247026801722589,10.285200160425225,27.919948212351425,10.450283974715653,18.639264358277412,10.546508590385189,0.025140380355250694,0.0018146418747219733,-9.280683854074013,0.0962246156695361
C004187,B09,MixedSignal,CH-01,16.354053879008518,16.44308935430255,9.962833614156636,9.972636647650049,17.006165295568703,10.049213236356964,18.347822040209547,10.127119704437266,0.013227310318798584,0.0010727990054667884,1.3416567446408436,0.0779064680803021
C004188,B09,MixedSignal,CH-01,14.107912935219543,15.18496828978962,10.354984929941562,10.651939393304009,23.0643418597637,12.171914555238066,22.614300597822016,11.820117755918783,0.051592585472447196,0.00811234974038038,-0.4500412619416849,-0.351796799319283
C004189,B09,MixedSignal,CH-01,14.78567520644126,14.704185681189898,9.834357520306584,9.83790042778988,15.70115892250871,9.966344172274184,16.18670025228968,9.936795681966927,0.010295240077081812,0.0006867725984517224,0.4855413297809683,-0.02954849030725626
C004190,B09,MixedSignal,CH-01,15.677935081330505,15.768407060059973,10.644607375917486,10.67660204088335,16.859547010471466,10.855713837340051,17.88652502614297,10.893786669213577,0.014709152542243031,0.0015082265856265734,1.026978015671503,0.03807283187352617
C004191,B09,MixedSignal,CH-01,13.676409566736908,13.88446031208249,9.838122656603804,9.8562609811263,15.18662015248937,10.005887355994115,16.6792345280836,10.031589953952139,0.01940815427778549,0.0012175623112905543,1.492614375594231,0.025702597958023432
C004192,B09,MixedSignal,CH-01,14.366098461365864,14.379871199280366,10.506085503495056,10.5696221821252,15.519472025910463,10.720773011412913,16.094135679466998,10.870893978478884,0.0119046144457405,0.0020921652524561463,0.5746636535565344,0.15012096706597156
C004193,B09,MixedSignal,CH-01,13.747173956282984,15.607812044374652,10.011410753528784,10.344762363759653,25.94393671206625,12.12765424438957,27.387547980585683,11.719554955059493,0.08180372177924328,0.009547170772915559,1.443611268519433,-0.40809928933007633
C004194,B09,MixedSignal,CH-01,13.32392610479462,13.586058559856331,10.061778438516336,10.103357741123478,13.881109707784823,10.327585317905744,16.743208207433888,10.356365135228593,0.021924650330399698,0.0017569957923966317,2.862098499649065,0.02877981732284951
C004195,B09,MixedSignal,CH-01,12.81385813903346,12.92233963704604,9.775703170513292,9.778552448845415,13.812342875647875,9.997000018304735,15.238617076143283,9.88731279674738,0.016085259993730856,0.0007552801937636473,1.426274200495408,-0.10968722155735477
C004196,B09,MixedSignal,CH-01,15.142120834452328,15.235876228453876,9.4708800332426,9.484894397936086,15.91962846243376,9.696977381915913,17.146444523028862,9.647349337885109,0.01326783537899296,0.001128159305201542,1.2268160605951017,-0.04962804403080412
C004197,B09,MixedSignal,CH-01,13.268756436435003,13.548253634293378,9.625374190091884,9.673104295204045,14.646483810553413,9.858787388836877,16.6793029744656,9.950697683473674,0.02174339819564043,0.0019277318629835369,2.032819163912187,0.09191029463679712
C004198,B09,MixedSignal,CH-01,14.17484576360092,14.354234046976538,10.058850018895829,10.100915837567529,15.320162094794808,10.27024716309188,16.951265126191572,10.353027131383818,0.018034938050104404,0.001750772873724234,1.6311030313967638,0.08277996829193768
C004199,B09,MixedSignal,CH-01,13.752220641630206,14.10105303460134,10.30478226975619,10.3446849334141,14.778233188161163,10.564566526469257,17.784698351766362,10.603324033588379,0.02558087025809043,0.0017961048623213768,3.006465163605199,0.03875750711912218
C004200,B09,MixedSignal,CH-01,12.781376470032088,12.946275337926124,9.80403675982272,9.821894844061449,13.85761019852288,10.100434995694558,15.569873349430953,9.985060980140993,0.018219430635450198,0.0011330981672190586,1.7122631509080737,-0.11537401555356475
C004201,B09,MixedSignal,CH-01,12.356143632743285,12.395084481410173,9.815292472833036,9.851501498355526,12.795736936042582,9.845230061256096,14.299505802985745,10.057619566639126,0.013225148066497031,0.0014313754741916613,1.5037688669431635,0.2123895053830296
C004202,B09,MixedSignal,CH-01,14.217436099499668,14.304271652162582,10.33431384133681,10.38866300346462,31.18621191136115,10.54920315916696,16.419569614449614,10.668615098567429,0.014689569182548835,0.0019441117715472843,-14.766642296911535,0.11941193940046801
C004203,B09,MixedSignal,CH-01,13.700301823540489,13.861578281057112,10.296679983660082,10.321575102371408,15.13260799621758,10.42427753219191,16.49313264413795,10.51114535730169,0.018274683076950276,0.0013164601036825079,1.3605246479203714,0.08686782510977942
C004204,B09,MixedSignal,CH-01,13.68073244163759,13.663838892166345,10.215314547636448,10.2280048723156,13.73585380982628,10.381041294642914,15.367082572465863,10.357960700393182,0.011828081113191101,0.000902471028316544,1.6312287626395836,-0.0230805942497323
C004205,B09,MixedSignal,CH-01,13.889822247753315,13.99275397443416,10.02468690858758,10.067192920056492,14.8835407990511,10.212338350889612,16.166870341534533,10.310494839391858,0.015098030327085923,0.0016895966620511516,1.2833295424834326,0.09815648850224612
C004206,B09,MixedSignal,CH-01,13.677539548284615,13.69198042218891,9.76060237867856,9.772574709870668,14.124388196747784,9.923112063622682,15.36328802868427,9.907310788363882,0.01160630282288444,0.0009356672117584299,1.238899831936486,-0.015801275258800374
C004207,B09,MixedSignal,CH-01,12.416647536207742,12.592154815821283,10.399454621248056,10.43821451216116,13.354781140834678,10.5474907403877,15.433488963503079,10.663572813563594,0.019731487136679136,0.0015649882041835668,2.0787078226684006,0.11608207317589425
C004208,B09,MixedSignal,CH-01,13.344271741518586,13.37059067978403,10.062471447515318,10.109380460274217,13.940643335044426,10.256691242918524,15.15726686796259,10.354329978580472,0.012407473529017783,0.0017010383215712145,1.216623532918165,0.09763873566194725
C004209,B09,MixedSignal,CH-01,13.669779709261883,13.879824715577769,9.91624281060335,9.952111823198358,15.26750607941577,10.181795590594875,16.674307653210864,10.184645271263792,0.01940613151134094,0.0016148156115655121,1.406801573795093,0.0028496806689162213
C004210,B09,MixedSignal,CH-01,13.200301748275818,13.469410129586496,10.172069391696658,10.24163072533804,14.88819362775603,10.649918804411412,16.660467363329346,10.584013611213468,0.02216011967876979,0.0023776589296904773,1.7722737355733162,-0.06590519319794375
C004211,B09,MixedSignal,CH-01,14.610641514915171,14.602556593180916,9.58938296659112,9.627004630247995,22.41190667236287,9.841962518363037,16.004430792760942,9.850084594218067,0.009735237497083517,0.0015491664164588334,-6.407475879601929,0.008122075855030886
C004212,B09,MixedSignal,CH-01,12.20522821622671,12.39112055410396,10.3147894981999,10.327961234578131,13.078200256820182,10.525019076492176,15.332539425327498,10.47094141231149,0.02042651993905235,0.0009929179009260996,2.2543391685073164,-0.054077664180686824
C004213,B09,MixedSignal,CH-01,18.7291045589319,17.099303957008523,10.524122527155017,10.305474918385306,15.896400325859002,10.2663566450209,14.356790067214218,10.277993724619964,-0.019045235345793783,-0.0001908416233704265,-1.5396102586447835,0.011637079599063682
C004214,B09,MixedSignal,CH-01,11.967569404607865,11.928793481963709,9.678807720337442,9.708408179503436,12.615677090676716,9.843559158012138,13.649237650064778,9.87963238242737,0.011947528945146316,0.0011890569647495426,1.0335605593880626,0.036073224415233085
C004215,B09,MixedSignal,CH-01,13.516232259876316,13.661720640528776,10.38047114372648,10.37574307435305,14.713722483318415,10.51609402045417,16.248243362219387,10.484401870081406,0.017961963345073693,0.0007545749703358072,1.534520878900972,-0.031692150372764516
C004216,B09,MixedSignal,CH-01,12.83686058794135,12.970188320018272,9.957331336982936,10.001145315586784,14.13964068092992,10.177591027939831,15.398749169184468,10.244571824371791,0.016865005896987473,0.0016904618665625451,1.2591084882545474,0.06698079643195953
C004217,B09,MixedSignal,CH-01,14.595452995008404,14.498674637154776,9.968769047427989,9.912936848448762,14.602316546599338,10.060032560681844,15.623296398310323,10.036287605561405,0.007809873341357965,0.0008566024799489104,1.020979851710985,-0.023744955120438505
C004218,B09,MixedSignal,CH-01,13.356964352504493,13.35837943006938,9.504218567103967,9.497934022947565,14.635680814638611,9.673647270317476,14.894847486129066,9.596875377832845,0.010669917055970042,0.0006870927422588905,0.2591666714904548,-0.07677189248463101
C004219,B09,MixedSignal,CH-01,13.620431867558072,15.01100052017545,10.603272141039746,10.627735107553873,15.144875887713887,10.585501907293631,24.812046889440552,10.946725202757053,0.06806282200878543,0.002215208994466527,9.667171001726665,0.3612232954634216
C004220,B09,MixedSignal,CH-01,13.116450368547929,13.38581900975482,10.126633538551566,10.158540665682883,24.645405489007928,10.303542267243994,16.63946277475807,10.37901546883337,0.022594748368078114,0.0015310750218783748,-8.005942714249858,0.0754732015893751
C004221,B09,MixedSignal,CH-01,14.082506362620666,14.253883194604546,10.153800181483394,10.17394021258188,14.923684998027785,10.408203746323446,16.877601005946428,10.35299968946463,0.018220262578763066,0.0012434685894635465,1.953916007918643,-0.05520405685881613
C004222,B09,MixedSignal,CH-01,15.26911279304844,16.335859819943277,10.353909952263422,10.51447848291519,23.371308659180503,11.105037642766524,23.805885596183167,11.25268438707093,0.051875179001665904,0.005126429889970425,0.43457693700266375,0.1476467443044065
C004223,B09,MixedSignal,CH-01,18.65598235092192,18.593193149789904,10.237158033889212,10.314027385049076,19.466878113152823,10.645336146718796,19.634885629086135,10.679513807313175,0.007233975550668268,0.0025381001546117923,0.16800751593331142,0.03417766059437888
C004224,B09,MixedSignal,CH-01,13.85868662094353,13.946661793227848,9.602529588448697,9.609483271798783,14.533433506673038,9.878239546147498,15.993563967104478,9.738044303868206,0.014214598429698818,0.0008927849449265427,1.46013046043144,-0.14019524227929203
C004225,B09,MixedSignal,CH-01,15.46928010201474,16.435929395741972,9.83944665239769,10.116739312497296,23.564444288895825,11.647552658018306,22.92063660214008,11.2313403323549,0.04503268893332018,0.0077402848601222495,-0.6438076867557463,-0.4162123256634054
C004226,B09,MixedSignal,CH-01,13.067939288579202,13.529929786341013,9.358266175458484,9.372056474481935,14.70993018158822,9.546898507529304,17.731726629331558,9.558589980249831,0.029179144742989896,0.00129537156783261,3.0217964477433377,0.011691472720526619
C004227,B09,MixedSignal,CH-01,17.62198386476193,17.956076592162642,10.364236592673771,10.405503978712098,18.754565824660364,10.552685245447735,21.193568413625435,10.696321712871637,0.022482582093491618,0.0020195675983301323,2.439002588965071,0.14363646742390124
C004228,B09,MixedSignal,CH-01,14.289159846153478,14.263020574206513,10.251161217739362,,15.142739985722836,10.57849240338738,15.955719947103342,9.72433931950342,0.01175485675622798,,0.8129799613805062,-0.8541530838839595
C004229,B09,MixedSignal,CH-01,11.863999888430868,12.029414100637688,9.484306005349245,9.500390292332888,12.521026536477988,9.661948038863011,14.66421101554552,9.652697939232333,0.01829720079797106,0.0010576919923572545,2.143184479067532,-0.009250099630678577
C004230,B09,MixedSignal,CH-01,13.88518252115891,14.0308783415799,10.284123356917856,10.365070629564244,59.55738103126312,10.580365249938286,16.457850433770915,10.73507456379064,0.016853972862437602,0.0025694717654610854,-43.099530597492205,0.1547093138523543
C004231,B09,MixedSignal,CH-01,13.520211794450368,14.053469466471894,10.280443205699148,10.457863798959512,17.49340510428842,11.522743015189365,18.58516125124435,11.178063928483997,0.03147008183869762,0.005001389788364483,1.0917561469559303,-0.3446790867053675
C004232,B09,MixedSignal,CH-01,14.16545470948837,14.360885856311665,9.172925087279246,9.246757442277897,15.448058865541164,9.470750367270002,16.736326094025333,9.611358369129336,0.016496112761900477,0.0025319508809127735,1.2882672284841696,0.1406080018593343
C004233,B09,MixedSignal,CH-01,12.71217285620695,12.770569305622674,10.394346972740856,10.39928424498201,12.736705997896385,10.608844214483256,14.960877136675522,10.505598745283312,0.015210471048978115,0.0007382951409812636,2.2241711387791376,-0.10324546919994404
C004234,B09,MixedSignal,CH-01,14.818951463271482,15.73428260382062,9.355807929319086,9.46666600376724,20.45807474590311,9.877106114475524,22.1564045364624,10.035110816765862,0.04459806897667903,0.003947533423601534,1.6983297905592885,0.15800470229033792
C004236,B09,MixedSignal,CH-01,13.911862556745684,14.143244578831691,10.410794538505138,10.479989428013113,15.619069375680064,10.686133235875406,17.116505326209637,10.82059764016507,0.020647644079013514,0.0023653348066108183,1.4974359505295727,0.13446440428966433
C004237,B09,MixedSignal,CH-01,14.82576285346834,15.134513611795231,9.41989981221933,9.434850304130574,16.33545730076231,9.631783960081131,18.294551382319547,9.62201983842429,0.02194470673975219,0.001299788432595249,1.959094081557236,-0.009764121656841596
C004238,B09,MixedSignal,CH-01,14.886378569335074,14.898017686892622,9.769827238065638,9.80436155708992,15.95161779282703,9.97686410769258,16.39925702423684,10.020889426048958,0.010425273176001504,0.0015036657566599937,0.4476392314098092,0.04402531835637902
C004239,B09,MixedSignal,CH-01,13.139869641239663,13.182903788663795,9.866858408704056,9.85658236838041,14.120026217114592,9.97526078514091,15.042298157970274,9.958909838499354,0.012912460897961657,0.0007106074313815528,0.9222719408556816,-0.016350946641555453
C004240,B09,MixedSignal,CH-01,14.839508427533875,15.24105689239876,10.143764621489735,10.13941644499303,27.783998326877445,10.2670855509683,19.11491593369852,10.28747346308473,0.026901798897914997,0.0010281737367479184,-8.669082393178925,0.020387912116429874
C004241,B09,MixedSignal,CH-01,14.337640703814918,14.468158647539724,9.92316613408254,9.944501742219591,15.039386749990625,10.14696675797779,16.76992010037769,10.126235755083625,0.01598445453359698,0.0012620417560002355,1.7305333503870646,-0.02073100289416452
C004242,B09,MixedSignal,CH-01,13.124009982441118,14.467450161683104,9.056706264483122,9.147444496416512,21.74240328378512,9.491902821881244,23.490212822764867,9.684376150312005,0.06265807403529003,0.003728692040940926,1.7478095389797481,0.19247332843076137
C004243,B09,MixedSignal,CH-01,13.200385773842052,12.54148565391743,10.315220481029847,10.356486819301548,14.610303958874352,10.52584187506589,14.370421980778511,10.45611976666237,0.012700946714313063,0.0006918954677834889,-0.23988197809584122,-0.06972210840351956
C004244,B09,MixedSignal,CH-01,14.02305263921708,14.522020908219549,10.872184435678994,10.907424679796094,15.817696155500608,11.134614305781074,19.202643906569843,11.165859464958125,0.0325043263774326,0.0017946860080696582,3.3849477510692356,0.031245159177050397
C004245,B09,MixedSignal,CH-01,12.80477621693027,13.01468985199105,9.600373771724056,9.590246021460938,14.29224054388072,9.759264852165025,15.801471200675907,9.71009460083395,0.01935264825475595,0.0008322818012014658,1.5092306567951876,-0.04917025133107522
C004246,B09,MixedSignal,CH-01,14.77301230881287,14.690609458953691,10.650843719574674,10.676505264750736,14.589898514979351,10.80867842720695,16.348169145292765,10.841974885536231,0.011510831155132455,0.001149094588788165,1.7582706303134135,0.033296458329282075
C004247,B09,MixedSignal,CH-01,13.691265664362138,13.840101230176618,9.99839986589665,10.017891070277136,14.849607347923715,10.14293331335272,16.331877083252607,10.190361497987412,0.01730399897969437,0.0011977113035435878,1.4822697353288916,0.04742818463469156
C004248,B09,MixedSignal,CH-01,14.398798700637538,14.585008498933847,10.318985557001604,10.383137572876304,15.666532277043062,10.547211846402051,17.23397936899606,10.707020384799101,0.0183956310420987,0.002249186193908311,1.5674470919529977,0.15980853839704956
C004249,B09,MixedSignal,CH-01,15.005314947646726,14.900873617445273,10.311972858161184,10.314938027320707,14.783280375865834,10.562797661739406,16.46688590831473,10.407163393455338,0.010875085353260119,0.0006404539314904935,1.6836055324488957,-0.1556342682840679
C004250,B09,MixedSignal,CH-01,14.191619229795045,14.579903859352363,9.781193414583074,9.852748663914866,15.256838574907738,10.093036136118602,18.24438159620019,10.225629006964642,0.02544776206144323,0.002589446826734553,2.987543021292451,0.13259287084603955
C004251,B09,MixedSignal,CH-01,14.880335049356257,15.187692751491106,10.23119739594737,10.23754841964164,15.90105141457104,10.421074015330106,18.559919095412535,10.392682375991217,0.02341823849945437,0.0010773191413165043,2.658867680841496,-0.028391639338888552
C004252,B09,MixedSignal,CH-01,14.395452370654755,15.855944015762018,9.80374613477638,9.968402541560604,26.41300857645916,10.73471310067522,25.49341475843949,10.762689225578294,0.06692688015748244,0.005515879750122848,-0.9195938180196706,0.02797612490307344
C004253,B09,MixedSignal,CH-01,14.369289133198809,14.518036088677512,9.75548511425074,9.805945515242056,15.480284539212397,10.047724435479632,16.821184592442222,10.085610738447272,0.015994086831699377,0.0019421196055917757,1.3409000532298254,0.03788630296764062
C004254,B09,MixedSignal,CH-01,18.68107256799972,16.344600367683327,10.221906342586427,10.133518598730436,14.274468784962586,9.993230150861235,13.400238099660013,9.924675123430443,-0.020446960194606345,-0.0014503019118055072,-0.8742306853025728,-0.06855502743079178
C004255,B09,MixedSignal,CH-01,12.85675875652062,14.783732609345895,10.250760252547924,10.463444892168194,25.7494488630284,11.817436926678376,27.357078337106273,11.44149351275487,0.08731490088722485,0.0067920043096296855,1.6076294740778714,-0.3759434139235065
C004256,B09,MixedSignal,CH-01,13.913525207827384,14.234050814461586,9.987811564665186,10.016548885503749,15.48556037521392,10.15875973005871,17.673245408439623,10.239388569212085,0.023883295791514145,0.0015474978035301154,2.187685033225703,0.08062883915337515
C004257,B09,MixedSignal,CH-01,14.693471405735814,14.949186816110398,9.62982447620658,9.680637270148718,16.445329543604018,9.954898190056571,17.80035453922677,9.976616764895253,0.01979977585497481,0.0020554131579620443,1.3550249956227525,0.021718574838681448
C004258,B09,MixedSignal,CH-01,12.961288455675303,13.243337238634494,9.424028667311584,9.447131552883208,13.880127350227529,9.597852595539294,16.415081558036796,9.643592387030672,0.022026002218071543,0.0013643113482462782,2.5349542078092675,0.04573979149137841
C004259,B09,MixedSignal,CH-01,11.872789433098925,11.981218632885726,10.259826964973955,10.251841144558474,12.663168566433749,10.24403306904796,14.455901820489004,10.347021803780958,0.01718529991391165,0.0006609768001561372,1.7927332540552552,0.10298873473299786
C004260,B09,MixedSignal,CH-01,19.56707070773804,19.396981744192203,10.111350060610382,10.085636152756416,19.983347492844427,10.29854519958572,20.067828919898787,10.210126075528095,0.004658660942406832,0.000864513352581099,0.08448142705436013,-0.08841912405762464
C004261,B09,MixedSignal,CH-01,15.360639835086996,15.842655032396106,10.534755969497162,10.750407045488698,17.694953245475574,10.696398498952174,19.920796472065827,11.59906166913406,0.028320426664373066,0.005893434886426118,2.2258432265902535,0.902663170181885
C004262,B09,MixedSignal,CH-01,15.12248916640374,15.269681918531608,9.753902568654953,9.773573477237404,15.972739796116992,9.918154042166838,17.551408186582993,9.958603065252092,0.01584532130591239,0.0012849276945464424,1.5786683904660013,0.040449023085253444
C004263,B09,MixedSignal,CH-01,13.981358281292756,14.366550313657005,10.2740692820622,10.284575720620827,15.924690591132082,10.356156472966882,18.278032887714083,10.45442055580336,0.027163073430951937,0.001179478022100919,2.3533422965820012,0.09826408283647758
C004264,B09,MixedSignal,CH-01,12.621107237796087,12.637276891299145,10.031456588845904,10.073466387549503,13.09585462941001,10.346137217907891,14.433318268671476,10.296414121683767,0.012472509565085634,0.001548248153710167,1.3374636392614665,-0.049723096224123964
C004265,B09,MixedSignal,CH-01,12.993260384339235,13.20155847075416,10.14211407150774,10.168367621197223,14.49806512459497,10.14186921946144,16.128866407098695,10.362970760967503,0.02032852733572594,0.0013514106928491643,1.6308012825037252,0.2211015415060622
C004266,B09,MixedSignal,CH-01,15.732188281348416,15.639155218690131,9.882332482648804,9.882414429580392,16.48139435805041,10.01125642100132,17.018244160241647,9.974923829191209,0.00957700653855219,0.0006424263861862296,0.536849802191238,-0.036332591810111836
C004267,B09,MixedSignal,CH-01,16.262246599077955,16.257789424525946,9.957900846332194,10.0021963782401,16.922837558917767,10.21390613145608,17.59266602467391,10.257031021787503,0.009269976389916421,0.001769685024634741,0.6698284657561437,0.043124890331423416
C004268,B09,MixedSignal,CH-01,13.357185095433996,13.165366467020966,9.90238915038785,9.898698313281743,14.04730253864641,10.058907284041098,14.83144445341164,9.957486633945313,0.0115699860166019,0.0004082522268303486,0.7841419147652307,-0.10142065009578438
C004269,B09,MixedSignal,CH-01,14.964986583150871,15.17529104664947,9.43689072058059,9.46570170581825,16.285220579713858,9.635937847056642,17.73184714506038,9.688295771126988,0.017753861794520223,0.0015457921201995752,1.4466265653465236,0.05235792407034623
C004270,B09,MixedSignal,CH-01,13.985966338972258,14.123960437757278,10.427237934799646,10.510543912505002,14.394901056353678,10.715264670768171,16.53460137978999,10.886784312000072,0.01674056209744939,0.002612780552049104,2.139700323436312,0.17151964123190133
C004271,B09,MixedSignal,CH-01,14.32791494740012,14.458659889941424,10.036992636559456,10.0344469243232,15.63205495900979,10.179265291487445,16.811932594630136,10.14821615054638,0.016342171560338275,0.0007900640709943069,1.179877635620345,-0.03104914094106448
C004272,B09,MixedSignal,CH-01,12.711365355083656,12.797281490030874,10.041282097711036,10.132541364036786,13.582036567719804,10.327288704632435,14.902090317145959,10.522881657456846,0.014616727966076973,0.0027106964820837495,1.3200537494261546,0.19559295282441092
C004273,B09,MixedSignal,CH-01,12.480651053674562,13.679714570605393,10.238078564660446,10.491187178120745,21.62335989083169,12.38483648334257,22.021492080081828,11.518295939134427,0.05792901048247524,0.007132699729261683,0.3981321892501377,-0.8665405442081422
C004274,B09,MixedSignal,CH-01,14.562517676043228,14.85147743942821,10.18494439798796,10.205273957606416,16.056149100814093,10.362960543996913,18.11293572806155,10.401297491109032,0.022649015893287088,0.001361274538212615,2.056786627247458,0.038336947112119546
C004275,B09,MixedSignal,CH-01,11.721895710899595,11.892500466058769,9.834216311851485,9.99643838558972,12.62064201920808,10.021849911821274,14.385667873236443,10.620707750909684,0.01731366254984496,0.0043352039258330866,1.7650258540283623,0.5988578390884101
C004276,B09,MixedSignal,CH-01,12.195441207914651,12.814991493754771,9.778961730005545,9.845881198936125,16.530226208990722,10.192154303846872,18.02329509870568,10.212257125938917,0.03616877503438132,0.002544277270852725,1.4930688897149587,0.020102822092045614
C004277,B09,MixedSignal,CH-01,13.156351501620058,13.231058539913064,10.245874173099637,10.23397418659651,60.4718345248306,10.351910352302903,15.356973721589332,10.33773204056299,0.01476329987275186,0.0007205406525449974,-45.114860803241264,-0.01417831173991324
C004278,B09,MixedSignal,CH-01,13.374741061892824,13.7784789775298,9.416157922252433,9.446443477560184,13.93219956882705,9.616846012426851,17.593942803192533,9.682803444868446,0.02649627656710231,0.0016413886618629316,3.661743234365483,0.06595743244159458
C004279,B09,MixedSignal,CH-01,15.903685741795936,16.050640111919453,10.104595205219232,10.181544337698226,16.82530803404495,10.394773971267709,18.247979779332653,10.555462028853643,0.015259303245924997,0.002596650633023735,1.4226717452877011,0.16068805758593463
C004280,B09,MixedSignal,CH-01,14.512001609729015,14.699024321225668,9.504231639165909,9.515260356372456,16.042658871426347,9.6575109188563,17.219952212704396,9.67335462659563,0.0175064436908245,0.001097876876549818,1.1772933412780482,0.015843707739330526
C004281,B09,MixedSignal,CH-01,12.429377040398212,13.29722288220194,9.122985550340442,9.257161619818428,19.27256826167416,10.337881335798343,19.573082911309264,9.878931337084461,0.043582361313245305,0.004317845258791901,0.30051464963510455,-0.45894999871388187
C004282,B09,MixedSignal,CH-01,13.875782209340342,13.990502942616592,10.00705305528894,10.04145603269357,14.967128184483933,10.227212370349198,16.243636705185565,10.25982716650931,0.015646762240062315,0.001516466207053751,1.2765085207016327,0.03261479616011265
C004283,B09,MixedSignal,CH-01,21.053121226515746,18.81222376448956,9.801010657625628,9.735734104365916,16.607783623703053,9.62825715230112,14.823882467680775,9.566189098475961,-0.02769681456117211,-0.0011773958742357957,-1.783901156022278,-0.06206805382515945
C004284,B09,MixedSignal,CH-01,15.424213037567164,15.757051292150264,9.800499371162209,9.80291707180435,16.84005309273977,9.777219811711426,19.120285424057204,9.954492675711615,0.02335579258268709,0.0010526083604671171,2.2802323313174355,0.17727286400018905
C004285,B09,MixedSignal,CH-01,12.5686474262724,12.736553878964074,10.690919628748146,10.748541727226732,13.787110567594288,10.82996962547441,15.569657851053014,11.032726811136683,0.01967433313950653,0.001973507527152443,1.782547283458726,0.2027571856622732
C004286,B09,MixedSignal,CH-01,13.79210528229825,14.14425630299132,9.065818300078115,9.028483223212008,15.274732816042617,9.234277238152428,17.3027252600225,9.205190343408178,0.02193381220160541,0.0012271327791400684,2.0279924439798815,-0.029086894744249747
C004287,B09,MixedSignal,CH-01,12.737000453978892,13.620899512882565,10.14751185435336,10.06789236536632,14.27919472605176,10.190692547019712,19.934015472178455,10.301192096199218,0.043841083050665905,0.001620137019672896,5.6548207461266955,0.11049954917950622
C004288,B09,MixedSignal,CH-01,14.302259931851804,14.427968790958264,9.790702966369382,9.834754408994597,15.289603611719052,10.072701566714588,16.627088932675868,10.09030106843854,0.015271667650816691,0.0017746295794718314,1.3374853209568158,0.01759950172395186
C004289,B09,MixedSignal,CH-01,14.30463006800982,14.53185084656129,9.646899858996294,9.633171323880344,15.771934259233545,9.825408455742892,17.25832766986204,9.76899737245847,0.018933866828477433,0.0009432364484592096,1.4863934106284962,-0.05641108328442179
C004290,B09,MixedSignal,CH-01,12.61406558922438,12.613772807828456,10.00443823769696,10.058975859011902,12.718225669365664,10.178745772312103,14.287180164033687,10.320845539686273,0.011620884418091885,0.0018185394491275764,1.5689544946680236,0.14209976737416952
C004291,B09,MixedSignal,CH-01,17.49682560407039,17.762028998466796,10.537400767527105,10.594054304968925,18.088278678701407,10.7844878650983,20.640656405436552,10.924319601672078,0.019990468103956636,0.00229350900488301,2.552377726735145,0.1398317365737789
C004292,B09,MixedSignal,CH-01,13.915898065391753,14.021413220145806,9.809194861195971,9.853120650187597,14.30436795056911,10.11320435438685,16.146301570117483,10.103042064067315,0.014756169097025533,0.0017355653741647121,1.8419336195483726,-0.010162290319534861
C004293,B09,MixedSignal,CH-01,13.653012941508054,14.03498324903252,9.536490673068894,9.633527256554013,13.533006391043298,9.800781846498964,17.593120994764025,10.086822473651,0.024709289900913232,0.0031478834520624176,4.060114603720727,0.2860406271520368
C004294,B09,MixedSignal,CH-01,13.173311864394758,13.301915335235718,10.618778045363356,10.629632753036136,22.805252689744783,10.819317683749135,15.901741175133957,10.764750461692607,0.018054346110404438,0.000938317421225496,-6.903511514610827,-0.05456722205652831
C004295,B09,MixedSignal,CH-01,14.917358033518743,14.909064493644903,9.871536079459444,9.988130552693384,15.136149106535074,10.264893853826234,16.21004422922901,10.467715633009625,0.009034581497111845,0.003330451946640562,1.0738951226939353,0.20282177918339173
C004296,B09,MixedSignal,CH-01,14.552581438438096,14.607166708062111,9.39022334900552,9.385918390220503,15.26105471480962,9.547751136366102,16.323889451336193,9.49834987854442,0.01192168571718112,0.0007807742244716476,1.0628347365265736,-0.04940125782168181
C004297,B09,MixedSignal,CH-01,13.36652419135961,13.576083655190596,10.01688276071115,10.054754007415609,14.83738088160983,10.15016423178234,16.420538173462337,10.29072620085703,0.01975315637688709,0.0016386957877876486,1.5831572918525065,0.14056196907469065
C004298,B09,MixedSignal,CH-01,14.759636473840304,14.82281645825881,10.3769249157426,10.410841013880404,15.118383584979382,10.624682352246444,16.796258498338243,10.62611550032737,0.013704458611662732,0.0014949617114372593,1.6778749133588615,0.0014331480809257613
C004299,B09,MixedSignal,CH-01,13.866923253167805,14.272575438769929,9.462059493709535,9.474379473280743,24.23240229678258,9.547280083576108,18.100145600479756,9.655836447319079,0.026580348345207134,0.0012601178752662163,-6.132256696302825,0.10855636374297006
C004300,B09,MixedSignal,CH-01,14.151809676965136,13.461498769337078,10.619557935436024,10.644735243441511,14.803748057171653,10.76131279999335,15.048265929539426,10.694287486040672,0.01101921639029408,0.00034411279582750404,0.24451787236777278,-0.06702531395267819
C004301,B09,MixedSignal,CH-01,14.1485889497724,14.446995022122902,9.084491481669032,9.096037165043686,15.37390221395164,9.210558970946922,17.533687691068305,9.267556428099251,0.0214353657565653,0.0011911059934414227,2.1597854771166656,0.05699745715232929
C004302,B09,MixedSignal,CH-01,13.782610305276462,13.84493471921176,10.111511762245744,10.127804727664222,14.1322628396105,10.324460423179984,15.865145090605067,10.280564952024882,0.014029238690231292,0.0010608348913934756,1.7328822509945674,-0.04389547115510162
C004303,B09,MixedSignal,CH-01,16.723009744709408,16.590301095666067,10.534308196596898,10.56665451082389,17.266068267053527,10.820230363457576,17.923061553668987,10.760205198946815,0.009255280958353608,0.0013441020008536518,0.6569932866154602,-0.06002516451076012
C004304,B09,MixedSignal,CH-01,16.30028774362674,16.59320994211135,9.40951227517449,9.40060218129035,16.7956322384508,9.480272238819436,19.48034904901531,9.556772680101252,0.02004957713127749,0.0010845173528534818,2.6847168105645096,0.07650044128181577
C004305,B09,MixedSignal,CH-01,14.643644484891636,15.41427536496537,9.59849231323624,9.745748392094454,15.953749716616125,9.868003707551743,21.025828923724973,10.412671226054258,0.038969121935830575,0.004631408569165305,5.072079207108848,0.5446675185025143
C004306,B09,MixedSignal,CH-01,14.55686747102394,,9.707238873414347,9.7476584022188,14.62469661610262,9.873714430064766,13.160004793665841,9.918124911557499,,0.001183795203740962,-1.4646918224367784,0.044410481492732856
C004307,B09,MixedSignal,CH-01,11.640214892694464,11.765559290943958,10.121411016154305,10.13553006762723,12.527885695625017,10.350940195513417,14.359213057220902,10.271964591731978,0.018011484488034333,0.0009474619729496419,1.8313273615958856,-0.07897560378143886
C004308,B09,MixedSignal,CH-01,13.83622882212648,13.926711125621074,9.843076852284437,9.852534774515886,14.910099191454936,10.105560537908056,16.046999563016715,9.988084580894064,0.014724225259691958,0.0009413180998484563,1.1369003715617794,-0.11747595701399227
C004309,B09,MixedSignal,CH-01,15.18891761436579,15.282095125642837,9.865578833977146,9.927690822445202,16.284825557112654,10.177352170146614,17.197129872208173,10.244306918743794,0.013298852406703723,0.0021987228909624446,0.9123043150955183,0.06695474859717976
C004310,B09,MixedSignal,CH-01,14.320930042608458,14.655706033000918,10.105464809355611,10.13651506915944,15.891031620659543,10.244917607122993,18.164347205429273,10.370813705748068,0.024365563697419133,0.0016270738651988051,2.2733155847697297,0.12589609862507523
C004311,B09,MixedSignal,CH-01,14.235813081102588,14.410218061123404,9.487534293046924,9.518318756868458,15.742878503036769,9.679756085389757,16.839705579938773,9.737578660891796,0.016871441102884507,0.0015226382223842859,1.096827076902004,0.05782257550203873
C004312,B09,MixedSignal,CH-01,14.0430950338643,14.106579254555516,10.263370207132317,10.292420312415324,14.876287102864604,10.458022559401748,16.12693704679216,10.487501670100098,0.014030262446087812,0.0013547316505887104,1.2506499439275576,0.029479110698350297
C004313,B09,MixedSignal,CH-01,14.608786020304665,14.77024432450335,9.667696690496888,9.680496862775112,15.627855645782892,9.835516296338612,17.17371844325231,9.841390484653221,0.01669079249131221,0.0011173168185979836,1.5458627974694163,0.00587418831460873
C004314,B09,MixedSignal,CH-01,13.493613657166229,13.7521347824785,9.92049819499852,9.897060729918202,14.678747254114624,10.073915434857442,16.735388674739152,10.034680033614105,0.020717040918476752,0.0009556896089993266,2.056641420624528,-0.03923540124333691
C004315,B09,MixedSignal,CH-01,13.271155927767545,14.446246928918542,10.115681014994578,10.278851418844766,20.993646799870127,11.116906458416326,22.673014343769893,11.022440844899032,0.05713032926980104,0.005163815458710179,1.6793675438997653,-0.09446561351729343
C004316,B09,MixedSignal,CH-01,13.234138992143988,14.8544634322639,10.38250651717932,10.57638894634564,25.25114174400281,11.649298742421214,25.68984686460419,11.462927932721788,0.07524571828014089,0.006156520738723254,0.4387051206013801,-0.18637080969942588
C004317,B09,MixedSignal,CH-01,13.966590241768284,14.168506087752828,10.107236361807685,10.143484502618476,15.003961295244704,10.334632559012324,16.93852151988864,10.377334763840722,0.019236218278720907,0.0016239601473767079,1.9345602246439348,0.04270220482839804
C004318,B09,MixedSignal,CH-01,14.00488900799341,14.236906709226412,10.358842286842572,10.414486831051274,15.115186168955772,10.4524766039979,17.212361993514246,10.71267989944274,0.020662883918665515,0.00207078519716296,2.097175824558475,0.2602032954448408
C004319,B09,MixedSignal,CH-01,13.079088988176268,13.198485202577404,10.095119232161936,10.145364492870169,13.984462831939886,10.41756592236152,15.549941823300223,10.408923511649599,0.016329559866130692,0.001830270963746044,1.5654789913603366,-0.0086424107119214
C004320,B09,MixedSignal,CH-01,14.429814503370954,14.602604280161463,10.279667961467933,10.293383366958617,15.550229765559877,10.499569344950876,17.24500425740251,10.453771502098258,0.018349999841951712,0.0011138064940252848,1.694774491842633,-0.04579784285261823
C004321,B09,MixedSignal,CH-01,13.213277226746111,13.507431010917363,9.490506725607815,9.574677361819951,13.123768944869449,9.628121347223807,16.615393772431446,9.973484208371156,0.021583074732736685,0.0027694919899389214,3.4916248275619974,0.3453628611473487
C004322,B09,MixedSignal,CH-01,15.631655000348834,15.931857816748472,9.285230855970267,9.29471016080013,17.2355429006154,9.363715844353912,18.941715228565812,9.469947630686633,0.02090178758206486,0.001216926874211821,1.7061723279504122,0.1062317863327209
C004323,B09,MixedSignal,CH-01,13.63235798972724,17.88758956676802,9.70705663115237,9.916280366357409,44.14902251188204,11.1513267414507,43.58823649571459,11.15263421369741,0.17847671478435118,0.008585790606527791,-0.560786016167448,0.0013074722467116828
C004324,B09,MixedSignal,CH-01,12.97439042889668,13.195985901548273,10.134534187842856,10.125881038283946,57.737165081249074,10.146840409914985,16.181859773189206,10.24282700966763,0.020735235219728705,0.0008121248012755834,-41.55530530805987,0.09598659975264567
C004325,B09,MixedSignal,CH-01,14.239333021926468,14.397191244177106,10.125242523921706,10.195873707537803,15.345916873655824,10.324598335233103,16.832328570303858,10.537953573322834,0.01691067587588022,0.0023755546235071615,1.4864116966480339,0.213355238089731
C004326,B09,MixedSignal,CH-01,14.906317666634308,15.86258262591746,9.554144816616663,9.75208270525433,22.1837681313972,10.854496935075062,22.395194517527216,10.607661473929786,0.04536536035840108,0.005941519226912896,0.21142638613001452,-0.24683546114527566
C004327,B09,MixedSignal,CH-01,14.23634942780138,15.60091442966667,9.914982679748675,10.06001989325542,15.932995799699972,10.289844715085076,24.778201283388242,10.777142729980161,0.06373115870639981,0.004980019699477367,8.84520548368827,0.4872980148950852
C004328,B09,MixedSignal,CH-01,13.644793085527755,13.703238472884616,9.72915167163157,9.81062346242823,14.183361478577892,10.040039297313694,15.487628753052618,10.176136441524205,0.012391599167833353,0.0025382845770553805,1.3042672744747268,0.13609714421051144
C004329,B09,MixedSignal,CH-01,13.375387495295069,15.77855065598128,9.840885320805834,9.924523920560762,29.15698798633986,10.828913894779836,31.130547446878214,10.547217162655574,0.10661108882567316,0.004324258625658415,1.973559460538354,-0.28169673212426183
C004330,B09,MixedSignal,CH-01,14.274196601100542,14.421648710043865,10.23292996789738,10.26139493539122,14.62624984805388,10.46091992800489,16.89604055713322,10.465672374186187,0.017183276715898293,0.0014185933249650537,2.2697907090793397,0.004752446181297998
C004331,B09,MixedSignal,CH-01,15.074030797187156,15.886522140470396,10.10336189081709,10.19272794990614,21.18639818532142,10.657685082397638,21.960956054950763,10.674219035236304,0.04218356885055811,0.003343688092570586,0.7745578696293443,0.016533952838665655
C004332,B09,MixedSignal,CH-01,14.138719246292096,14.267137016282568,10.008104862393257,10.094467741121662,14.795277512986877,10.318987508005172,16.48054406698147,10.484506235091438,0.015370882296520148,0.002708600652567888,1.6852665539945928,0.16551872708626547
C004333,B09,MixedSignal,CH-01,13.218729057846092,13.412742033182417,9.80577210076449,9.811279945014784,14.02880920493042,9.934569551284678,16.186294465588915,9.940763165392458,0.019260780780600686,0.0008991890304005132,2.157485260658495,0.0061936141077794105
C004334,B09,MixedSignal,CH-01,11.88096395799196,11.887643385083765,9.818028396284037,9.800937239478142,12.754498889737022,9.863523277322892,13.591131626013324,9.895935755442775,0.011829779450899715,0.0006597119164210636,0.836632736276302,0.03241247811988224
C004335,B09,MixedSignal,CH-01,14.615337430890266,14.713759342145606,10.765345713645427,10.747849126625328,15.00505046221919,10.931592750172769,16.932079908634805,10.863255728966537,0.01540500393395277,0.0008014347384806245,1.9270294464156148,-0.06833702120623109
C004336,B09,MixedSignal,CH-01,12.804028695419372,12.967870653318858,9.877113294563967,9.86183683222817,13.328743183330127,10.03492887022627,15.521357014491395,9.978340353611738,0.01773254417480928,0.0008090522318303403,2.1926138311612675,-0.056588516614532125
C004337,B09,MixedSignal,CH-01,14.070476377122688,14.123631166775583,9.511037573191464,9.569493435316907,15.34404154469646,9.752362160036926,15.820590015255666,9.864480278022297,0.011784436447778355,0.0020485197410096503,0.4765484705592069,0.11211811798537141
C004338,B09,MixedSignal,CH-01,14.46430585498648,14.606422779623069,9.4255000099709,9.463706206770585,15.629242916497288,9.784449269289592,16.796147841164856,9.705829641097218,0.015206424038484637,0.001681412738379394,1.166904924667568,-0.07861962819237434
C004339,B09,MixedSignal,CH-01,14.30276671408722,14.296328032800758,9.620430159438971,9.911405171021158,14.98519374842302,10.141550552109518,15.229180271218278,10.958021782389235,0.006478140544566104,0.0072681709122783085,0.24398652279525734,0.816471230279717
C004340,B09,MixedSignal,CH-01,13.34621532194956,13.566516757477515,9.850567945878211,9.906534100966432,13.66955412150994,10.133409563738224,16.395656682909767,10.203387148779676,0.019646805037723966,0.0020614794987030807,2.726102561399827,0.06997758504145146
C004341,B09,MixedSignal,CH-01,14.051026036288397,14.223926055857175,10.176016625081756,10.140284385483683,15.142696057496252,10.301352824497169,16.637151566609347,10.277717560844088,0.016758510491334526,0.0009543970511139236,1.494455509113095,-0.02363526365308033
C004342,B09,MixedSignal,CH-01,14.794059572738425,14.845990101340227,9.62061892796392,9.608319794979456,15.324978338223564,9.641155015320962,16.522620879587357,9.727584547778394,0.011643269293382849,0.0008282274499926196,1.197642541363793,0.08642953245743179
C004343,B09,MixedSignal,CH-01,16.376748267806324,16.331747436905626,10.042675214074915,10.04282560696458,17.08991903255853,10.301945277706007,17.719363302769565,10.147993234611725,0.0096362212907218,0.000730330747549616,0.6294442702110352,-0.15395204309428223
C004344,B09,MixedSignal,CH-01,13.639135465868964,13.558357850568964,9.82435828276638,9.849771418114129,14.40464381954081,10.015431127147508,15.138677032990254,10.01121379236324,0.010974438766814512,0.0011211275989521591,0.7340332134494432,-0.004217334784268445
C004345,B09,MixedSignal,CH-01,14.65634355825411,15.534275286846666,9.808860848598655,9.917122923080534,19.83271312064337,10.630082942786512,21.9045067166238,10.46651607285013,0.04423771826234121,0.003815230206733306,2.071793595980431,-0.16356686993638192
C004346,B09,MixedSignal,CH-01,12.2253700258748,12.64841626714315,10.540519994178943,10.674523910472876,16.738513565476133,11.500364883189274,16.82896581850592,11.2294342955737,0.029031594106685914,0.0038535443409779425,0.09045225302978821,-0.27093058761557387
C004347,B09,MixedSignal,CH-01,13.961574869353075,13.98512895082346,10.108713203515764,10.122888246859878,14.605196140440771,10.290458337941637,15.76837631289361,10.2659132844435,0.012383662236598258,0.0009932294276640368,1.1631801724528383,-0.024545053498137293
C004348,B09,MixedSignal,CH-01,15.03592454389366,14.631885998331592,9.502209101600192,9.66601763346122,15.59866393451104,9.754460214112736,15.493318139686313,10.234530906246352,0.005982167648296671,0.003948008838785643,-0.10534579482472672,0.48007069213361575
C004349,B09,MixedSignal,CH-01,14.926642913758906,15.160450792916206,9.587348352962838,9.647007620713136,16.292198615742176,9.897743638731727,17.833610503881797,9.971525481939219,0.018563609103927712,0.0022535962585144625,1.5414118881396206,0.0737818432074917
C004350,B09,MixedSignal,CH-01,14.321661978971653,14.55318722340081,10.18151965944809,10.237174836994928,15.578652855414065,10.33355194647312,17.44596265568768,10.539116686246832,0.020088718279769928,0.0020968183975826646,1.867309800273615,0.20556473977371148
C004351,B09,MixedSignal,CH-01,12.753471043891064,12.883033546293872,9.921259347091135,9.945561166662166,13.197646975907828,9.96817984551745,15.32401639737742,10.124955000334351,0.01695126979919131,0.001245790511612394,2.126369421469592,0.1567751548169003
C004352,B09,MixedSignal,CH-01,14.687937074612863,14.77238236631771,10.266020564663387,10.249582477620573,15.995587637478463,10.356519403720862,16.781850227952134,10.368417126509915,0.013954637928016829,0.0008252406172870966,0.7862625904736706,0.011897722789052878
C004354,B09,MixedSignal,CH-01,14.2813327585923,14.39327910805956,10.318563024807728,10.376719796777095,14.744308545850126,10.615009638222952,16.63626191435518,10.672277565562482,0.01557626948816404,0.00205248450545407,1.891953368505055,0.05726792733952912
C004355,B09,MixedSignal,CH-01,13.367182628423867,13.514866787008293,10.147155331757848,10.185720697658317,23.23310010010324,10.424871370064974,16.03667277074864,10.416375110321653,0.01751254155375242,0.001601766754606499,-7.196427329354599,-0.008496259743321133
C004356,B09,MixedSignal,CH-01,15.041848034976155,15.869587313974865,9.371323064686043,9.51370222823883,20.327345499276,10.54451759262259,21.703067347034086,10.177386453014057,0.0405102780073557,0.0046089182276057355,1.3757218477580864,-0.3671311396085333
C004357,B09,MixedSignal,CH-01,14.340485556798292,16.025528532056576,10.39581133662157,10.52826062412634,28.06960914345649,11.720298358111537,27.208725892274792,11.23502880070509,0.07766109277929317,0.004908112337352432,-0.8608832511816971,-0.48526955740644695
C004358,B09,MixedSignal,CH-01,13.161583762425286,13.24138063299686,9.55601146998937,9.562631394955908,14.50775487465464,9.658206603925429,15.29578062573682,9.68429389308073,0.01426666661624972,0.0008448784592001527,0.7880257510821789,0.026087289155301008
C004359,B09,MixedSignal,CH-01,14.542364410369403,14.734809384771443,9.766964987962272,9.80630848771592,28.56008425273238,9.988648400314265,17.29724978686486,10.055844730945145,0.01779472501453762,0.0017328905779807242,-11.26283446586752,0.06719633063088004
C004360,B09,MixedSignal,CH-01,14.294487148710411,14.656086758668936,9.108549163650917,9.129620107127256,15.126818055647476,9.380887869759054,18.076421976605218,9.34039445174282,0.023752327902335293,0.0014637107264969806,2.949603920957742,-0.04049341801623285
C004361,B09,MixedSignal,CH-01,13.55681804891258,13.850301122571176,10.006291356020077,10.004024853044582,14.388610191253951,10.019303209001444,17.208631029883833,10.129624123965383,0.023321735467449003,0.0008722171591722332,2.8200208386298815,0.11032091496393903
C004362,B09,MixedSignal,CH-01,12.99123862087289,13.14392400283256,9.804511676311176,9.88003270780198,14.050446367364064,9.981797446474214,15.567034969428144,10.230800953698443,0.01682715949024712,0.002435890596503213,1.5165886020640809,0.24900350722422893
C004363,B09,MixedSignal,CH-01,12.276331739528835,12.430067666062776,9.893982033823844,9.920095639327434,13.306528233990008,10.12943261665449,15.045764046052577,10.104501844560826,0.01816455819437362,0.001280598647454112,1.739235812062569,-0.0249307720936649
C004364,B09,MixedSignal,CH-01,13.0850735177771,13.084154291438558,10.27408343268553,10.285824661344044,13.935655073997454,10.422766483684908,14.860662306279632,10.410984301444671,0.012336861214174124,0.0008691641673654635,0.9250072322821783,-0.011782182240237304
C004365,B09,MixedSignal,CH-01,15.47661583008708,16.319944530543044,10.162292200951365,10.340258362338371,21.78015517573748,11.30630194640186,22.393803745126668,11.11410308100193,0.042179577879052944,0.005373921657385828,0.6136485693891878,-0.19219886539992892
C004366,B09,MixedSignal,CH-01,13.445850070169168,13.515496091824229,10.383050880707028,10.392302259785758,14.425211736909157,10.46717429289758,15.691650147895148,10.519183420025557,0.015112180944936937,0.0008811191683319391,1.266438410985991,0.05200912712797745
C004367,B09,MixedSignal,CH-01,15.015729152312243,15.2849437501379,,10.471973565114084,16.07844337415464,10.739684128876522,17.85055468600045,10.127392185587556,0.017816742610156595,-0.0023929262467119955,1.7721113118458085,-0.612291943288966
C004368,B09,MixedSignal,CH-01,14.419042628254322,14.475702967793854,9.668105252722176,9.765887234597654,14.617967633741037,9.87959572783702,16.126786066621,10.190591169519328,0.0114658548529663,0.00294933288140051,1.5088184328799645,0.31099544168230864
C004369,B09,MixedSignal,CH-01,12.930573926601545,13.061447904035886,9.601070113309396,9.622535098227724,14.3171529279236,9.8250539365715,15.414043736109173,9.796123832042687,0.016337471056064496,0.001205477318159466,1.0968908081855737,-0.02893010452881306
C004370,B09,MixedSignal,CH-01,13.944931737991228,14.032842133832968,10.097289060673836,10.131870168805872,15.060671580311798,10.313865813992876,16.149077279307363,10.347814813473537,0.014696077399127741,0.0014996155879698986,1.0884056989955653,0.03394899948066055
C004371,B09,MixedSignal,CH-01,14.069782480979006,,10.133031276953131,10.268676732388435,60.16629288629125,11.027310861211692,13.320539143373733,10.753004708406905,,0.003363388722350486,-46.84575374291752,-0.27430615280478676
C004372,B09,MixedSignal,CH-01,13.999043367905198,14.166874341337,10.0525660893691,10.085165793736175,14.895886893659462,10.246035965719583,16.72940204485066,10.30411006057684,0.01779533127440041,0.0015204462975046099,1.8335151511911967,0.05807409485725579
C004373,B09,MixedSignal,CH-01,14.617241303434744,14.74220543866285,9.601339239833043,9.626755649499165,15.734518964426334,9.705897381954628,16.892577948899653,9.82519830667167,0.01493314243220002,0.001378074008142395,1.1580589844733193,0.11930092471704157
C004374,B09,MixedSignal,CH-01,14.829921191741454,15.468550929568226,9.784849896950796,9.845264633467792,19.26548514080347,10.257569345472495,20.530649025468296,10.214521055505392,0.035153458999306046,0.0025642807085944413,1.265163884664826,-0.043048289967103415
C004375,B09,MixedSignal,CH-01,12.016428835577932,11.981475620498983,9.514814965739244,9.532159530897752,13.02028397493124,9.746138840807188,13.674916277620747,9.66552204912685,0.011760004563345583,0.0009261285988131732,0.6546323026895067,-0.0806167916803382
C004376,B09,MixedSignal,CH-01,14.703961756070369,14.860220342295191,10.436854997824014,10.457879687516217,15.639312414122598,10.669629058009589,17.410391664057364,10.641151786507306,0.01770952306779287,0.0012727229096603449,1.7710792499347665,-0.02847727150228252
C004377,B09,MixedSignal,CH-01,12.353912645580928,12.530924616331514,10.4961435427805,10.52843581505154,13.634474372329931,10.697944753262016,15.423289746451124,10.732050324940863,0.020085868959163953,0.0014139896520091917,1.7888153741211923,0.03410557167884676
C004378,B09,MixedSignal,CH-01,14.18514934117561,15.178522486498377,9.938336521564942,10.058744256324514,21.14501730171497,10.7616639561259,22.279385917671906,10.654685218388538,0.049311551605371734,0.004138478903222387,1.1343686159569373,-0.10697873773736255
C004379,B09,MixedSignal,CH-01,13.273038678466746,13.523111510279724,9.86794087231698,9.960704326388017,14.356669653246607,10.190990112873958,16.466789166149027,10.37948033734601,0.020442205943536827,0.0029081667427638402,2.11011951290242,0.18849022447205144
C004380,B09,MixedSignal,CH-01,15.047849728906764,14.97312126642232,10.580180823027376,10.640232326914203,16.03211469786329,10.8418243445965,16.529897244260614,10.919899312749518,0.010810944290543708,0.0019421318460785726,0.49778254639732467,0.07807496815301818
C004381,B09,MixedSignal,CH-01,12.430213422336212,12.682963879756793,10.11570060354057,10.114909191515718,14.076150849336482,10.27101536698108,15.954830620815667,10.225770189733328,0.022721296812908846,0.0007698680431778509,1.8786797714791845,-0.04524517724775201
C004382,B09,MixedSignal,CH-01,15.369323937206063,15.525130524215584,9.652851133308566,9.639252838326088,33.02899619648741,9.791580949328816,17.74219999010712,9.775064709606792,0.015396315735357899,0.0009431379950048822,-15.286796206380291,-0.01651623972202465
C004383,B09,MixedSignal,CH-01,14.164765992045314,14.374693058567326,10.292614060346455,10.279703568923928,15.317994847963108,10.45054346326198,17.187959121955544,10.405917757443447,0.019536569884640403,0.0008764874202744385,1.8699642739924354,-0.044625705818532424
C004384,B09,MixedSignal,CH-01,14.297215802383208,14.492234222032284,10.492382103276308,10.555712486590725,15.641956356415324,10.739613214909197,17.25164427554522,10.875770814387446,0.019162569816062062,0.002222627276366117,1.6096879191298967,0.13615759947824913
C004385,B09,MixedSignal,CH-01,14.711287432823193,15.463349410784735,9.831876158593902,9.99351078853687,18.943954687327658,10.994998699323071,21.010700005866134,10.702571897676552,0.038523268021398605,0.004924035480136683,2.0667453185384765,-0.2924268016465188
C004386,B09,MixedSignal,CH-01,15.367227047998949,15.60343919611346,9.838707681526408,9.88080499546173,16.312453538422442,10.108873930612338,18.352502396801846,10.14985575673573,0.019090716671447128,0.0018684080644027798,2.0400488583794036,0.040981826123392295
C004387,B09,MixedSignal,CH-01,14.900986303006546,15.15254166541187,10.19640031645101,10.242254317345015,15.707973864934475,10.406806648131475,18.125613491846547,10.519065374745061,0.020646332128018585,0.0019222990097225415,2.417639626912072,0.11225872661358594
C004388,B09,MixedSignal,CH-01,13.756860777843835,13.98525477080551,9.821573632505723,9.853684815265009,15.366666277115044,10.137107129714764,16.85855441317912,10.077311199069289,0.019953469738705636,0.0015529609986408349,1.4918881360640768,-0.059795930645474726
C004389,B09,MixedSignal,CH-01,12.37055480925325,12.427573481692576,10.077897824638534,10.153454441802186,13.434894126531802,10.354093215150808,14.436324128090904,10.487062860337172,0.013949657266655055,0.0023167251287151813,1.0014300015591022,0.132969645186364
C004390,B09,MixedSignal,CH-01,14.174689468727674,14.333898926602004,9.775396514790655,9.74475160215811,15.921007426830542,9.84397468048738,16.58751207211283,9.884401890371334,0.015650091288269625,0.0009697936681473859,0.6665046452822878,0.04042720988395487
C004391,B09,MixedSignal,CH-01,14.03400230846966,15.260382162479534,10.275796341359555,10.56310124638888,23.437892016536296,11.950572623689949,23.542325743540992,11.717364480687523,0.05751349709070457,0.008015716904851687,0.10443372700469666,-0.23320814300242532
C004392,B09,MixedSignal,CH-01,12.93196612006429,13.217701478999812,10.523762900022932,10.572313382157438,14.33695533625531,10.708694649656389,16.663696678659456,10.844014298901062,0.023930522219858634,0.0018868119218307235,2.326741342404146,0.1353196492446731
C004393,B09,MixedSignal,CH-01,14.319374828697272,14.593154640839016,10.155880858658003,10.184262332220811,15.90666939231039,10.430544513292658,17.76931356747655,10.402926045197972,0.022056659212760663,0.0015184980067858413,1.862644175166162,-0.027618468094685156
C004394,B09,MixedSignal,CH-01,14.267956673402644,14.600254509324447,9.91959288145125,9.930483806031404,15.61052773472723,10.153001216591049,18.08740417007298,10.099936741112959,0.02421631708853147,0.0011767564936219098,2.4768764353457495,-0.05306447547808979
C004395,B09,MixedSignal,CH-01,15.58639863799618,16.73997222003409,9.959244982585986,9.98937511357694,24.06995586228072,10.330426651263265,24.78370294815899,10.322548947892214,0.05585924116753402,0.002313707182744953,0.7137470858782677,-0.00787770337105087
C004396,B09,MixedSignal,CH-01,14.717914234127145,14.560622506270688,,10.063458146553309,14.903449999698754,10.162442946721326,15.580830895242638,9.823863408679685,0.007084780478971875,-0.00166385234634461,0.6773808955438838,-0.33857953804164076
C004397,B09,MixedSignal,CH-01,13.904186626153749,13.94150273482234,10.586413466967889,10.629093148085692,14.619462664166011,10.893906116217318,15.889053485083084,10.862016892549613,0.013524657987921832,0.0016175260032216749,1.269590820917072,-0.031889223667704414
C004398,B09,MixedSignal,CH-01,17.428351354138805,15.690377123504026,10.674717984721202,10.540232792095502,14.75683036312179,10.428549390267532,14.078907458542174,10.427097356377924,-0.011190761562235085,-0.0007856627480387316,-0.6779229045796153,-0.0014520338896080176
C004399,B09,MixedSignal,CH-01,15.047025158468704,15.22622853265847,10.07020992810468,10.116810915479329,15.751351216186048,10.20520383160446,17.733954958466363,10.390057380332216,0.01741476684588815,0.0018975448948117164,1.9826037422803147,0.18485354872775517
C004400,B09,MixedSignal,CH-01,14.203124706822862,14.263809314272898,9.77754965004555,9.825251772759175,15.577747482793438,10.026895486761168,16.087711248014703,10.084909834852716,0.012665985650984757,0.0018031809867607009,0.509963765221265,0.058014348091548484
C004401,B09,MixedSignal,CH-01,13.231159439960678,14.375582719706289,10.19621356752724,10.352654650526787,20.97965471622817,11.248653910495408,22.468077480725675,11.069776994724052,0.05619788028485685,0.004980016279147669,1.488422764497507,-0.17887691577135634
C004402,B09,MixedSignal,CH-01,13.912608285616608,14.16344087531974,10.04740621699061,10.10481317303897,15.182795414424357,10.30129841440451,17.166220779372143,10.412437712233498,0.020852638222586133,0.002136281522184221,1.9834253649477862,0.1111392978289878
C004403,B09,MixedSignal,CH-01,14.508432836588296,14.895862361732473,9.722204558162913,9.735690728705126,16.62048738546063,9.853268188313116,18.620472201641714,9.922573749850871,0.025865346110480844,0.00129779875795656,1.9999848161810831,0.06930556153775491
C004404,B09,MixedSignal,CH-01,15.28227750099524,16.159429559182332,9.9457187906647,9.977140293476314,21.68597627377805,10.391978006730744,22.643341832317216,10.281263127209936,0.04502716856343669,0.0021119641231501537,0.9573655585391663,-0.11071487952080794
C004405,B09,MixedSignal,CH-01,14.780700576161266,15.171012725155943,10.324908634417351,10.342766087780316,15.775835302443795,10.666809530763151,19.034263547872676,10.542857090834707,0.026828130713310645,0.0013895208545443819,3.258428245428881,-0.12395243992844485
C004406,B09,MixedSignal,CH-01,13.006244030484671,13.756608667010122,9.52195846135542,9.683391453187705,18.765389025427314,10.600591230913835,19.367294341147492,10.381484202179067,0.03896309495928729,0.004847866312440015,0.6019053157201775,-0.2191070287347685
C004407,B09,MixedSignal,CH-01,16.530491895092844,16.632621958305194,9.632218014008224,9.66248971894858,17.304546869036106,9.872760093515788,18.469764004566347,9.888206058811795,0.012757930876813563,0.0015674745823834385,1.1652171355302414,0.015445965296006392
C004408,B09,MixedSignal,CH-01,15.159081616535326,15.310689938579864,10.006614392470755,10.032150654135718,16.57425447000362,10.157053116630586,17.669937913769996,10.235447784248272,0.01638366649437591,0.001411785625781629,1.0956834437663758,0.07839466761768676
C004409,B09,MixedSignal,CH-01,15.717608527264677,15.872897197314192,9.918021703085186,9.929472929074295,17.22277119161758,10.041438733594305,18.202826063403798,10.092228616751235,0.016180061570066708,0.0011302478310898614,0.9800548717862192,0.05078988315693067
C004410,B09,MixedSignal,CH-01,13.057096215476273,13.219854308434304,10.109232669802488,10.166312128616603,13.772205234151825,10.466060248408809,15.815413980243708,10.456347910755566,0.018024719943120864,0.0020141373759650204,2.0432087460918833,-0.009712337653242642
C004411,B09,MixedSignal,CH-01,12.864783108893878,13.286362077300362,9.45956325005147,9.445795982129972,14.45026527975863,9.651004914224202,17.224780507963164,9.593305461947743,0.0273501279907139,0.0010243713876234078,2.7745152282045336,-0.05769945227645934
C004412,B09,MixedSignal,CH-01,16.627776107678205,15.02235737722942,10.070807361471424,9.939011676078024,13.712336853494444,9.762647221979403,13.818059873869947,9.86654846313383,-0.008363177106663011,-0.0005032167565569074,0.1057230203755033,0.10390124115442667
C004413,B09,MixedSignal,CH-01,15.371034480159068,15.578886885738816,10.17955685096259,10.208587213862078,16.071878128943833,10.346434151349,18.28041657436407,10.42993069057539,0.018760622837675385,0.0015371074771757748,2.2085384454202384,0.08349653922639
C004414,B09,MixedSignal,CH-01,13.886182168612873,13.906483347402402,10.692215717670743,10.751026210235956,14.149703465023888,10.949292845354972,15.762320859577539,11.032914729821535,0.01288776050121623,0.0019575591637887393,1.6126173945536504,0.08362188446656305
C004415,B09,MixedSignal,CH-01,15.319017319499135,15.57169766686236,9.573097402381064,9.589927802495938,16.978352161829832,9.842062643683176,18.398309408289663,9.77993285192364,0.019629248204356273,0.001319479509914598,1.4199572464598305,-0.0621297917595367
C004416,B09,MixedSignal,CH-01,14.915379286935671,15.186476273856924,10.296563167698386,10.324271349809814,16.030270521234304,10.493113270307935,18.32809526502756,10.544160526086777,0.021816798549796085,0.0015270081685900211,2.2978247437932566,0.05104725577884217
C004417,B09,MixedSignal,CH-01,15.749461052861813,15.948932121198157,10.313547752442688,10.350431597578236,16.806515105621344,10.636226387893768,18.58882368528519,10.598152273668024,0.018332580306159942,0.0017202824728457492,1.7823085796638445,-0.03807411422574347
C004418,B09,MixedSignal,CH-01,13.454838287678353,13.757256210998111,9.979079033357769,9.967793079961814,55.01713667997547,10.183011125390712,17.10301641343939,10.10027263612923,0.023234445850286667,0.0009199969178292787,-37.91412026653608,-0.08273848926148197
C004419,B09,MixedSignal,CH-01,12.80044541414598,12.887082925238907,10.56882348016394,10.591842373866616,13.996404811998136,10.810807859138247,15.248517540842247,10.7589744361133,0.016398851497245417,0.001160639321157533,1.2521127288441107,-0.05183342302494687
C004420,B09,MixedSignal,CH-01,15.26743962319517,20.0480270921594,10.427470185686094,10.644746366567116,49.9881080611386,11.75244179419498,48.7621636305651,11.976123011633726,0.19940372596115066,0.009245671146295906,-1.2259444305734988,0.22368121743874703
C004421,B09,MixedSignal,CH-01,13.646610873431166,15.986532475060642,9.94433737433132,10.267635230739806,28.4210686885178,11.772462517764728,30.529298567238385,11.662303125997408,0.10099143119567877,0.009685193717066677,2.1082298787205858,-0.11015939176732026
C004422,B09,MixedSignal,CH-01,20.61083194974066,20.89593015020649,10.559839188962794,10.639432138926123,21.247087805178705,11.017120095070362,23.56196929335666,11.068809803717444,0.01851416071632064,0.0029817893388286196,2.3148814881779565,0.051689708647082
C004423,B09,MixedSignal,CH-01,14.133597294009205,14.153202347720995,10.064681042114389,10.103822626008606,15.214182097289884,10.19588007056094,15.841809146611011,10.328670200799369,0.011726436103402885,0.0015614414916025208,0.6276270493211271,0.13279013023842978
C004424,B09,MixedSignal,CH-01,11.74406008947842,11.835552976444518,9.839146090882242,9.880412581620304,12.716050588369724,10.0630989873952,14.098720617892392,10.103792605217857,0.015716441954499123,0.0015512501638718953,1.382670029522668,0.040693617822656236
C004425,B09,MixedSignal,CH-01,15.167765784519815,15.233044750375583,10.626793355340748,10.637440029196275,15.15104857971546,10.742702636434569,17.28241230200699,10.779731850177296,0.014231719108551429,0.0009881376457015294,2.1313637222915283,0.03702921374272705
C004426,B09,MixedSignal,CH-01,14.575714518388928,14.771251716955652,9.987193197578735,10.037488753655875,15.725444275569858,10.134143324895748,17.38828008593101,10.321554136550066,0.018173808117884445,0.001972676270098549,1.6628358103611536,0.18741081165431872
C004427,B09,MixedSignal,CH-01,13.554170175493724,18.524895376625192,9.783394307978392,9.93944807042536,48.241884354469526,10.663807583091955,48.48895024553075,11.078088336229055,0.20808371436739972,0.00790722406808121,0.24706589106122578,0.4142807531370991
C004428,B09,MixedSignal,CH-01,14.638718559381193,14.846420921802377,10.053786443480227,10.065934270969596,15.801954084975105,10.22609825565078,17.61382934643327,10.227906033013578,0.019218114059936762,0.0011248039030832145,1.811875261458166,0.0018077773627993565
C004429,B09,MixedSignal,CH-01,13.485586387009011,14.5115693415099,10.076424613297876,10.205153109302458,21.43209284749346,11.042230966430823,21.90353735384582,10.823757690153275,0.05133311119677723,0.0042958651447973445,0.4714445063523591,-0.21847327627754787
C004430,B09,MixedSignal,CH-01,15.544100889778274,15.967206347151386,9.56327277993346,9.608423681161732,17.24251600212903,9.828829053643013,19.689455019335497,9.911546895688387,0.025848949112389663,0.0021050223231017734,2.446939017206468,0.08271784204537447
C004431,B09,MixedSignal,CH-01,12.884573920026195,12.772897555245269,10.052474684207247,10.03569568775836,12.936201728976272,10.188162508291834,14.440311290009806,10.113829739403679,0.01157926204697595,0.0005425975808702743,1.504109561033534,-0.07433276888815499
C004432,B09,MixedSignal,CH-01,13.97818330779671,14.115903204282487,10.0453739094297,10.082290579652517,14.557471516437555,10.265553108746865,16.49749458814349,10.311810438008521,0.016538829054590292,0.001593887905250033,1.9400230717059337,0.04625732926165682
C004433,B09,MixedSignal,CH-01,14.604177181880257,14.885836441539825,10.30052105106579,10.338241875252244,15.629034270958904,10.495708961143905,18.102551591076185,10.589148345631568,0.022338299649558063,0.001742406044300858,2.4735173201172813,0.09343938448766309
C004434,B09,MixedSignal,CH-01,13.003370566729815,13.191275979470923,9.668646740929692,9.693089459253782,14.295172921345983,9.880744844539628,15.877881413409995,9.882633751144088,0.01865698218013244,0.0013162798047937877,1.582708492064011,0.001888906604460061
C004435,B09,MixedSignal,CH-01,13.167968474874312,13.267242747959871,10.110593882092234,10.114478315629652,14.36036812873922,10.3895169519691,15.57995794208532,10.226582021829339,0.01606052218142673,0.0007784979597200456,1.2195898133461007,-0.16293493013976068
C004436,B09,MixedSignal,CH-01,15.210416748659473,15.20595329047,10.463527222104846,10.50533312667033,15.362577023096152,10.594843861658664,16.782353311702117,10.740930816715116,0.010947222369667485,0.0016360950697554585,1.4197762886059646,0.14608695505645208
C004437,B09,MixedSignal,CH-01,15.207596169916297,15.18444784636298,9.427863441865998,9.439506711712609,16.21402264574726,9.595998252507416,16.53069801826529,9.580442082321264,0.009348959527099378,0.000978717851448997,0.3166753725180307,-0.015556170186151519
C004438,B09,MixedSignal,CH-01,13.461431992596086,13.619499355987267,9.595108685599683,9.61443144079185,14.433772456410685,9.727170970910498,16.08097162179977,9.787994410873392,0.017093557401475706,0.0012052984033440338,1.6471991653890843,0.060823439962893744
C004439,B09,MixedSignal,CH-01,15.493534849674548,16.205963728011014,10.383778685932818,10.548981112526995,21.139098976185345,11.532994246445725,21.62220603243263,11.264274288581966,0.037612793780705665,0.004967313722603962,0.48310705624728456,-0.2687199578637589
C004440,B09,MixedSignal,CH-01,12.480684057348665,12.5394485276549,9.576115825670382,9.60203652903562,13.326444702589026,9.70898587400627,14.50271584304344,9.77926012233869,0.013633800801309307,0.0012307193979379763,1.1762711404544142,0.07027424833241902
C004441,B09,MixedSignal,CH-01,12.934090708415164,12.87380042851037,10.036873859833058,10.05729372885832,13.15797869422913,10.231592612172966,14.603873362940329,10.199714271456548,0.012014395377985827,0.0009890315458210225,1.4458946687111993,-0.0318783407164176
C004442,B09,MixedSignal,CH-01,15.194978003253755,16.61880599170179,9.200977965754085,9.472120525908952,29.05709307746527,11.260129077543064,25.513129622158516,10.628375520141358,0.06176613632261615,0.008029548571058372,-3.5439634553067556,-0.6317535574017068
C004443,B09,MixedSignal,CH-01,14.288700544895026,18.63048400491615,9.430033794849235,9.505565526907176,48.00099566281623,10.225698616674409,44.909643655872706,10.328147978616341,0.1824941642427539,0.005712378136869201,-3.0913520069435236,0.10244936194193244
C004444,B09,MixedSignal,CH-01,14.755353747030044,14.692239114154503,9.510651671768436,9.548597489174654,14.790714292405232,9.840869871912457,16.033449344424074,9.76450874728221,0.009313959932427575,0.0014993837368580338,1.2427350520188423,-0.07636112463024602
C004445,B09,MixedSignal,CH-01,14.675600791770847,14.664340467626497,10.454899487394933,10.515156641204438,15.50953961406835,10.784214316223144,16.256718568178076,10.805015204390527,0.011058181253830414,0.002012906688792282,0.7471789541097262,0.02080088816738268
C004446,B09,MixedSignal,CH-01,13.853092916116925,14.120809744803442,10.012076340517025,10.013331324927211,15.04730313016893,10.204608122265384,17.317981962583445,10.140834400901346,0.02220258484569447,0.000885438027598156,2.270678832414516,-0.06377372136403814
C004447,B09,MixedSignal,CH-01,15.417044168925893,15.425460408486469,10.548771100831184,10.584517125674893,16.295927909715314,10.774788519283744,17.06608142705165,10.803308797421964,0.011393201517813756,0.0015193866093546646,0.7701535173363361,0.028520278138220334
C004448,B09,MixedSignal,CH-01,15.327506624219543,15.430670489308064,10.148585049198672,10.140145245310558,16.046578628261578,10.246474618645696,17.51576100053139,10.261621175468008,0.014479795216828665,0.0008435828483156246,1.4691823722698132,0.015146556822312363
C004449,B09,MixedSignal,CH-01,12.72529543118335,12.86873460108025,9.648459664584925,9.639567580074374,13.766870033058977,9.75752044860346,15.301139282668487,9.750254695445909,0.016891699177696087,0.0007686605234134373,1.53426924960951,-0.007265753157550847
C004450,B09,MixedSignal,CH-01,13.65959220011381,13.648942586035554,10.33296141505615,10.311570725791231,14.844021481475115,10.43553415267138,15.249935193691998,10.414036167953524,0.011118004219836417,0.0007115655705714793,0.40591371221688277,-0.0214979847178558
C004451,B09,MixedSignal,CH-01,14.043310057093905,14.176081616284224,10.025837706400452,10.05117106659452,14.704903139887955,10.186617376131274,16.538555567115914,10.243281004493582,0.01640606910299785,0.001334096790965707,1.8336524272279586,0.056663628362308316
C004452,B09,MixedSignal,CH-01,12.300402953765753,12.4217775125043,10.138944226455775,10.212747191917249,12.54883251904451,10.499051290706904,14.82984805083121,10.546455124694283,0.016722712071714645,0.002317416199840519,2.2810155317867,0.047403833987379684
C004453,B09,MixedSignal,CH-01,14.293794461126769,14.983778378554938,8.98841676689634,9.124040683654126,19.21229159597232,9.85614963699376,19.99034154228235,9.74933540384022,0.03476779974810704,0.004342324445736765,0.7780499463100305,-0.1068142331535391
C004454,B09,MixedSignal,CH-01,13.307022405505764,13.3653400461853,10.08430397544149,10.111093764265831,14.148567286023278,10.194215581380416,15.38156727572709,10.29400932205879,0.01400157798292909,0.0012702469291177637,1.2329999897038117,0.09979374067837377
C004455,B09,MixedSignal,CH-01,14.840283885012765,15.545690893342243,9.912705544478175,9.95706773352988,16.202470500038785,10.167555471816549,21.056180157552845,10.280680523740886,0.03826728655701807,0.002247311043131978,4.8537096575140595,0.11312505192433697
C004456,B09,MixedSignal,CH-01,13.554818527411872,15.390253777735063,9.980714849860036,10.227035015619093,27.632643793620424,11.73924118631184,27.193582293244894,11.315906695108033,0.08196755913548494,0.007561608885339867,-0.43906150037553004,-0.42333449120380706
C004457,B09,MixedSignal,CH-01,13.287988555306336,14.089179008231284,9.762113747165694,9.818310676753953,13.964755735694895,9.78789517874018,20.247323957614235,10.178801876595609,0.04276489548182605,0.0025034111100114987,6.282568221919339,0.39090669785542786
C004458,B09,MixedSignal,CH-01,14.206325560304208,15.431309208817083,9.506605907370268,9.54678118063744,22.352527273280604,9.861619844056143,23.891844393180087,9.91123440280777,0.05875371655807641,0.0025309251539606206,1.5393171198994828,0.04961455875162635
C004459,B09,MixedSignal,CH-01,16.387644147834468,16.706745136340853,9.48043708043113,9.528182367044488,17.58853197329196,9.746457283224316,19.72271203005876,9.835292286367206,0.020944214539707677,0.0021327077730744306,2.134180056766798,0.08883500314288995
C004460,B09,MixedSignal,CH-01,15.758735882064736,15.77923397756232,9.735119085068426,9.7793091163776,16.246617343602168,9.898627723498592,17.221686552283824,10.034817708295808,0.01001703176889933,0.0017743652216542197,0.9750692086816564,0.1361899847972161
C004461,B09,MixedSignal,CH-01,14.676232016734376,14.915366821837496,10.576528569699246,10.572703428730732,15.971134085036065,10.724454184567188,17.985840178836707,10.698654526573403,0.02132273164582785,0.0008746604016852184,2.0147060938006423,-0.02579965799378492
C004462,B09,MixedSignal,CH-01,13.054416739466095,13.424396345783975,10.007128586298006,10.065727278957642,14.992660800505783,10.388830382982755,17.184217317569665,10.383715989467523,0.026109867859622844,0.002208254934096401,2.1915565170638818,-0.0051143935152317965
C004463,B09,MixedSignal,CH-01,14.227704241478063,14.449824992152804,10.180562548464748,10.193020246338644,15.763855788602877,10.37894140995196,17.371767998895457,10.353766147919597,0.020291270880157315,0.0011162909832010588,1.6079122102925805,-0.025175262032362866
C004464,B09,MixedSignal,CH-01,13.092893776214096,13.341614967616197,10.07193374693347,10.08996136772103,14.203318558675743,10.178442638831864,16.48847436414635,10.263500846818284,0.021853190253681612,0.0012051352715087098,2.2851558054706054,0.08505820798641928
C004465,B09,MixedSignal,CH-01,14.12933497880698,14.237012217833987,10.11179918953388,10.12883119209916,58.58214789879405,10.368615826283476,16.484276252175523,10.291486478135646,0.015606000238482885,0.0011295505974755976,-42.09787164661853,-0.0771293481478299
C004466,B09,MixedSignal,CH-01,13.78401067559709,15.781602238722355,9.678583417109918,9.829817466795136,27.43225673071133,10.73201288437094,28.564818091948112,10.634686874077314,0.08877233231406775,0.005589370883904012,1.1325613612367817,-0.0973260102936262
C004467,B09,MixedSignal,CH-01,13.645922467984454,13.627263454920254,10.094230031393511,10.140885572478314,14.256345415297176,10.291450863628334,15.242700532374887,10.380730246848536,0.011218313037879395,0.0016655880164598723,0.9863551170777107,0.08927938322020168
C004468,B09,MixedSignal,CH-01,13.342164269494848,13.701023992122712,9.61437558966205,9.67262174285551,14.77394280159899,9.894402932307662,17.258201778242157,9.993709201299483,0.024702623514718365,0.002229774016972034,2.484258976643167,0.09930626899182116
C004469,B09,MixedSignal,CH-01,13.181825549552675,13.306733788595723,9.984191411817593,9.995994593230082,13.612662337681297,10.173025606531214,15.71941824282428,10.137239208730934,0.016754753154364983,0.0009808653854225862,2.1067559051429843,-0.0357863978002797
C004470,B09,MixedSignal,CH-01,13.867213948671674,13.953167565549997,9.888341312069825,9.97792395277686,14.40412750372384,10.312306938454862,15.906600006479273,10.372892998503792,0.013565503062008865,0.0027428405953259117,1.5024725027554329,0.06058606004893008
C004471,B09,MixedSignal,CH-01,12.794913455402217,12.826466294222874,9.839734564160072,9.868745739706789,13.464182815703923,10.026468938262203,14.667267807217518,10.053761247495428,0.01278334384024059,0.0012848299151988856,1.2030849915135953,0.0272923092332249
C004472,B09,MixedSignal,CH-01,13.837574466279664,14.088213558106014,9.645507888663005,9.705471014517531,15.042399231727302,9.890574705560024,16.97901593607217,10.024029132570217,0.020075016513653857,0.002212209153143648,1.9366167043448677,0.13345442701019294
C004473,B09,MixedSignal,CH-01,15.239395339096776,15.27675856316004,9.534113777000329,9.524056572109377,17.35374539213536,9.556857483897486,16.822807343344035,9.643798507360003,0.010736449862388852,0.0008315412170182403,-0.5309380487913238,0.08694102346251675
C004474,B09,MixedSignal,CH-01,14.218183667817208,14.335044725532788,9.915129749790912,9.939168031516964,15.129023198480262,10.21853657342817,16.562482133883115,10.127327742131582,0.015468315335766166,0.0013066646570459614,1.4334589354028537,-0.09120883129658708
C004475,B09,MixedSignal,CH-01,12.848397299580212,13.139277673717102,10.089011474725966,10.15421060673512,14.77699638513509,10.384536966071972,16.474310846664736,10.482787929848389,0.023159952589914126,0.002281786966064366,1.6973144615296452,0.09825096377641707
C004476,B09,MixedSignal,CH-01,13.920275558531578,14.139071753469304,10.112887573091346,10.145196954048352,25.550144777496435,10.290771898597738,17.019129880734415,10.367766117214403,0.020000403661563266,0.0015456191886531344,-8.53101489676202,0.07699421861666522
C004477,B09,MixedSignal,CH-01,14.20038337867547,14.49285935909112,10.098569328044691,10.120767139051493,15.764653891655126,10.258884816222531,17.7837429016768,10.320930076677984,0.02285335793462277,0.0013900204001839641,2.0190890100216734,0.06204526045545222
C004478,B09,MixedSignal,CH-01,13.562904474136118,13.704923496941548,9.660400356265692,9.676702355567578,14.489597077341225,9.874481885574651,16.08737928242177,9.839068383502665,0.016544831843612662,0.0011275418606603305,1.5977822050805468,-0.0354135020719859
C004479,B09,MixedSignal,CH-01,13.094369761876717,13.460338458407673,10.07349741006202,10.070160797376264,14.657992808291056,10.185834310217864,17.29102369749021,10.20032049805441,0.026601980826962066,0.0009038868102649003,2.633030889199155,0.014486187836546094
C004480,B09,MixedSignal,CH-01,15.052119540540952,15.990020359830371,10.19552009262791,10.264847240643329,22.39768311840159,10.860797550779385,22.84823648204991,10.6944734897493,0.04762650084874679,0.0029835156187914607,0.4505533636483179,-0.16632406103008535
C004481,B09,MixedSignal,CH-01,12.877907010277932,13.731766819957134,9.701576403280605,9.8296070467339,20.122327748859853,10.51220090326238,20.079404493061865,10.426418210753464,0.04408081717433841,0.004144521972358089,-0.04292325579798728,-0.08578269250891601
C004482,B09,MixedSignal,CH-01,14.51484247567968,15.466193431767936,9.55584305994688,9.709738112665535,20.91713171265632,10.712036244530829,22.102077309285818,10.417657928468982,0.04608252692720752,0.004916109831968379,1.1849455966294968,-0.29437831606184695
C004483,B09,MixedSignal,CH-01,15.238920325214249,15.276533857871216,9.959340140157922,9.950319742318564,16.167155550791335,10.051322123314923,16.941048268528387,10.065747575307961,0.01155912785178591,0.0008015821735374789,0.773892717737052,0.014425451993037797
C004484,B09,MixedSignal,CH-01,14.84631975557914,15.853185012022418,9.610583060049583,9.765565021055286,22.945284168880352,10.552915362009418,22.78916499559564,10.485262027943136,0.048166527663702934,0.004997895881165627,-0.15611917328471137,-0.06765333406628216
C004485,B09,MixedSignal,CH-01,15.272759667069394,15.555571893703048,10.295265473079116,10.324263907482942,16.88760564685644,10.523557157648176,18.72745446859372,10.552348124984494,0.022026962325629666,0.00158391817709411,1.8398488217372808,0.028790967336318474
C004486,B09,MixedSignal,CH-01,13.465290607205157,13.826379338023802,9.581618930444794,9.70191385121054,15.4804930115196,10.103462013123858,17.249404472748303,10.226845169078977,0.023771007880031256,0.0036453563740863736,1.7689114612287025,0.1233831559551195
C004487,B09,MixedSignal,CH-01,12.432405255000443,12.41954362224083,10.257912000725538,10.285028468433373,13.485413865357536,10.497117219083504,14.23311082041422,10.4528655510133,0.012594216653981872,0.00116553529569394,0.7476969550566839,-0.04425166807020453
C004488,B09,MixedSignal,CH-01,13.745556973385083,13.872374874081512,9.521993721095065,9.544191567081953,15.315368449122344,9.592462590725532,16.101659002407263,9.726321458670252,0.015481139780039942,0.0012647909138076379,0.7862905532849194,0.13385886794472057
C004489,B09,MixedSignal,CH-01,14.671345452840388,14.874963815337033,9.922589823422303,9.983205956475686,15.500069236303426,10.166257712268909,17.492289860473676,10.3028287999553,0.01817587531344891,0.002219603079719542,1.9922206241702494,0.13657108768639148
C004490,B09,MixedSignal,CH-01,13.490471368854582,13.563483773437452,10.159950648278384,10.168283068028815,14.954222961984916,10.280572359972911,15.699171027346551,10.294064135378077,0.014831161485479853,0.0008734796343698756,0.7449480653616352,0.013491775405165995
C004491,B09,MixedSignal,CH-01,14.284761051597968,15.148996342073032,10.150038864300647,10.314312244401677,20.35005933018523,11.104025402804352,21.48614078030269,11.03630813882774,0.044007947487705965,0.005013860377958775,1.1360814501174623,-0.06771726397661126
C004492,B09,MixedSignal,CH-01,13.502933249043194,13.671778462086213,9.075339046034683,9.094885152243895,14.235736204160895,9.364765253122904,16.054080278590426,9.273771788931093,0.016543762614612594,0.0012422683103277604,1.8183440744295307,-0.09099346419181131
C004493,B09,MixedSignal,CH-01,11.503387996715809,11.770525940942196,10.31426360141275,10.310469822371696,12.58632462435051,10.267608572943114,15.24486255308055,10.416426909367068,0.024127337584294122,0.0007358131041345331,2.6585379287300395,0.14881833642395392
C004494,B09,MixedSignal,CH-01,12.792701206423716,12.747633787115683,9.771786535367124,9.805678668063909,13.624209976093454,9.95859524021901,14.394134059445065,9.995223912030418,0.01143402966895404,0.001316286416434097,0.7699240833516114,0.03662867181140861
C004495,B09,MixedSignal,CH-01,11.83561666232801,12.057994056111038,9.498836415302748,9.52577093131478,13.09362513827489,9.673922636922317,15.006676527430013,9.71919540461605,0.02047696160638177,0.0013432255090366002,1.9130513891551235,0.04527276769373323
C004496,B09,MixedSignal,CH-01,14.64952404555384,14.879463822671587,10.388492254742973,10.332450956907277,15.834235284831172,10.620892310261828,17.47241280268418,10.489207779067073,0.018006590138976333,0.0010885890427763606,1.6381775178530074,-0.13168453119475565
C004497,B09,MixedSignal,CH-01,14.12630170610786,14.11493630935384,10.066550293549271,10.120371149249676,15.32672737401904,10.315885169966236,15.663343694752333,10.388434469112843,0.01075282906526731,0.0018615508323831026,0.3366163207332935,0.07254929914660657
C004498,B09,MixedSignal,CH-01,13.006153069307953,13.334464915941256,10.41798560069148,10.41065615829003,14.787866846091603,10.62417190912406,17.015066895900613,10.536374699361522,0.025559735971939983,0.0008730454241075868,2.22720004980901,-0.08779720976253813
C004499,B09,MixedSignal,CH-01,13.48348991866304,13.558693700602456,9.553024927959596,9.562377537272033,13.977650415866467,9.609073629548003,15.549895139925908,9.694860255227328,0.013827787773079532,0.0009200188746895469,1.5722447240594413,0.08578662567932405
C004500,B09,MixedSignal,CH-01,11.183870633564531,11.6654640264105,9.957426017574427,9.978398603490977,12.752464083379932,10.144084845490454,16.31508940605702,10.171331667851033,0.03228906513643416,0.0013398129469448393,3.5626253226770874,0.027246822360579515
C004501,B10,Analog_IC,CH-01,7.921346893553322,7.885101852986311,6.7924434596212295,6.7762148467737,8.555818364492733,6.910475668715118,9.905868303081313,6.854740622299698,0.014033100347881959,0.0005453178855972087,1.3500499385885796,-0.055735046415420264
C004502,B10,Analog_IC,CH-01,7.816264242954259,7.973006008845309,6.824048341301406,6.880229926935911,8.987686290008458,7.165712895894256,10.718372759578166,7.138175071440772,0.019065046880089285,0.0017912857257282003,1.730686469569708,-0.02753782445348385
C004503,B10,Analog_IC,CH-01,8.44733150296754,8.560122219369495,6.568519604881702,6.596665108671233,9.34374746014615,6.783311943094683,11.026291391662356,6.759820184447711,0.017126174807589316,0.001133021359558876,1.6825439315162072,-0.02349175864697184
C004504,B10,Analog_IC,CH-01,14.452097497298713,14.284250847143886,6.553961680274229,6.549287328232997,14.668085015337324,6.905215229647291,15.54380219759047,6.628093176413319,0.008746884378101276,0.0005472628345855725,0.8757171822531458,-0.2771220532339713
C004505,B10,Analog_IC,CH-01,7.48970299021758,7.617065929359974,6.331974997089736,6.368117505479121,9.013557185124698,6.50045498883028,10.158809592383188,6.555458627275142,0.017650997659883427,0.0013009800124723697,1.1452524072584893,0.05500363844486156
C004506,B10,Analog_IC,CH-01,7.84269276205131,8.586841602900103,6.465549272030606,6.37847388787822,8.783340102599412,6.616427561774929,14.083014749744315,6.721639399581264,0.03816786907530703,0.002383093831271135,5.2996746471449026,0.10521183780633514
C004507,B10,Analog_IC,CH-01,8.399799789414669,8.642930239855284,6.558843921139302,6.602145705624978,10.063515417638705,6.7763314686574105,11.811506308842608,6.830626216606865,0.02200400047907864,0.0015866702151519948,1.7479908912039033,0.05429474794945488
C004508,B10,Analog_IC,CH-01,7.353470410426394,7.538632509736632,6.52121934193461,6.521064214104611,8.726333512044135,6.674653674848878,10.650508295592852,6.583674807047426,0.021610248512890413,0.0004347957843250989,1.9241747835487164,-0.0909788678014527
C004509,B10,Analog_IC,CH-01,8.185164532834149,8.584941413793866,6.72767923229247,6.660681708997553,9.12569096093724,6.792523602081043,12.290422294685715,6.90843176932402,0.025732506117304512,0.0017204865300449056,3.1647313337484757,0.11590816724297692
C004510,B10,Analog_IC,CH-01,9.403947962350257,9.591147631565086,6.68918475545968,6.715938921509435,10.708944173191144,6.865729099720768,12.439772570389309,6.88790353324905,0.01978211763072377,0.0011941986926362119,1.7308283971981648,0.0221744335282823
C004511,B10,Analog_IC,CH-01,8.96852826845135,9.037980511221445,6.826220380990951,6.816432639219099,9.580135954700625,7.02298560178087,11.294594293466242,6.901785229450526,0.015670929043366644,0.0005927263210515806,1.714458338765617,-0.12120037233034342
C004513,B10,Analog_IC,CH-01,7.464737535664203,7.736222987788422,6.275840364582116,6.322693893247575,8.738641711460591,6.532159419638563,11.067042502509175,6.561369178270673,0.023130691074449667,0.0016574672571048486,2.3284007910485833,0.02920975863210984
C004514,B10,Analog_IC,CH-01,8.165400003484443,8.347911413083642,6.3461204080463,6.364722219572959,8.877116223173891,6.494887668119651,11.233076991177532,6.5001937683888205,0.020035872070096456,0.0009407746445545909,2.3559607680036407,0.005306100269169889
C004515,B10,Analog_IC,CH-01,7.852268627712377,7.909508096731845,6.748215954115154,6.778135120875375,26.37564150945732,6.913153409215814,10.149355168801163,6.936292015882666,0.01555449355603693,0.0010983117708839615,-16.22628634065616,0.02313860666685219
C004516,B10,Analog_IC,CH-01,8.174102678217718,8.751343467234788,6.78627170768251,6.889630700180728,13.116430350161345,7.371556050792184,13.732242272144235,7.3547832424884625,0.034589575034093385,0.0032302259882481562,0.6158119219828908,-0.0167728083037213
C004517,B10,Analog_IC,CH-01,7.958955237614176,8.027078019363751,6.337823102681233,6.398046120244406,8.763464890868594,6.554860533043581,10.063000251071934,6.669039614839638,0.014138348831306824,0.0018818992680224393,1.2995353602033397,0.11417908179605618
C004518,B10,Analog_IC,CH-01,7.942240263902487,8.075730597760325,6.858970544854987,6.894798853361562,9.335656845778692,7.104135946865759,10.764495564576904,7.080321686816093,0.018671978936226248,0.0012883530101009152,1.4288387187982128,-0.023814260049666025
C004519,B10,Analog_IC,CH-01,6.789587886114551,7.215974505733059,6.713763983356076,6.574320957840969,8.48238657091137,6.629861166631136,10.539857377446253,6.985268294729588,0.023082519942452737,0.0028538009506154064,2.0574708065348837,0.3554071280984523
C004520,B10,Analog_IC,CH-01,8.528333564310802,8.513121654731362,6.713619362018948,6.784008102131183,9.156837325971855,6.97648995972048,10.222064087035086,7.0805533548042545,0.011867655779886972,0.002059342032451888,1.065226761063231,0.1040633950837746
C004521,B10,Analog_IC,CH-01,8.21128764844768,8.356077172191158,6.769059694122683,6.797203185309956,9.215191218699616,6.952390468952215,11.090580597412064,6.959858823665005,0.01898960711958962,0.0011295530441322835,1.8753893787124483,0.00746835471279006
C004522,B10,Analog_IC,CH-01,7.551220337160879,7.478362973649798,6.704687404440633,6.721561148339871,7.433234261760722,6.89703114660826,9.773596206064804,6.8106574852750175,0.015939119669548654,0.0006187245620496254,2.3403619443040817,-0.08637366133324242
C004523,B10,Analog_IC,CH-01,9.207834829597733,9.088427762979268,6.778754757015764,6.842158134572917,20.12619181054456,6.996775325122629,11.048652483022135,7.09688624532332,0.01361267166696435,0.0017689452135444693,-9.077539327522427,0.10011092020069157
C004524,B10,Analog_IC,CH-01,8.221600826518143,8.433147919218658,6.4528991959294055,6.439197698659307,9.129166913166337,6.522846776494198,11.461942744415662,6.546966550443905,0.021033297397201414,0.0007483948040597056,2.332775831249325,0.02411977394970677
C004525,B10,Analog_IC,CH-01,7.533580913781374,7.5033893353621295,6.554944731970266,6.569403781781899,23.76283336492892,6.672839392963765,9.581909912008104,6.6604447963751845,0.014434170671152602,0.0006322292680089264,-14.180923452920815,-0.012394596588580775
C004526,B10,Analog_IC,CH-01,8.354011097242532,8.306756991702363,6.892307189048076,6.893064611322073,9.75824269940437,7.071345651948694,10.48369063647214,6.9367977401075,0.015117594755345675,0.0003037022832321336,0.72544793706777,-0.13454791184119408
C004527,B10,Analog_IC,CH-01,8.788266893544364,8.949407908269361,6.56610649842973,6.6048829527797945,10.065937705101966,6.838997364809927,11.619075312950546,6.812735696450078,0.018539356976952675,0.0014434218310436355,1.55313760784858,-0.02626166835984911
C004528,B10,Analog_IC,CH-01,7.301424313264633,7.259657328813185,6.642556734730604,6.659630614676318,8.290187015548232,6.755673439040922,9.437017920153346,6.754866990108555,0.015120559662084452,0.0006613637182794249,1.146830904605114,-0.000806448932366699
C004530,B10,Analog_IC,CH-01,9.18125042931376,9.205465374996018,6.289567145285705,6.295166370834264,9.356757215349631,6.462251605863021,11.107768262841821,6.377582964948422,0.013210436721151408,0.0005723374591260982,1.7510110474921898,-0.08466864091459936
C004531,B10,Analog_IC,CH-01,8.111612143396151,8.485356389907166,6.639860304693386,6.703190122406502,9.881662634544774,6.843779983465909,12.392094974102914,7.0108482654400754,0.02713012905691492,0.002136514882177593,2.5104323395581396,0.16706828197416623
C004532,B10,Analog_IC,CH-01,9.295132699979966,9.238254543727129,6.267842457567959,6.292488961730808,9.629822504000437,6.378040756046755,11.038034190971892,6.429511810749367,0.01249846977253308,0.0009515475626288788,1.4082116869714554,0.051471054702611596
C004533,B10,Analog_IC,CH-01,9.182005311078091,9.619188154709729,6.250967441847426,6.281143573834007,10.756877112178191,6.42163099421156,13.813124799421278,6.49145755455115,0.02912456003271909,0.0014605137549801614,3.0562476872430864,0.06982656033959067
C004534,B10,Analog_IC,CH-01,7.395819776354994,12.8942777082387,6.38450098143412,6.472534036884375,44.731106462006906,6.982292373447679,47.05614537014599,7.320956293868414,0.23723519209657842,0.005891821229055825,2.325038908139085,0.3386639204207347
C004535,B10,Analog_IC,CH-01,8.661713622848254,9.684507332924737,6.963788537102674,7.154822347481646,16.424868665604325,8.089641387968413,16.94443564396651,7.968677214573681,0.050416168826678986,0.005651769910361352,0.5195669783621852,-0.1209641733947322
C004536,B10,Analog_IC,CH-01,8.387595580924048,8.634097117760554,6.549396165660401,6.567056823252702,9.838511872609567,6.787345333207747,11.93329543170606,6.705573210135176,0.02291109940239935,0.000961919353350518,2.094783559096493,-0.08177212307257076
C004537,B10,Analog_IC,CH-01,9.17111593996666,9.40507362301973,6.307980622091442,6.343642306289306,9.748539717588857,6.509763545615985,12.401006488016336,6.553069418755294,0.020805089340254206,0.0014543549476804746,2.6524667704274787,0.04330587313930945
C004538,B10,Analog_IC,CH-01,7.172125037180699,7.173629937118002,6.403048138321007,6.479224082790229,16.114985085688254,6.583710590447099,8.838396943063717,6.793991158041995,0.011560881985734135,0.002185882467026149,-7.2765881426245365,0.21028056759489555
C004539,B10,Analog_IC,CH-01,7.240983072562352,8.440314877297569,5.695752304858443,5.768250713912157,8.993371563440794,6.050789435246049,16.976753422205174,6.187078333125865,0.05928082322852504,0.002908525133428529,7.98338185876438,0.13628889787981624
C004540,B10,Analog_IC,CH-01,8.136016050905988,7.921555525040927,6.726221735215208,6.760960819993227,8.548488365929591,7.024147721430846,10.566676009118922,6.886396031100653,0.01836889225054163,0.0008710778549126817,2.0181876431893304,-0.13775169033019274
C004541,B10,Analog_IC,CH-01,6.979791081308026,7.209297848755996,6.715307832096753,6.792846780290392,8.711443176947595,7.173910018591385,10.34834232205905,7.126259841234507,0.02179891995349343,0.0023153684787785753,1.636899145111455,-0.0476501773568776
C004542,B10,Analog_IC,CH-01,9.128154164134743,9.251986914058817,6.120210590753867,6.112053083650431,10.06130326988747,6.280306934349038,11.643142354765637,6.208221043568095,0.016605246116019583,0.0006678330549837771,1.5818390848781672,-0.07208589078094274
C004543,B10,Analog_IC,CH-01,7.871990101222019,8.123825616396227,6.460965866247498,6.469048648641489,9.91255750304468,6.607099415641858,11.52662279859702,6.570498449725392,0.023630535987505506,0.0007045125075271034,1.61406529555234,-0.03660096591646589
C004544,B10,Analog_IC,CH-01,8.129859409865743,8.467393866326846,6.185027918609453,6.180585709994651,9.413730306834957,6.359663943455302,12.270162232651339,6.2775320355199575,0.0264081136550312,0.0006732383717035156,2.8564319258163824,-0.0821319079353442
C004545,B10,Analog_IC,CH-01,8.884173076268327,9.004464924231668,6.547644169114089,6.5555187904121945,10.213973807549731,6.684989386713792,11.555091754057939,6.651575470784154,0.017712686318237993,0.0006670602803608304,1.3411179465082075,-0.03341391592963827
C004546,B10,Analog_IC,CH-01,8.084993210031149,8.471650323707763,6.632420831616785,6.632512468093579,8.987622834550214,6.737808309330478,12.72628275561259,6.719223212560807,0.029546058554894634,0.0006021579476890797,3.7386599210623768,-0.01858509676967124
C004547,B10,Analog_IC,CH-01,8.551520275839303,8.587424021927806,6.29669557020991,6.308935097431083,9.668542042591994,6.434501162590596,10.588407750886608,6.411380164002615,0.013895720339991683,0.0007114240734134211,0.9198657082946138,-0.02312099858798078
C004548,B10,Analog_IC,CH-01,7.716856315873079,7.8309817046026415,6.313902004604875,6.388287578942848,8.103556957557924,6.503142773597129,10.088333105929705,6.712220734315588,0.015676051398104605,0.002249535801199582,1.9847761483717807,0.2090779607184592
C004549,B10,Analog_IC,CH-01,8.551657568321748,8.70760913313801,6.686672974619797,6.726244508927758,8.890404515385598,6.876672781259293,11.402461162319218,6.933363875887544,0.018714250202647276,0.0014383289372207342,2.5120566469336207,0.05669109462825084
C004550,B10,Analog_IC,CH-01,8.276216797198325,8.41520133574781,6.529779326071019,6.557841422848657,9.93174096372544,6.755328886775173,11.041642009406736,6.722146311416475,0.018239171344853658,0.0011410061706098472,1.1099010456812959,-0.03318257535869762
C004551,B10,Analog_IC,CH-01,8.005411375797962,8.197351489378391,6.036837406244211,6.023425604525445,9.065275653071032,6.208883376007118,11.02413378089901,6.133736303663932,0.019630432580004298,0.0007660465217950471,1.9588581278279786,-0.07514707234318596
C004552,B10,Analog_IC,CH-01,8.55725547045398,8.825328529217128,7.108883917295164,6.704865419361557,9.928423682791788,6.881546707279141,8.733725633154913,7.634778770347541,-0.0006361312226542681,0.006457731604069335,-1.1946980496368749,0.7532320630684
C004553,B10,Analog_IC,CH-01,7.840196533252549,7.900236537225913,6.582981857227717,6.599523732116735,7.970278249919877,6.70466443997982,10.168776367402561,6.712192521581446,0.015753748820671168,0.0007824221490604972,2.198498117482684,0.007528081601626546
C004554,B10,Analog_IC,CH-01,8.730624477967304,9.680969857705144,6.422867188064705,6.63117267941288,14.539265306188623,7.720447240789936,16.179095042329738,7.514978547990399,0.04512586933767079,0.006137540754010549,1.639829736141115,-0.2054686927995366
C004556,B10,Analog_IC,CH-01,8.23606245692294,8.654995156409829,6.346055777111038,6.379538998107992,12.116824200859313,6.706127910416077,12.856637942989185,6.590451800609079,0.029178074906801084,0.0014646722395908844,0.739813742129872,-0.11567610980699783
C004557,B10,Analog_IC,CH-01,8.667401511280053,8.95832689662768,6.764539831554897,6.753457270788841,9.670841068784467,6.971240696216886,12.516011039002532,6.861434937082687,0.024706139877603134,0.000749844904818374,2.8451699702180644,-0.10980575913419877
C004558,B10,Analog_IC,CH-01,8.425223462264187,13.361298095856194,6.135607072677076,6.335946682631519,44.16433817424567,7.514838059213748,43.23506793381316,7.573021448029495,0.2074567349858123,0.008590796981930389,-0.9292702404325084,0.05818338881574725
C004559,B10,Analog_IC,CH-01,7.8810791299576355,8.058089498291498,6.3532659274855074,6.395502300550462,60.77800093065115,6.478489935355838,10.832390924832204,6.611908537933589,0.019265982128754904,0.001502821092938379,-49.94561000581895,0.13341860257775107
C004560,B10,Analog_IC,CH-01,7.95441215303218,8.182658639314798,6.343468246837325,6.387179447342764,9.196955091608746,6.583150263495466,11.242115354532203,6.614234006225672,0.021246227189009752,0.0015767677700201932,2.0451602629234564,0.031083742730205977
C004561,B10,Analog_IC,CH-01,8.867323623613661,8.987112188095722,6.104581850290561,6.116671535934764,10.247887471462912,6.289259605824825,11.399602307052664,6.230232432852404,0.016753403603867654,0.000788617339705829,1.1517148355897522,-0.05902717297242166
C004562,B10,Analog_IC,CH-01,7.518714961410266,8.148797826289716,6.685526278897228,6.876790853314791,12.467899501251209,7.894132986801881,13.111700937413197,7.649742637867749,0.034464604938357506,0.005367720726062206,0.6438014361619881,-0.24439034893413236
C004563,B10,Analog_IC,CH-01,8.142272706834833,8.280804342032924,6.270398980442364,6.287507572681258,9.379265859717584,6.540262175886961,10.895321479413713,6.413943585052698,0.01815636900958881,0.0008780278636905546,1.5160556196961288,-0.12631859083426367
C004564,B10,Analog_IC,CH-01,8.757900044143796,9.07969121299884,6.686302135031164,6.723470021138366,9.524140024396637,6.972441579382422,12.737672479975245,6.939668648770294,0.025402647687336147,0.0015013793585550563,3.2135324555786084,-0.03277293061212827
C004565,B10,Analog_IC,CH-01,8.44934919691192,8.277918802786331,6.792607032255316,6.700389546525158,9.507065603745655,6.980978977378133,9.962185609762123,6.9314322365422925,0.011696297270665222,0.0016044631251189896,0.4551200060164682,-0.049546740835840986
C004566,B10,Analog_IC,CH-01,7.903115652261066,7.691790219431796,6.73962803177202,6.79646125186466,8.692929556081266,6.811024915956285,10.316430540296636,6.997507088870044,0.018226668894894722,0.0013961516458707271,1.6235009842153705,0.18648217291375957
C004567,B10,Analog_IC,CH-01,7.710627438608931,7.692800468926996,6.69593070340911,6.74832161712535,20.02040291313847,6.933973210751095,9.573418600833758,6.9754017963435615,0.013059848138241403,0.0015769456890153595,-10.44698431230471,0.04142858559246676
C004568,B10,Analog_IC,CH-01,8.14267029822661,8.190026053931632,7.100102379284462,7.147834716896205,8.49555146969775,7.280441899166087,10.375598869205856,7.3659822461687865,0.015177588994959888,0.0015149133977262598,1.880047399508106,0.08554034700269941
C004569,B10,Analog_IC,CH-01,9.398032385468522,9.500669213521686,6.769742808447701,6.795572280079002,10.759976995412284,6.79338309745674,11.881763348954138,6.955322519795529,0.01653537594050314,0.0011093766646981067,1.1217863535418537,0.1619394223387891
C004570,B10,Analog_IC,CH-01,8.966249515506655,8.289820532620547,6.246393481083714,6.476019068820018,8.66455863651363,6.466760787106089,10.926627157493959,7.210827792920664,0.01831115711717647,0.005102838361810043,2.2620685209803284,0.7440670058145757
C004571,B10,Analog_IC,CH-01,8.435401822487503,8.550273059978316,6.253198701927158,6.265709375855094,9.503500689654906,6.409367466349829,11.013776467456305,6.375985317968551,0.017107662551930476,0.0007658051535656747,1.5102757778013984,-0.03338214838127751
C004572,B10,Analog_IC,CH-01,9.22680082652217,9.440179507732948,6.344356567553499,6.384408692135982,10.07661842092862,6.530728159400651,12.300492575058893,6.60750825812338,0.01986328518976351,0.0015493025415791511,2.2238741541302733,0.07678009872272895
C004573,B10,Analog_IC,CH-01,8.265841196820212,8.349710706083107,6.336684324659122,6.399248285285248,9.240743861721842,6.680535660119514,10.4376710942926,6.682365252586463,0.014499724918121484,0.001966090050702881,1.1969272325707578,0.001829592466949137
C004574,B10,Analog_IC,CH-01,8.910920480005942,9.302983596777532,6.308904664078766,6.303618311539274,10.58240270734471,6.540812231991091,13.36634809234945,6.41384870604566,0.028217808997027208,0.0007654888507387936,2.78394538500474,-0.12696352594543114
C004575,B10,Analog_IC,CH-01,8.772315727700887,9.797015546189096,6.419720512119641,6.519132634063674,16.907943086277353,7.101289287524941,17.218381269446645,7.025432355569494,0.05153726196706632,0.00351597028823486,0.3104381831692926,-0.07585693195544696
C004576,B10,Analog_IC,CH-01,8.803100656858565,9.012313558810702,6.48239118184217,6.459011110261778,10.480809289509049,6.560796195005269,11.881654922141555,6.59577190684735,0.019925981689797596,0.0009497277540664749,1.4008456326325067,0.03497571184208148
C004577,B10,Analog_IC,CH-01,8.29738294483501,8.381554638953059,6.5882288394039135,6.618874659267548,9.404668832727827,6.708871337719284,10.688623604564006,6.786811070951262,0.01602131226118713,0.0011662250811369018,1.2839547718361786,0.077939733231978
C004578,B10,Analog_IC,CH-01,7.132689946450628,8.61257741049883,6.228085184517297,6.464523481677999,15.986307022324937,8.205420124873825,18.238278173403494,7.482070038211537,0.06684514418683794,0.007066295531482907,2.251971151078557,-0.723350086662288
C004579,B10,Analog_IC,CH-01,9.188560548520703,9.113947805795227,6.644650901839133,6.639529408547486,9.479028351961109,6.800234599982155,11.13804216929738,6.695095189404029,0.014056210857653838,0.0003858734781704349,1.6590138173362714,-0.10513941057812648
C004580,B10,Analog_IC,CH-01,7.487570206379621,8.461092746540373,6.39205767250458,6.412550378946531,9.245094103057124,6.751054983019944,16.103410323651257,6.619711240995489,0.053071649841047806,0.0014386170975622115,6.8583162205941335,-0.13134374202445454
C004581,B10,Analog_IC,CH-01,8.510001524964009,8.636227568000603,6.601464412979389,6.626069231205113,9.072195753714812,6.686161805659214,11.199941343730991,6.778266230691621,0.017803567887016584,0.001056923607545193,2.127745590016179,0.09210442503240657
C004582,B10,Analog_IC,CH-01,8.95072881203776,9.106684553514896,6.783006969492055,6.789072907270808,10.37871350716897,6.982999486426518,11.928830507176201,6.881415478124494,0.01959823578931462,0.0006412678531506005,1.5501170000072317,-0.10158400830202385
C004583,B10,Analog_IC,CH-01,15.532504091055516,15.33892221786743,6.171986452358624,6.3102795311114495,16.558239595687713,6.5998052699709095,15.698580311719272,6.876848931909542,0.002497625651748911,0.003934509727764534,-0.8596592839684405,0.2770436619386327
C004584,B10,Analog_IC,CH-01,8.737945179435691,9.1058925942709,6.437186889266063,6.455134299498437,10.233557454851892,6.572222233403307,13.050302932031697,6.609976724872475,0.0273917384566722,0.0010752946206530395,2.816745477179804,0.037754491469167206
C004585,B10,Analog_IC,CH-01,8.061234187193683,9.416701514823666,6.650218974650106,6.831042236766616,16.156971349226946,7.9680223623043105,18.619299917547288,7.641209305361633,0.06390693335224737,0.005626160198576504,2.4623285683203413,-0.3268130569426777
C004586,B10,Analog_IC,CH-01,7.7615383321393745,9.028933109803246,6.387987009750626,6.470429910905883,16.183387495657712,7.018987508819339,18.085614037894395,6.9272073554595455,0.06289361755618854,0.003172065587178209,1.9022265422366829,-0.09178015335979328
C004587,B10,Analog_IC,CH-01,12.38021145611698,10.967712828080078,6.459149775340985,6.319164901044354,9.28970219561082,6.256633321315274,11.877391352301773,6.4997290510837,0.0063172119737617705,0.001253917708606574,2.587689156690953,0.24309572976842642
C004588,B10,Analog_IC,CH-01,7.66023983340394,7.838315581687777,6.355214353323062,6.407783069333438,8.786274660593739,6.555767772859844,10.594203084390443,6.659094561344059,0.019138107657657406,0.0017452186945182012,1.8079284237967048,0.10332678848421484
C004589,B10,Analog_IC,CH-01,8.397207836746182,8.368986174250407,6.874503833972708,6.919008171071838,9.32345946443463,7.08452253624913,10.293702153642924,7.119572358397302,0.013366083190225808,0.0013928068564268302,0.9702426892082947,0.03504982214817165
C004590,B10,Analog_IC,CH-01,7.232998903522058,7.272267572474738,6.457072085004707,6.468167177082087,8.122250914404148,6.545290753657098,9.46615977247777,6.556017024614248,0.015235362500021055,0.0006100683856400083,1.3439088580736218,0.010726270957150064
C004591,B10,Analog_IC,CH-01,7.803934047284598,7.776112578620459,6.324555012685021,6.377405834685085,8.26979039919725,6.469834742400485,9.568716794892412,6.608853722119593,0.012448640390777452,0.0016072769960729742,1.2989263956951618,0.1390189797191086
C004592,B10,Analog_IC,CH-01,8.426789028106455,8.543684229362647,6.376426984492864,6.40122888173039,9.156729026651863,6.53071862715661,10.996556587437503,6.554378290202969,0.017033835819964278,0.0010635375588373562,1.8398275607856398,0.02365966304635947
C004593,B10,Analog_IC,CH-01,7.837836752314914,8.116885724391242,6.7003057874596506,6.711990448798775,8.681181361672127,6.768870054564075,11.731359876485776,6.826866213237291,0.02510051494510093,0.0007977483641563587,3.0501785148136484,0.05799615867321606
C004594,B10,Analog_IC,CH-01,8.505005650063874,8.885193732656653,6.810652559348313,6.818858981125556,10.271758151371944,7.054352816608007,13.068007388481417,6.93620709548655,0.029047317054338644,0.0008149174608402316,2.796249237109473,-0.11814572112145694
C004595,B10,Analog_IC,CH-01,11.193050043028329,10.106868181529066,6.511759965170371,6.349600331876763,8.820949802245588,6.210919998963994,11.459669485840267,6.626662057225914,0.009394453502161122,0.0019240397593691056,2.6387196835946796,0.41574205826192046
C004596,B10,Analog_IC,CH-01,8.841781580881557,9.850828634534912,7.025646483119749,7.117428739640322,16.585531870178198,7.634373189804084,17.419093940792948,7.586506093632789,0.05255739796012525,0.0032574816249476865,0.8335620706147502,-0.04786709617129503
C004597,B10,Analog_IC,CH-01,8.813751527511283,8.858844926918696,6.646526252211315,6.702601478475301,9.676210480752983,6.832698338130934,10.794881358245995,6.959456620159997,0.01344469743977291,0.0017837162616992825,1.1186708774930114,0.1267582820290638
C004598,B10,Analog_IC,CH-01,8.400337565317523,8.63730544396408,6.34028097548708,6.414289922637749,18.7414109027162,6.743549135789536,11.5611690777626,6.753405739228919,0.02030460856804528,0.0023549709485497874,-7.180241824953601,0.009856603439382994
C004599,B10,Analog_IC,CH-01,12.49434221614738,12.680337605323205,6.520022828854259,6.591931518628643,13.36568494329588,6.754259563009784,14.97344850764065,6.948277767658681,0.015924381266093374,0.002474626729375262,1.6077635643447703,0.19401820464889674
C004600,B10,Analog_IC,CH-01,8.443130804922212,8.669861632762936,6.732504585764183,6.73069102759173,9.795506772225712,7.051251649304737,11.95337905327769,6.809066350356304,0.02280220430913023,0.0005442730747539833,2.1578722810519775,-0.24218529894843321
C004601,B10,Analog_IC,CH-01,8.780929067118615,8.89758906097987,6.685900670656612,6.762944592497532,9.423878741668169,6.953653436144588,11.180411028749102,7.099427445603597,0.01585293033173078,0.0023366864799032297,1.7565322870809332,0.14577400945900898
C004602,B10,Analog_IC,CH-01,7.756424946353642,8.061462096577328,6.801108407646879,6.818087233846621,8.950993686431092,7.035235836491294,11.843070198710272,6.952478193918703,0.026261167375923225,0.0009332705560561193,2.8920765122791803,-0.08275764257259155
C004603,B10,Analog_IC,CH-01,8.398805249682953,8.658147592026042,6.590557976426962,6.586061882982915,9.823250373458634,6.732069535444131,12.075979239386147,6.674696739545383,0.023734941995556282,0.0006155198372393608,2.252728865927512,-0.057372795898747775
C004604,B10,Analog_IC,CH-01,8.233245641360654,8.554892957078113,6.362520595249529,6.309774819592686,9.747353396581234,6.521679979549128,11.819350758964648,6.533839871420518,0.022669845846434264,0.001556007304359946,2.0719973623834136,0.012159891871390549
C004605,B10,Analog_IC,CH-01,7.005594103546706,7.079891097916502,6.333793887618848,6.3717811936164255,7.505620933570995,6.679388838568767,9.346337098945856,6.557162812608067,0.015739208340481623,0.0012873723541086217,1.840716165374861,-0.12222602596069976
C004606,B10,Analog_IC,CH-01,8.711604612086324,8.862697038077755,6.394525390563148,6.395899264502972,64.32595759781958,6.634842737447067,11.600604228718751,6.471430307448535,0.01901324437945136,0.0005245211315664059,-52.72535336910083,-0.163412429998532
C004607,B10,Analog_IC,CH-01,9.7893199821036,9.761405277216973,6.325320832156168,6.359982577886551,9.77094662671149,6.568191244102783,11.399354131213522,6.5417698386606,0.011374644819420484,0.0012624115331531208,1.6284075045020323,-0.026421405442182966
C004608,B10,Analog_IC,CH-01,8.402086870916536,8.416003408560803,6.49221248409677,6.4747827133385885,23.07079403930593,6.629696297150523,10.237827675028143,6.574373665735333,0.012651557406023195,0.0006916038360885045,-12.832966364277787,-0.05532263141518978
C004609,B10,Analog_IC,CH-01,7.360241709779754,7.479918541605484,6.533136517127232,6.630521046863262,8.104289889771474,6.944498872290943,9.778749314889678,7.029979846873892,0.015964102592251353,0.002774019444518266,1.6744594251182043,0.08548097458294901
C004610,B10,Analog_IC,CH-01,8.195702714365723,9.5422752690682,6.59377774466822,6.704260462300499,17.536052503351133,7.564462819514143,18.951658243822713,7.269694226007896,0.06534293732468412,0.003926623359079149,1.4156057404715803,-0.2947685935062463
C004611,B10,Analog_IC,CH-01,8.898310741372093,9.098497323850705,6.374748438228794,6.416649064009278,9.839706095983493,6.6167751537922905,11.915024090097184,6.642067602822742,0.01955921365448944,0.0015654065195379412,2.075317994113691,0.02529244903045136
C004612,B10,Analog_IC,CH-01,8.686591645801895,9.000630767723257,6.4564272347682685,6.45749744032948,10.205584735171888,6.584973383830135,12.714975544384856,6.546991269542966,0.025794060949038886,0.0006214849250936553,2.5093908092129684,-0.037982114287169466
C004613,B10,Analog_IC,CH-01,8.694283693254052,8.823866266185167,6.228552395484394,6.266909444680718,9.78441007730314,6.501778301733869,11.218712548164486,6.472847349265528,0.016630876958189718,0.0014301243373945154,1.434302470861347,-0.028930952468340543
C004614,B10,Analog_IC,CH-01,13.808124038859802,13.757007408857715,6.404887895839335,6.50032090169255,14.50796424316437,7.034536136518171,14.702282739336665,6.922011201358359,0.006564412017214928,0.002928404858790337,0.19431849617229524,-0.11252493515981232
C004615,B10,Analog_IC,CH-01,8.370750433336253,8.609145518390394,6.633681466461759,6.656555461365766,9.71788817714971,6.795040071289391,11.862958549333058,6.8118816455857,0.022595923825990724,0.0010786540570828754,2.1450703721833477,0.016841574296309503
C004616,B10,Analog_IC,CH-01,7.979649116189479,7.966060042272087,6.518563413605961,6.557609928901446,8.901644857598109,6.69723048134661,9.80302616541822,6.7425862428029735,0.012756709188514816,0.0012845577354272757,0.9013813078201114,0.04535576145636355
C004617,B10,Analog_IC,CH-01,9.387263961419755,9.720940501187588,6.5880914085237645,6.634416051878397,10.86958371281648,6.96930129766718,13.314559600021207,6.890233455326758,0.024955688186344575,0.001776509746169176,2.444975887204727,-0.07906784234042252
C004618,B10,Analog_IC,CH-01,6.757886801968496,7.140020783870434,6.0135523549888426,6.057817367508518,8.075833228019825,6.213548974258375,11.137579873634195,6.293286469114996,0.02776082701224834,0.001635202094489431,3.0617466456143703,0.07973749485662118
C004619,B10,Analog_IC,CH-01,7.819087313091657,7.980708284147689,6.381536318332568,6.408338791903199,9.275838910847543,6.591253203895466,10.74961111145662,6.567867453416642,0.019228491856312018,0.0011078379271766876,1.4737722006090763,-0.023385750478824185
C004620,B10,Analog_IC,CH-01,7.748168171737916,7.932262178674179,6.498510394995684,6.476621171185776,8.840457179645131,6.6262379635206266,10.779265020194975,6.598214199452707,0.019770853066116638,0.0008443960296314642,1.9388078405498437,-0.028023764067919288
C004621,B10,Analog_IC,CH-01,6.896688242215098,7.755936109522851,6.7430022163188434,6.882936376908047,13.601497685979565,7.568611891562423,14.40188443741021,7.48762611655299,0.04615241894366221,0.004199234303089883,0.8003867514306453,-0.08098577500943271
C004622,B10,Analog_IC,CH-01,9.210481053054783,9.507328921462571,6.757417766779205,6.777521925961787,10.363533040964574,6.998991967083665,13.063885876014476,6.934842613380891,0.024698312184388227,0.001092504773743773,2.7003528350499018,-0.06414935370277419
C004623,B10,Analog_IC,CH-01,8.794076809108219,9.95041630637858,6.428125657902734,6.546856379213802,17.51561539665216,7.190558644908556,18.057230820315183,7.13418270891264,0.056297323013448634,0.004078655067353042,0.5416154236630248,-0.05637593599591639
C004624,B10,Analog_IC,CH-01,,8.694258077153329,6.773023239829209,6.864182582735888,10.195946005161469,7.11314007462363,10.073742435816154,7.197962050980206,0.009579752490714065,0.0023179129739188736,-0.12220356934531473,0.08482197635657585
C004625,B10,Analog_IC,CH-01,9.113533413109865,9.295909340402629,6.6867332282872,6.735709855034539,10.549317436582593,6.941933423399071,12.05037282118688,6.982782615428838,0.019128218616557297,0.0017157830582937418,1.5010553846042871,0.04084919202976689
C004626,B10,Analog_IC,CH-01,11.62070492968597,9.248952468144449,6.833391054148527,6.75780770647374,7.671181898563222,6.5820942256010975,12.440538199231305,6.5531276516685235,0.02216378979921428,-0.0014213892694806675,4.7693563006680835,-0.028966573932573958
C004627,B10,Analog_IC,CH-01,13.437054294145186,,6.066041747225274,6.166103001580421,14.302998526957326,6.455532391230765,12.939378493288668,6.584369994664227,,0.0029046318964153217,-1.3636200336686581,0.12883760343346218
C004628,B10,Analog_IC,CH-01,8.555334647521974,8.693156711667665,6.823872793515011,6.858442561256254,9.593036833132157,6.957076705741138,11.34194709923141,7.0451309927341494,0.018394377691414894,0.001296447440818718,1.7489102660992533,0.08805428699301121
C004629,B10,Analog_IC,CH-01,8.106519256537837,8.402455998676523,6.357562888524844,6.387030502112375,9.502864857154954,6.559258737654334,11.915226172374101,6.570990435595512,0.024394237317344296,0.0012774995380773386,2.4123613152191474,0.011731697941177899
C004630,B10,Analog_IC,CH-01,8.624946384535821,8.834381046254661,6.135825481063004,6.158556266871962,10.245458841444012,6.291887981415103,11.753515294177392,6.316612388373105,0.02027176561057452,0.0010976119548690526,1.5080564527333795,0.024724406958002376
C004631,B10,Analog_IC,CH-01,8.519003128519314,,6.619742559348223,6.6730429576955945,9.403799510004912,6.805396523042443,15.476837185521807,7.009697168994572,,0.0023378764673540114,6.073037675516895,0.20430064595212905
C004632,B10,Analog_IC,CH-01,8.332030069471898,8.526999212727233,6.249023362710984,6.263370889281461,9.360281472800295,6.405566528424311,11.462193168045246,6.386925932581146,0.02038329135637509,0.000858021134025592,2.101911695244951,-0.018640595843164576
C004633,B10,Analog_IC,CH-01,7.91287589131232,13.542087740455964,6.676937908714978,6.9488929660790895,46.00814342746131,8.191074578804058,47.61968115676042,8.468277664431817,0.23664995427989208,0.010551282627449496,1.6115377292991084,0.2772030856277592
C004634,B10,Analog_IC,CH-01,8.345262934074203,9.423749570992252,6.969879422510306,7.083641723866005,16.09494706430806,7.855139765756931,17.359669296617273,7.630637597161233,0.05511055365017376,0.0037985824534390775,1.2647222323092144,-0.2245021685956985
C004635,B10,Analog_IC,CH-01,9.337174731691892,9.524920816746825,6.371102450387607,6.353490604746258,10.006666172320712,6.480646463333905,12.241571176377448,6.4797549617197685,0.018865627497434884,0.0008768358123160433,2.2349050040567366,-0.0008915016141362031
C004636,B10,Analog_IC,CH-01,8.097997572352908,8.307877726539338,6.373183411980632,6.399579712805398,9.000688729746232,6.540306736113852,11.332833826102679,6.564464538946421,0.021006639580300975,0.001145033514868215,2.332145096356447,0.024157802832569075
C004637,B10,Analog_IC,CH-01,8.173407969369759,9.091262212848756,6.655439638076994,6.775797186168656,15.51232312180205,7.338791492548063,15.958990905197286,7.33451828387279,0.04769256036353146,0.0038800076229453745,0.4466677833952364,-0.0042732086752730325
C004638,B10,Analog_IC,CH-01,8.63420822536952,8.815278490873828,6.50385477505642,6.560378146090371,9.788398971549643,6.768298572550807,11.52008065511875,6.832091265433293,0.018783348362811963,0.001886896662103627,1.7316816835691071,0.0637926928824859
C004639,B10,Analog_IC,CH-01,8.346289257413213,8.5706923048982,6.445946388691033,6.483528425366061,9.427856420165163,6.728975051676547,11.626166537183707,6.690752055319251,0.02121857105753824,0.0014390529857860417,2.1983101170185435,-0.038222996357295536
C004640,B10,Analog_IC,CH-01,7.571065424748738,7.533096671496859,6.030013237295547,6.055465023863095,8.033387109127586,6.2479448588258855,9.443808624554574,6.188077163117356,0.013268833007345247,0.0009209176337101425,1.4104215154269877,-0.05986769570852957
C004641,B10,Analog_IC,CH-01,8.857337523785766,8.170979229801906,6.580197429181052,6.785820157949765,9.372849681961032,6.818205651179041,11.196943504566043,7.421075210754164,0.02101364079697317,0.004411493422252777,1.8240938226050112,0.6028695595751232
C004642,B10,Analog_IC,CH-01,7.952319456376752,9.46974125904305,6.164983709701701,6.408008741109501,21.51171769542922,7.578591244693208,19.115945337962657,7.467561922293596,0.0669875283258306,0.00735800820266733,-2.395772357466562,-0.11102932239961216
C004643,B10,Analog_IC,CH-01,8.304411691941716,8.757813557055346,6.528724751972,6.567149513216995,9.54393392604006,6.795455083681626,13.186389236596806,6.797663287375323,0.03075399777459347,0.0016007900983217211,3.6424553105567465,0.0022082036936970084
C004644,B10,Analog_IC,CH-01,8.44564821817152,8.405394425371899,6.62227866301115,6.639623592415784,8.999627166924164,6.830475607200151,10.405848461633521,6.745132837557817,0.01389204191848349,0.0007327030912641148,1.4062212947093577,-0.08534276964233456
C004645,B10,Analog_IC,CH-01,8.974891578727846,8.939157656779075,6.490487195406193,6.6634972854487415,10.998597456533476,6.5955035674800895,10.127537701864348,7.324127156057488,0.008252639201981061,0.0045877074347829595,-0.8710597546691279,0.7286235885773982
C004646,B10,Analog_IC,CH-01,8.939423151960952,8.806947861242474,6.345405409944751,6.404604137252221,10.367661114473211,6.554537958690457,10.738097812569292,6.644961903532246,0.013410763550880679,0.0016691511547223938,0.37043669809608026,0.09042394484178917
C004647,B10,Analog_IC,CH-01,13.158008519680784,13.287875175785103,6.339602451443977,6.360662942695881,13.620002846131328,6.687391684365059,15.36797810274554,6.538174641334395,0.014445159215003037,0.0012327201294341258,1.7479752566142128,-0.14921704303066363
C004648,B10,Analog_IC,CH-01,8.484156186011775,8.493276058227377,6.289985400717504,6.310540938826503,8.925640604365087,6.420029705312488,10.302344458544173,6.439557506728498,0.012562975002199975,0.0008959483882082971,1.3767038541790857,0.01952780141601007
C004649,B10,Analog_IC,CH-01,6.891714555323032,7.057304530195968,6.522387772618746,6.504331448060899,7.569690790447023,6.552678586877502,9.92591273026444,6.60690122523365,0.01992089027825327,0.0007122901192552149,2.3562219398174165,0.05422263835614771
C004650,B10,Analog_IC,CH-01,7.743657337173281,8.078548594822733,6.189969610408356,6.220618711682756,10.022756426360456,6.379721183830254,11.805889118188169,6.41064425866789,0.02588430919003775,0.0013196218540634302,1.7831326918277135,0.030923074837636122
C004651,B10,Analog_IC,CH-01,9.411683097721571,9.684558357067214,6.056866508366577,6.061275145720453,10.898691503146486,6.145630091572191,12.965033745545965,6.166817953368648,0.02278107908665799,0.000732936164223578,2.066342242399479,0.02118786179645671
C004652,B10,Analog_IC,CH-01,9.310092039975425,10.173097200433176,6.317144626611844,6.355086930763046,11.21991383012352,6.50429266053115,16.828053164325006,6.6351615001099695,0.046214971971471036,0.001944962287131412,5.608139334201486,0.13086883957881934
C004653,B10,Analog_IC,CH-01,7.97139972991812,8.141104497139036,6.480009960337337,6.504444037088317,66.01538533068191,6.4917856715172295,10.980973348954404,6.656774212258498,0.019721311470940053,0.0010578484386818163,-55.0344119817275,0.16498854074126879
C004654,B10,Analog_IC,CH-01,7.758034887418447,7.959047524597825,6.792900757898575,6.85419243397305,9.18714539449709,7.019521892481921,10.941137601433002,7.133892072235124,0.020708958866910956,0.0019423585990421821,1.7539922069359122,0.11437017975320263
C004655,B10,Analog_IC,CH-01,8.927956260900855,9.20989308280284,6.348304333751567,6.378034031671068,10.57932851030244,6.683833374332204,12.551047275700366,6.568674435277305,0.02320245967289949,0.0013238916917099825,1.9717187653979256,-0.11515893905489882
C004656,B10,Analog_IC,CH-01,8.464809537482585,8.643420062070282,5.809241640994664,5.882899207382678,9.718968321833872,6.190749031029539,11.033298633058102,6.224038426906439,0.016596378965193195,0.002369022357803896,1.3143303112242304,0.03328939587690005
C004657,B10,Analog_IC,CH-01,8.009834152140666,8.438350516711603,6.1427331764332775,6.143888199326346,8.875972322370776,6.483949804118559,12.819312085698783,6.239931041126254,0.03042334422907764,0.000666964179166026,3.943339763328007,-0.2440187629923054
C004658,B10,Analog_IC,CH-01,8.71382565520542,8.988714674600162,6.770184199627065,6.79095529951217,9.986411730518013,7.055042285398928,12.468334273853525,6.944234969164558,0.02416402499481502,0.0010644421503638066,2.4819225433355125,-0.11080731623436968
C004659,B10,Analog_IC,CH-01,8.653539732563425,8.809454722744327,,6.557646215550964,10.09672252958249,6.700215660835839,12.362212172860902,7.715219455048,0.02467192673692066,0.008038703052062755,2.2654896432784124,1.015003794212161
C004660,B10,Analog_IC,CH-01,8.12759144799377,8.118102154227016,6.466672209196751,6.520990729383603,9.157149059575126,6.6414589203123935,9.839844056469339,6.762390552949359,0.01195654098779391,0.001676387663651086,0.6826949968942131,0.1209316326369656
C004661,B10,Analog_IC,CH-01,8.945154809406352,9.04672129815217,6.539267480501461,6.571231309951532,9.537740857415786,6.782778376560621,11.37356889572662,6.7508456050869325,0.0161586638720448,0.0012473214939958369,1.8358280383108347,-0.03193277147368878
C004662,B10,Analog_IC,CH-01,7.668187161715703,8.026360449641176,6.505835490617734,6.482879852850525,9.250825648580934,6.48024424897646,11.902530993311391,6.622146893662973,0.026917850997709825,0.0009671322278642215,2.6517053447304573,0.14190264468651304
C004663,B10,Analog_IC,CH-01,8.397517073964881,8.607376471316462,6.507485490420524,6.491671877196894,9.63752671284938,6.602105194279046,11.602300571047534,6.605255434904595,0.020798084025910227,0.000788774706303477,1.9647738581981535,0.0031502406255485838
C004664,B10,Analog_IC,CH-01,7.8585946831264435,8.013955803529923,6.313385970754264,6.3619019974307545,9.366913084629632,6.651406558569018,10.621297259906207,6.598859998867486,0.018106537891501975,0.0016455416766439665,1.2543841752765754,-0.05254655970153266
C004665,B10,Analog_IC,CH-01,10.151066037407016,10.111191621410036,6.295314835560314,6.285033423462079,10.808979306731024,6.419568631745967,11.7808587307812,6.372324039665545,0.01159491048174419,0.0006061848347462941,0.9718794240501758,-0.0472445920804212
C004666,B10,Analog_IC,CH-01,8.334053742775277,8.658142931469888,6.353334258658488,6.382517510707008,9.088163474245604,6.517638677667829,12.312797780897885,6.570113000298971,0.025379547565472203,0.0013027464554997395,3.2246343066522805,0.05247432263114149
C004667,B10,Analog_IC,CH-01,8.315234493369072,8.575701728719121,6.56056893054676,6.575919282105458,9.419701997727628,6.607748386944947,11.977682376023685,6.70693044262647,0.023624865606281693,0.0009097997258403644,2.5579803782960564,0.09918205568152327
C004668,B10,Analog_IC,CH-01,9.2969612847378,9.490075016032652,5.94434451611085,5.959223530029421,10.51653360575528,6.0907584339481975,12.232545411025697,6.094375607258995,0.019044933298562813,0.0009385560918720448,1.7160118052704174,0.0036171733107979165
C004669,B10,Analog_IC,CH-01,8.596377121472832,9.93374614229383,6.411306371613039,6.442924552240342,10.553689763750524,6.768144155894361,19.520020391201307,6.737168111362731,0.06657134895074637,0.0020433580494610354,8.966330627450782,-0.03097604453162983
C004670,B10,Analog_IC,CH-01,7.957078375427199,7.9003105679983,6.46160436554615,6.440946460512099,8.653909140528045,6.5659487146951845,9.864362556786988,6.532501745463589,0.013639249922143666,0.000635800589940906,1.210453416258943,-0.03344696923159507
C004671,B10,Analog_IC,CH-01,9.424210059211434,9.706707293553702,6.679767593128122,6.730342838782386,10.424405242422884,6.915687302021943,13.00703901762354,6.99538721252063,0.022918970306040547,0.0018405859287378022,2.582633775200657,0.07969991049868685
C004672,B10,Analog_IC,CH-01,8.42274993953527,8.538841865606978,6.438593071089835,6.438139747925157,9.67183369447434,6.65204156618066,11.112331371368004,6.504195571333501,0.017871454901118237,0.0004587209958912757,1.4404976768936635,-0.14784599484715955
C004673,B10,Analog_IC,CH-01,9.260902047382896,9.438946396706068,6.400211923568558,6.42957376865624,10.208910349347542,6.550652107804266,12.154532484331122,6.611093751358183,0.01885823671961843,0.0012605554354301577,1.94562213498358,0.06044164355391679
C004674,B10,Analog_IC,CH-01,7.553744207624524,7.619452826398596,6.252755387244746,6.266074794163856,8.835178744487813,6.498291042706007,9.874489773075094,6.367904734558646,0.015659978796364573,0.0007071523638527082,1.0393110285872815,-0.13038630814736063
C004675,B10,Analog_IC,CH-01,,8.49833776526225,6.496582234989557,6.536599254031676,9.21689371129393,6.662877892708425,9.940808204811335,6.689262042151812,0.010017155830201982,0.0010601582508342755,0.7239144935174053,0.02638414944338674
C004676,B10,Analog_IC,CH-01,9.09327692397929,9.505623615443875,6.329419981622243,6.344734695118167,10.451959245285344,6.5479967946858,13.655289920396273,6.498406441607218,0.02881712711772498,0.00106716490617396,3.2033306751109283,-0.049590353078582616
C004677,B10,Analog_IC,CH-01,7.441281210188813,7.61505917251464,6.742518110252231,6.772836280452038,8.864730774332138,6.947993021608964,10.58144446115475,6.939736502567756,0.020599897837778533,0.0011590293202480408,1.7167136868226116,-0.00825651904120761
C004678,B10,Analog_IC,CH-01,8.38571770640291,8.572247619677196,6.77854683856185,6.850292945540062,9.15038306987665,7.06425353705297,11.357636756224332,7.170486648930872,0.01934298011491067,0.002223567384658404,2.2072536863476824,0.10623311187790208
C004679,B10,Analog_IC,CH-01,9.28663426612319,10.336115561375715,6.8283580243185655,6.889827466619183,17.27851555934222,7.235385447286378,18.140199976025798,7.265058453360789,0.05419503065729224,0.002605770741261152,0.8616844166835769,0.029673006074411035
C004680,B10,Analog_IC,CH-01,9.159418134174263,9.386786697536344,7.155230771497471,7.209763351368503,10.72241368722258,7.332718289154387,12.520981107435643,7.475932025831908,0.021765238957634023,0.0018483935726625383,1.7985674202130628,0.14321373667752102
C004681,B10,Analog_IC,CH-01,8.594498705109347,8.532564779236898,6.555110504190625,6.597561549379995,9.263065325442968,6.865799656284835,10.45454002580006,6.788439687698942,0.013347050323355295,0.00132554262721491,1.1914747003570927,-0.07735996858589367
C004682,B10,Analog_IC,CH-01,8.693824409625458,8.96604513423303,6.09742011009938,6.063224921650249,9.656262062865308,6.244456637446395,11.998752850079944,6.246204170656522,0.021060470248936907,0.0012706892292102287,2.3424907872146363,0.0017475332101275498
C004683,B10,Analog_IC,CH-01,9.289750440806907,9.379941282366037,6.556946199914424,6.572386298011769,10.03658740666543,6.675491750548327,11.684343424171756,6.695209413223644,0.016002792651428604,0.0008529383000824656,1.6477560175063264,0.01971766267531727
C004684,B10,Analog_IC,CH-01,9.01752794909324,9.03180675306683,6.61367871796594,6.646731136732129,9.945348740766867,6.918714751834122,10.856839235864262,6.821632174784057,0.01267383668609328,0.0012145905420272779,0.9114904950973948,-0.09708257705006496
C004685,B10,Analog_IC,CH-01,12.285512446611532,12.191724803455642,6.643912177605409,6.715626860174105,12.579676443946612,7.266672372109783,13.526235612042408,7.030646144604426,0.009267436170741427,0.00218763391965501,0.9465591680957957,-0.23602622750535662
C004686,B10,Analog_IC,CH-01,8.428372737766534,9.0112208497423,6.537978711803842,6.689375393487989,13.554642130186132,7.733182714068058,13.693575435393772,7.33106167628009,0.032516351289246334,0.004456154741611811,0.13893330520764025,-0.4021210377879685
C004687,B10,Analog_IC,CH-01,7.133835634907103,7.20263635852879,6.505732657549771,6.557246360613132,7.350216682671497,6.704928294628409,9.415126039462205,6.789161149229104,0.015364511673148716,0.0016105193653886902,2.064909356790708,0.08423285460069518
C004688,B10,Analog_IC,CH-01,,8.71172067994044,6.163564940783072,6.231747189981236,9.534192780751397,6.3778374309017245,9.98980539028035,6.493971300748947,0.008875588266249382,0.001821000769220217,0.4556126095289539,0.11613386984722229
C004689,B10,Analog_IC,CH-01,7.607079830731155,7.65852227700181,6.54940231953021,6.561919558240724,8.070531036075137,6.98830500680505,9.907096529307626,6.658105057441842,0.015615098974345943,0.0006679548555633192,1.8365654932324897,-0.33019994936320796
C004690,B10,Analog_IC,CH-01,9.148714153884676,9.349079203009468,6.830842593482519,6.855458585820461,10.919826554224336,7.022303476801493,12.348610962956476,7.0180946289124115,0.020830081666298666,0.0011294169659163227,1.42878440873214,-0.004208847889081824
C004691,B10,Analog_IC,CH-01,8.651415217512184,8.70858173519797,6.669209379985046,6.714465840867208,9.663011134072798,6.881322540168773,10.784018046256767,6.933067351366665,0.01441275216013053,0.0015180660451351148,1.1210069121839688,0.051744811197892204
C004692,B10,Analog_IC,CH-01,8.146554525652968,8.308918928668813,6.584116350752179,6.585830667602694,8.97548351991826,6.70205743513957,11.215836054307289,6.658183157620394,0.020186924483600526,0.0005024478473451431,2.2403525343890287,-0.043874277519175386
C004693,B10,Analog_IC,CH-01,7.696334943653707,7.850960844386146,6.379334876646809,6.421534368520023,8.302433207469003,6.6284579170204045,10.519667089917784,6.633996878955017,0.018532682260636375,0.0014754341002430154,2.217233882448781,0.005538961934612452
C004694,B10,Analog_IC,CH-01,7.881737389593069,9.248053027010526,6.924243671487916,6.970709496559218,15.761039833032113,7.353134268031549,19.198131232678218,7.305205002134862,0.06909776531713675,0.0023228854553864167,3.437091399646105,-0.04792926589668678
C004695,B10,Analog_IC,CH-01,9.613208592068954,9.569000775382555,6.434713553919347,6.470776355141485,9.656817975075317,6.713265636211035,11.290401917067182,6.6518515960924525,0.011954174595032131,0.0012574669510483855,1.6335839419918656,-0.061414040118582314
C004696,B10,Analog_IC,CH-01,8.193642604741125,8.799271933874438,6.873000987237306,6.95469275994065,12.218531724222984,7.334848999888103,14.063765513250848,7.345790183984191,0.036558983190113956,0.002715954333635701,1.8452337890278638,0.010941184096087575
C004697,B10,Analog_IC,CH-01,8.351577564774963,8.393515562165517,6.3431072094479095,6.343877081769935,9.28487290104147,6.4294354141040735,10.514377676383063,6.404418269768474,0.014728209126510738,0.00042042491665652176,1.2295047753415922,-0.02501714433559954
C004698,B10,Analog_IC,CH-01,7.775395077379004,7.93664543916016,6.310462788997742,6.331259022936213,8.805964472070077,6.503257123924549,10.715522242686657,6.469661677084872,0.019297755580045112,0.0009611295426990204,1.9095577706165798,-0.0335954468396773
C004699,B10,Analog_IC,CH-01,8.124834891610607,8.323743420351116,6.665827099567748,6.666223764016495,9.2476565472135,6.795574837645543,11.474593982399247,6.736767340427366,0.021880906680889798,0.0004898859472977141,2.2269374351857465,-0.058807497218177573
C004700,B10,Analog_IC,CH-01,9.2749505120604,9.261060422064352,6.439039553470845,6.449142782235831,62.03989875079073,6.655245772068466,11.06699259688078,6.542106587867102,0.01254119565844742,0.0006455819835504942,-50.972906153909946,-0.11313918420136382
C004701,B10,Analog_IC,CH-01,8.789607446830667,9.125658871743676,6.295174910082974,6.466454046933628,12.293572316174275,7.64362950449949,12.120270260626711,7.1646289188327135,0.020795912422798855,0.004848436610410314,-0.1733020555475644,-0.4790005856667765
C004702,B10,Analog_IC,CH-01,9.385494482328808,9.505466063888642,6.706284199546856,6.733628113481635,10.4124445574449,6.989227233352168,11.965014378167904,6.900783087681537,0.01708019662693932,0.0011607984319437646,1.5525698207230043,-0.08844414567063108
C004703,B10,Analog_IC,CH-01,8.605929800432161,8.76763386964699,6.414355612014682,6.43101828964492,9.45966923089814,6.596330202505558,11.51393883407588,6.560716495057809,0.019071562252978395,0.0009006819820339499,2.0542696031777403,-0.035613707447748943
C004704,B10,Analog_IC,CH-01,7.881617474807954,8.754229728331195,6.210981971093201,6.262401728648031,14.506690397055207,6.556855144160913,15.54809655964449,6.576840128844039,0.04717963077300899,0.002183600001361166,1.0414061625892828,0.01998498468312615
C004705,B10,Analog_IC,CH-01,8.16743704668548,8.960025342147585,6.4430698791956456,6.56237803605002,13.39203308804918,6.985549283723625,15.01248368984746,7.109877989594677,0.042030960747915805,0.003802083010726789,1.6204506017982805,0.12432870587105249
C004706,B10,Analog_IC,CH-01,8.879417137926021,8.91179007441754,6.1809376882068445,6.179026515157879,9.602751951920617,6.239707185071164,10.869827221559,6.246037990061345,0.013597480188482355,0.0004653574646074015,1.267075269638383,0.006330804990181349
C004707,B10,Analog_IC,CH-01,7.73633830160958,7.997775071665248,6.35034179446973,6.31721536017258,9.42289944236162,6.455496539876444,11.150641994118526,6.479322154507154,0.021894909183703324,0.001125741627323435,1.727742551756906,0.023825614630710312
C004708,B10,Analog_IC,CH-01,8.314074368352042,8.464200083490667,6.75394857974537,6.781327847261199,9.024048719751807,7.029121306990103,11.218853752471308,6.942749588901547,0.019129539367921118,0.0011209843169468616,2.1948050327195006,-0.08637171808855548
C004709,B10,Analog_IC,CH-01,9.366123273395903,9.544329360907328,6.406010406957539,6.419781985949068,10.71077367365189,6.604513998331815,12.323069957077298,6.546924563023543,0.01929680969562479,0.0008829345630171903,1.6122962834254082,-0.05758943530827221
C004710,B10,Analog_IC,CH-01,9.029268195349912,9.266528438597213,6.630317718306281,6.655251131273761,10.713510962171387,6.856197772175645,12.43692245450465,6.823157803513244,0.022016625110468313,0.0011660185572186326,1.7234114923332626,-0.03303996866240144
C004711,B10,Analog_IC,CH-01,8.853318945478664,9.07090201798372,6.870492462323037,6.89319640042389,9.750826623329468,7.13179768123765,12.219688086790953,7.048150925247516,0.021866569922272452,0.0010760730890529548,2.4688614634614847,-0.08364675599013438
C004712,B10,Analog_IC,CH-01,6.570666550215057,8.909346401901963,6.459093892298715,6.64184854006048,19.18642893333638,8.467970319235633,24.130010230270244,7.523710129051906,0.10569905436366861,0.006124038812440459,4.943581296933864,-0.9442601901837264
C004713,B10,Analog_IC,CH-01,8.159089606316059,8.24028327618088,6.561027105639271,6.636157252542896,8.716467446555832,6.85842815843957,10.340965684530968,6.959544926140584,0.014588072280208938,0.002245747733317279,1.6244982379751356,0.10111676770101408
C004714,B10,Analog_IC,CH-01,7.806239301398433,7.980554989669594,6.542655909995249,6.591227868473461,9.330373589229168,6.801391564430522,10.77586255473782,6.8271478190744235,0.01941185809075157,0.001638332990284461,1.4454889655086518,0.025756254643901855
C004715,B10,Analog_IC,CH-01,7.631287132720566,7.641549561118081,6.624524509897668,6.639368095605652,8.598019373978332,6.713835200858052,9.654227359091035,6.7397062005874115,0.013976929152589955,0.0006967923957066605,1.056207985112703,0.025870999729359134
C004716,B10,Analog_IC,CH-01,13.458921248374557,13.940535502467563,6.712674991868931,6.805186993811493,14.43044676393482,7.27101074111506,17.82174341465931,7.270345776732727,0.026952832723553793,0.0032302693258419047,3.39129665072449,-0.0006649643823335438
C004717,B10,Analog_IC,CH-01,9.028262846846555,9.384598906462926,6.181136332612275,6.224278617961689,10.695001025728658,6.501760495229722,13.038370765925666,6.472312468447162,0.025373415690713472,0.0017224572950380046,2.3433697401970086,-0.029448026782560532
C004718,B10,Analog_IC,CH-01,8.5137850801978,8.839918834737464,6.613922792847748,6.638247564640861,10.082036177745918,6.840253887442138,12.583154140744439,6.808312652883157,0.025994689625048435,0.0011810075572381686,2.5011179629985207,-0.0319412345589809
C004719,B10,Analog_IC,CH-01,15.05185542913851,15.415178480790363,6.861726787754519,6.907395061050367,16.115078954720943,7.341807438227136,18.700222155799498,7.206734999642741,0.022812803298674546,0.002078749573558155,2.585143201078555,-0.13507243858439466
C004720,B10,Analog_IC,CH-01,8.246776636963368,8.347847247478054,6.579646746698602,6.596044975452989,17.835621708185524,6.839057395024258,10.818816700633473,6.715138677747454,0.017159510091357077,0.0008270395992671222,-7.016805007552051,-0.12391871727680392
C004721,B10,Analog_IC,CH-01,8.768959730762745,9.020603551993684,6.162509673300112,6.174733037832894,10.236328009275242,6.389062955913022,12.23147037268043,6.300251600630389,0.02229768625476907,0.0008716566860937173,1.9951423634051881,-0.0888113552826324
C004722,B10,Analog_IC,CH-01,8.262374033798338,8.232118853646,6.480920061610705,6.503717916091847,8.58410755482846,6.779684009857087,10.159143987027885,6.630209847485725,0.013382118981818649,0.000878416190235265,1.5750364321994255,-0.14947416237136224
C004723,B10,Analog_IC,CH-01,9.169696717889058,9.340344405640394,5.912265238653072,5.982876328236798,10.443087740107606,6.216381571380021,11.666088232367295,6.316195985907397,0.016150998796714593,0.002314719844934717,1.2230004922596898,0.09981441452737627
C004724,B10,Analog_IC,CH-01,8.265536660543717,8.479271246320934,5.876584500082357,5.915971257437705,9.07200782598337,6.086431297059212,11.299465718502097,6.133811413335531,0.019584683834591405,0.0015127788604015696,2.2274578925187267,0.04738011627631877
C004725,B10,Analog_IC,CH-01,8.017035229582566,13.690874332173786,6.2492835282464,6.383558239678774,48.82675699383592,7.451422600233164,48.40577047337992,7.437564002449859,0.24107566764726482,0.007319484463688093,-0.4209865204560046,-0.01385859778330456
C004726,B10,Analog_IC,CH-01,8.646642628580526,8.700022408978558,6.506394192339992,6.542859257132193,9.13249066482607,6.734874372074499,10.743262804317972,6.731756120400266,0.014189169412079261,0.0013117837726949497,1.6107721394919015,-0.0031182516742331856
C004727,B10,Analog_IC,CH-01,12.25773136703072,10.148153220371794,6.926097551475076,6.766872453796981,9.241569220046832,6.643397353760263,11.570717852869956,6.8052836059705,0.009878921059015012,0.0002667441123161048,2.3291486328231237,0.16188625221023667
C004728,B10,Analog_IC,CH-01,8.318503416377927,8.445171516262194,6.404061690461687,6.43881748812913,8.695703032577962,6.522778777287838,10.928630600692877,6.62704781318315,0.01724624364187974,0.0013071550350973614,2.232927568114915,0.104269035895312
C004729,B10,Analog_IC,CH-01,8.948899958961931,9.982731898168783,6.682652470974822,6.773867661643617,16.054175632540172,7.418701599362071,17.56575818688571,7.249795571302758,0.05265990478275643,0.0033050549281884753,1.5115825543455372,-0.16890602805931287
C004730,B10,Analog_IC,CH-01,8.727554075132785,8.922045999557028,6.784144407646225,6.837642994795095,9.903185346620498,7.108955064567009,11.797072995262138,7.097552877937394,0.01996546524795215,0.0018049297440437446,1.8938876486416394,-0.01140218662961523
C004731,B10,Analog_IC,CH-01,8.410631309113255,9.382430509323363,6.59352691372369,6.909945694258207,16.90894409011187,8.595612674432438,15.663352071602178,8.166875397800409,0.043617510849158436,0.008728678496820845,-1.2455920185096918,-0.4287372766320292
C004732,B10,Analog_IC,CH-01,7.57550456542597,7.639711164810663,6.327339906868331,6.333835135249453,8.672725561707983,6.576454855194016,9.935505239149812,6.410981104070214,0.015943014405132978,0.0005357358945886194,1.262779677441829,-0.1654737511238018
C004733,B10,Analog_IC,CH-01,8.07458288448668,8.495312549971539,6.65926773550304,6.6585449975263895,9.07361105597523,6.915439507885811,12.952188142880253,6.7496275629979126,0.03095052495075496,0.0006325178157744656,3.8785770869050236,-0.1658119448878983
C004734,B10,Analog_IC,CH-01,9.591382353627724,9.527520018675666,6.241923075831863,6.231640012928924,10.28283503497335,6.37617886545612,11.307855162442749,6.310542291110354,0.012363438498382518,0.0005479324873710426,1.0250201274693982,-0.0656365743457652
C004735,B10,Analog_IC,CH-01,9.284672463598096,9.450596514798264,6.296464754352766,6.342651134298639,10.37725198550268,6.537706666100673,11.984251187101039,6.583866892721037,0.017594824113213718,0.0016751094334888762,1.6069992015983594,0.04616022662036379
C004736,B10,Analog_IC,CH-01,8.044137418281144,8.08240774671867,6.465407906330556,6.518606411723956,9.220982265163672,6.700287532622743,10.006915807721345,6.76106182074634,0.013364639312518571,0.0016837181182109973,0.7859335425576734,0.06077428812359731
C004737,B10,Analog_IC,CH-01,7.93907086857126,8.151267485115351,6.451457201381337,6.478843943476489,9.086163348599047,6.666089838391899,11.223861686079289,6.645479430843142,0.021337459728916233,0.0011571908844906467,2.1376983374802414,-0.02061040754875698
C004738,B10,Analog_IC,CH-01,8.988405002646681,9.206029058467212,6.7017792775413945,6.743898148952766,10.443675111488012,6.979588421115216,12.21302671275219,6.969201783350037,0.020881928154756795,0.0015646085722032705,1.7693516012641783,-0.010386637765178897
C004739,B10,Analog_IC,CH-01,8.299128555300285,8.327706755456575,6.491020898168151,6.541113448225566,8.949770093272479,6.719953655335638,10.192863928499722,6.773304458516186,0.012952480368355192,0.00161243757146264,1.2430938352272438,0.053350803180548745
C004740,B10,Analog_IC,CH-01,7.384897197016643,7.456482388768458,6.204501948124042,6.261580229744615,8.600817279714224,6.3817649635274245,9.53971222848018,6.519021800475217,0.014466873886886963,0.001787788685629183,0.9388949487659559,0.13725683694779267
C004741,B10,Analog_IC,CH-01,8.173755592550448,7.850946846792796,6.970293033206049,7.069214398718798,9.205334034403338,7.246684405281316,10.698965563090242,7.392165410969893,0.019777907752065598,0.0022427153628548266,1.4936315286869046,0.14548100568857691
C004742,B10,Analog_IC,CH-01,8.265658466055546,8.490376881344936,6.38829763376392,6.365028044511735,9.686709604247303,6.431414812016726,11.48032519165961,6.5008253957222175,0.02076352993274079,0.0009430371611839042,1.7936155874123063,0.06941058370549147
C004743,B10,Analog_IC,CH-01,8.178644698123025,8.286623293587905,6.732099143529519,6.835185723090727,9.44282663161786,6.951114440061228,10.48372346526148,7.256641585312039,0.015257640081066497,0.0029267768209813336,1.04089683364362,0.30552714525081104
C004744,B10,Analog_IC,CH-01,7.943487319349445,7.896192965526195,6.300037060200896,6.341274066670069,8.792600091128064,6.381439496920659,9.794289260414832,6.52853482382819,0.013181224270059978,0.0013004219247091757,1.0016891692867684,0.14709532690753147
C004745,B10,Analog_IC,CH-01,7.77006291821669,8.869883049875593,6.423444912613087,6.622009402032893,17.73430196883072,7.557895553277596,16.42156046592353,7.4737820155989985,0.05244220427811067,0.0059150875942090685,-1.3127415029071905,-0.08411353767859797
C004746,B10,Analog_IC,CH-01,8.894847255042,9.19040821412286,6.207473408975323,6.260571410700673,9.549684722520784,6.455523438433871,12.462129850787978,6.536819198487327,0.022720289143507766,0.001918387415185099,2.912445128267194,0.08129576005345651
C004747,B10,Analog_IC,CH-01,9.317926764204625,9.530228766934146,6.418092525919112,6.453808364598428,63.19737355868072,6.460721130178916,12.416951071654386,6.661453273197699,0.02004668267166834,0.0014419785319393795,-50.78042248702633,0.20073214301878295
C004748,B10,Analog_IC,CH-01,9.44500266314949,9.994238989435472,6.014154269131775,6.1826473088390825,13.568611995758332,7.002706619309482,14.048250745873785,6.905520174210945,0.02815285941971051,0.005019950453971269,0.47963875011545376,-0.09718644509853647
C004749,B10,Analog_IC,CH-01,8.466767944142836,8.560246767743308,6.240661028566533,6.274748541880872,9.380583216005276,6.392948117359788,10.789003032092065,6.460171041106279,0.015477474057977478,0.0012876562446208803,1.4084198160867896,0.06722292374649097
C004750,B10,Analog_IC,CH-01,8.087314633971635,8.62898075184102,6.732032557309517,6.8029282510734745,12.34711156039623,7.295964898915391,13.526333220016966,7.151260801233783,0.034009392140110735,0.00241897604277992,1.179221659620735,-0.14470409768160764
C004751,B10,Analog_IC,CH-01,8.021684651109235,8.159200340307468,6.45110458735524,6.522158605344502,8.713778006749168,6.8169828348449775,10.586413705613069,6.836870205708009,0.016855648370177785,0.0021854972247465788,1.8726356988639008,0.019887370863031606
C004752,B10,Analog_IC,CH-01,8.385497006802444,8.557355322541206,6.459730090821036,6.510524726120836,9.602672563143754,6.698998014712094,11.244492051033308,6.759664818987059,0.018660671725639604,0.0017301395337932205,1.6418194878895545,0.06066680427496518
C004753,B10,Analog_IC,CH-01,7.808526207943035,8.056931165877709,6.367130797479391,6.441131552173306,9.281903091000023,6.74225352500906,11.118515118002732,6.7759010710027034,0.02126099966753488,0.0023247883252041513,1.8366120270027082,0.03364754599364339
C004754,B10,Analog_IC,CH-01,9.15761803289614,9.466732701638056,6.389606374867225,6.449302027345784,9.976048528792228,6.681058299259858,12.818475104447247,6.750257499548955,0.023275988908397154,0.0020899685569664645,2.8424265756550184,0.06919920028909665
C004755,B10,Analog_IC,CH-01,8.151838302940895,8.463793816734821,6.591705394565361,6.679866939174967,10.078219017115812,6.830402674295559,11.8788571519122,7.070041561589431,0.023715717605398465,0.0027095459889893334,1.8006381347963885,0.2396388872938715
C004756,B10,Analog_IC,CH-01,8.338627436452185,8.549400004553648,6.684163286413653,6.714998168490737,9.606679896452588,6.856316890189847,11.624248341873743,6.894978705399717,0.02135311345361177,0.0012498648396456942,2.017568445421155,0.038661815209870554
C004757,B10,Analog_IC,CH-01,8.975948374304428,9.107851430723002,,6.428661898771826,18.507968302594627,6.466246200399396,12.500948009741649,7.6385706513823814,0.02356317068762949,0.008402144115351081,-6.007020292852978,1.1723244509829858
C004758,B10,Analog_IC,CH-01,9.057622471092447,9.146546750871304,6.59766923996656,6.600037020310396,10.114187980418423,6.791846639518081,11.533406211440127,6.674753720444857,0.01657541292061683,0.0005188659731559735,1.4192182310217039,-0.11709291907322417
C004759,B10,Analog_IC,CH-01,7.502508488614183,7.531744330735336,6.639788433687672,6.667674976952974,8.112757418730828,6.8847971626908135,9.617098179684186,6.814446397523923,0.014481623951033683,0.0010192459761871454,1.5043407609533581,-0.0703507651668902
C004760,B10,Analog_IC,CH-01,7.9288828264653715,8.037251927878728,6.505787622070245,6.539595225741196,7.98526754515782,6.770812784361212,10.485063611485675,6.718791415880202,0.016998692247270464,0.0012444179870764306,2.499796066327855,-0.05202136848101002
C004761,B10,Analog_IC,CH-01,8.199845373421969,8.344742059153383,6.492485764799684,6.506656729332502,8.776814461045095,6.606575789467464,11.064729379694844,6.622213207938099,0.018888800837093482,0.0008024755458721993,2.287914918649749,0.015637418470634934
C004762,B10,Analog_IC,CH-01,8.663330884519498,8.610768393564305,6.590358945177199,6.599270759577069,9.14753251941907,6.83319159728936,10.648540926455675,6.674409167465749,0.014151198145078961,0.0005217944992269389,1.5010084070366059,-0.1587824298236118
C004763,B10,Analog_IC,CH-01,7.849158265341352,8.144196276389701,6.267585179334276,6.29379241874816,9.36364770668648,6.544660031262229,11.668312493398368,6.464614949237023,0.024473029284782406,0.0011862675728393254,2.3046647867118875,-0.08004508202520544
C004764,B10,Analog_IC,CH-01,9.111444283222772,9.429508331340688,6.654392794957075,6.642501822256692,11.232376593118842,6.854333135856673,13.063602088901632,6.760278764625652,0.02523676220528433,0.0008178954331177768,1.8312254957827907,-0.0940543712310209
C004765,B10,Analog_IC,CH-01,7.455771533517361,7.614369666159109,6.70862836246052,6.730289658245932,9.042245061625572,6.7976717541710965,10.516111618180725,6.86592582728367,0.020150985777927885,0.0009419178405398435,1.4738665565551532,0.06825407311257337
C004766,B10,Analog_IC,CH-01,9.6051193518586,9.663676129461818,6.534545354996838,6.56936998183388,9.882811767743032,6.788819396293502,11.66165461416552,6.759893614647362,0.013874850588220158,0.0013230807834269604,1.7788428464224886,-0.028925781646139903
C004767,B10,Analog_IC,CH-01,8.140993235349114,8.081768023130294,6.583295007538798,6.592944995332202,8.663027667852754,6.80362561776555,10.217240606310575,6.665205358970804,0.01482967071652973,0.0005018080808236242,1.5542129384578214,-0.1384202587947465
C004768,B10,Analog_IC,CH-01,8.640281676341456,9.027272818131529,6.522563891635106,6.614948020393521,12.498213958093949,7.146226790194844,12.788719785191141,7.03246324200843,0.02612115949346953,0.0028994112612146486,0.2905058270971921,-0.1137635481864141
C004769,B10,Analog_IC,CH-01,8.434762114314273,9.989724874272795,,6.886404074419082,21.75585455373705,7.990946498180201,21.759986698614973,8.041354754888674,0.08173792933570957,0.00802049083659439,0.004132144877925015,0.050408256708473154
C004770,B10,Analog_IC,CH-01,7.772408727682795,7.952944731296697,6.201364951645086,6.2216541995877455,8.73215346970808,6.439146642529634,10.818154470677115,6.360815998511613,0.019897289856808456,0.0009664013814157441,2.086001000969034,-0.07833064401802137
C004771,B10,Analog_IC,CH-01,7.129759824404065,12.27525197943795,6.449384969609549,6.566148904770562,43.90362661714314,7.430648035988797,44.33403404959472,7.473543840439211,0.22263043104275532,0.006301353719921176,0.430407432451581,0.04289580445041352
C004772,B10,Analog_IC,CH-01,8.238405528278536,8.975662510320324,6.3662036564579445,6.470335693480422,15.083626153581728,7.362720919286546,14.73284532248094,6.961223031775702,0.03998043619555983,0.003408939849272775,-0.3507808311007867,-0.40149788751084436
C004773,B10,Analog_IC,CH-01,7.853025113931543,8.597058736213986,6.295405442188586,6.486314271957784,9.465235795564537,6.6117900269430985,14.008754410684983,7.283364632239563,0.03758121996160414,0.005535071946401238,4.543518615120446,0.6715746052964642
C004774,B10,Analog_IC,CH-01,8.775322535338397,8.937978398979611,6.68408181440887,6.7305162192126,9.681297645454766,6.866831035391373,11.620259783870107,6.964121927507328,0.018626954061739556,0.0016222618631578367,1.9389621384153415,0.09729089211595543
C004775,B10,Analog_IC,CH-01,6.882427005900285,6.9889235767094045,6.523476583279043,6.5296425265069695,7.963063533842739,6.577053753351794,9.655870948281304,6.602853738018907,0.018520467858138195,0.0005084111910551211,1.6928074144385654,0.025799984667113307
C004776,B10,Analog_IC,CH-01,8.50898049219799,8.740779013715471,6.367297570388648,6.375318875899945,9.725271622232771,6.588430666655779,11.93568294614648,6.480579911355244,0.02218683286410423,0.0007309794128840252,2.210411323913709,-0.107850755300535
C004777,B10,Analog_IC,CH-01,8.79530685042022,8.915952778812224,6.245634971941661,6.304216648058168,9.195306619205638,6.420656916439997,11.157629108248544,6.581925673440256,0.015567196732196666,0.0019285348984867173,1.962322489042906,0.16126875700025867
C004778,B10,Analog_IC,CH-01,7.602644924846454,13.09581153749933,6.051615844576379,6.2560616187242095,45.75705014019832,7.36872072851416,46.44980563801134,7.535201526146189,0.2316249590313334,0.008882916023763744,0.6927554978130246,0.16648079763202883
C004779,B10,Analog_IC,CH-01,8.764606251563658,9.363150001434963,6.61387785296825,6.752221097573698,12.638697316244846,7.620861820542924,14.187515260226062,7.351037964550555,0.033502536519382634,0.0041584504651170605,1.5488179439812164,-0.26982385599236913
C004780,B10,Analog_IC,CH-01,8.627385139672958,8.871624086505188,6.334552261003711,6.378143828563281,9.983007725262349,6.556111293661771,11.954082443018736,6.611980023415045,0.021405960809121865,0.0016238624642483626,1.9710747177563874,0.05586872975327406
C004781,B10,Analog_IC,CH-01,7.059671044220863,7.261831401245786,6.186645982657566,6.209324467556716,7.803168170782386,6.426279824546305,10.312739792028193,6.353095993754212,0.021186863824877826,0.0009984133763715024,2.509571621245807,-0.07318383079209312
C004782,B10,Analog_IC,CH-01,7.605541318096421,7.708867836884224,6.60942050464277,6.6143375199436685,9.015856490452752,6.8157358168627376,10.313355446212967,6.688111931829001,0.01808671950922738,0.0005123223047592521,1.297498955760215,-0.12762388503373678
C004783,B10,Analog_IC,CH-01,8.93693984385447,9.108245374100916,6.1493894441475705,6.2004073320446125,10.444413333480188,6.482234531406255,11.638550814594794,6.458311842639103,0.017571565558985265,0.0017910035457950706,1.1941374811146055,-0.023922688767152422
C004784,B10,Analog_IC,CH-01,8.443260910082461,8.570544289736839,6.584702577578951,6.662561098024845,9.005984000182334,6.879515443927916,10.911037397357207,7.001726015157514,0.01625342435847478,0.0023553119245324217,1.905053397174873,0.12221057122959778
C004785,B10,Analog_IC,CH-01,6.810692573560647,6.8918782837583885,6.794962398281314,6.814740380490938,7.521557075840063,6.938014596823374,9.429502802421029,6.931234037579841,0.017622392490712777,0.0008089837297840519,1.9079457265809658,-0.00678055924353238
C004786,B10,Analog_IC,CH-01,8.588778305928065,9.59452658628448,6.765748393606459,6.92074315924719,15.44665068207502,7.813245126690638,16.823996880003474,7.611455724657352,0.050204654817493005,0.004796615037570568,1.3773461979284534,-0.20178940203328555
C004787,B10,Analog_IC,CH-01,8.032905226890321,8.040111708456125,6.080037250856996,6.079106719091693,8.442469094366546,6.1990818855469785,9.914030979372386,6.1353099899771335,0.013013328270251812,0.00039030049226000213,1.4715618850058405,-0.06377189556984497
C004788,B10,Analog_IC,CH-01,7.785614526897283,7.961169483197435,6.295844337684376,6.325965174976994,9.195307075073003,6.32780487846262,10.77580517692725,6.499003787246976,0.01954608120645705,0.0012016570296526548,1.5804981018542463,0.17119890878435573
C004789,B10,Analog_IC,CH-01,8.19948923417796,8.419630454820156,6.653208859207306,6.680784211807302,9.803437617036083,6.772897679801591,11.5688455877023,6.8493222806559375,0.02186954953390378,0.0011704032558932992,1.7654079706662174,0.0764246008543461
C004790,B10,Analog_IC,CH-01,8.36519324938609,8.582597562383503,6.478841624967917,6.547313724079278,9.898916973665877,6.717458056466596,11.466808252283466,6.862751131590819,0.02002924090208307,0.00219053755216348,1.567891278617589,0.14529307512422296
C004791,B10,Analog_IC,CH-01,7.415916078821076,7.531416060507607,6.256735224408561,6.28861432465598,8.013298429954823,6.492360883144365,10.00803554927787,6.4598631415846866,0.0171987464497935,0.0011892278953382382,1.994737119323048,-0.03249774155967877
C004792,B10,Analog_IC,CH-01,7.759528107881434,8.500059392153009,6.8024238363226575,6.934789286836792,13.473444683895194,7.657026881507278,14.38151524617508,7.511590523461681,0.04084344343070883,0.004005564143228397,0.908070562279887,-0.14543635804559685
C004793,B10,Analog_IC,CH-01,7.475771227713184,9.912114689650094,6.241227435913034,6.445300671946893,20.47208895722023,7.001984211420112,25.305962294943903,7.43821215221026,0.10690171948120701,0.00689521861294005,4.833873337723674,0.4362279407901486
C004794,B10,Analog_IC,CH-01,8.827931508323779,14.550400720332252,6.412574196547988,6.483090776523047,61.88472374827952,6.955764068716855,49.656958969942885,7.33865126653207,0.2437955434000738,0.0059413922917293215,-12.227764778336635,0.3828871978152151
C004795,B10,Analog_IC,CH-01,12.519977270990204,12.93064385450087,6.673275932499338,6.728869857982137,13.242079920332165,6.935972444318379,16.63953748312001,7.0500270920887615,0.025756205754299575,0.0022302585701848903,3.397457562787844,0.11405464777038254
C004796,B10,Analog_IC,CH-01,8.666026513148514,8.85057617924749,6.631852260836714,6.6664897505641605,9.970450899290494,6.824898114592614,11.707024843638095,6.860444517706531,0.01983644905826809,0.001346908105155352,1.736573944347601,0.035546403113917435
C004797,B10,Analog_IC,CH-01,8.189672372740272,8.55520552322135,6.598577984817388,,10.13032015405004,6.719019508584075,12.322333039518576,8.242644948424328,0.026160607752064066,,2.192012885468536,1.5236254398402531
C004798,B10,Analog_IC,CH-01,9.119902325104787,9.181581922188904,6.6656743487083165,6.7690219635926345,9.678627513718787,6.835620435884581,10.990737589413609,7.195302180049466,0.01256358102239378,0.0029602792809502176,1.3121100756948216,0.3596817441648845
C004799,B10,Analog_IC,CH-01,7.833978220880132,7.795180488314651,6.658699075323747,6.655196961271605,8.603181204745432,6.784752644251032,9.92490833024196,6.703768240691306,0.014789776680050758,0.000337300551525705,1.321727125496528,-0.08098440355972603
C004800,B10,Analog_IC,CH-01,8.374022069156561,8.226117579209012,6.963341839833388,7.028833086313734,9.180806120304034,7.304815234717912,10.510237118991908,7.2755108449269486,0.015861941248492335,0.0017130399903695483,1.329430998687874,-0.029304389790963725
C004801,B10,Analog_IC,CH-01,8.837132067886712,9.100408487667275,6.305850053135134,6.286058846278005,10.52281989186244,6.46628784129982,12.270413743687001,6.422810119537342,0.022013925389025874,0.0009496616198565085,1.7475938518245613,-0.04347772176247844
C004802,B10,Analog_IC,CH-01,9.673796939737777,9.707740870175368,6.614288735041209,6.605096904401647,10.548907411948967,6.848633460973538,11.639973709032262,6.693349328218991,0.013418283603172876,0.0006128640542871087,1.0910662970832945,-0.1552841327545469
C004803,B10,Analog_IC,CH-01,9.260880087479377,9.44397764230419,6.92197533726366,6.925026132940984,10.309487412306886,7.074838948199733,12.44244859413979,7.011209477094014,0.020822714943302775,0.000598495445507151,2.132961181832904,-0.0636294711057186
C004804,B10,Analog_IC,CH-01,8.764413858371029,9.805828618170851,6.606300429491832,6.748620867194349,16.397360183325834,7.603925124180034,17.209445811094636,7.403954339696707,0.051414008284192944,0.004550926892377485,0.812085627768802,-0.19997078448332672
C004805,B10,Analog_IC,CH-01,8.699817426406344,9.007518575359263,6.571731998449748,6.620980234044117,9.891921005787855,6.789226453282612,12.502557369301092,6.8789028323546475,0.024271102735707144,0.0017911291549342406,2.610636363513237,0.08967637907203585
C004806,B10,Analog_IC,CH-01,8.31250258556176,8.417244253486942,6.197926350551001,6.184115273152098,22.513568400214563,6.2036031236146,10.738854361977435,6.28713755793553,0.016122292420072865,0.0007154325332182817,-11.774714038237128,0.08353443432093055
C004807,B10,Analog_IC,CH-01,7.943830240726958,8.090274459286391,6.354173866143024,6.386531717745425,9.163599718798448,6.488027007512157,10.723698078985642,6.565599090892696,0.01828766402568924,0.0012435234246338275,1.5600983601871938,0.07757208338053889
C004808,B10,Analog_IC,CH-01,8.20321555868304,8.504670755867673,6.49431449630755,6.517026755652157,24.09090607645578,6.656511437274756,12.109080709744646,6.6773285533127265,0.0250306246797012,0.001113206928198397,-11.981825366711135,0.02081711603797043
C004809,B10,Analog_IC,CH-01,8.427665707746215,9.26410479045626,6.57483787317635,6.727068602412341,13.851076338653291,7.689739809700667,15.450157089840364,7.39471353356131,0.04295869652350072,0.00463642313297895,1.5990807511870724,-0.2950262761393567
C004810,B10,Analog_IC,CH-01,7.685303936318205,7.892302988189844,6.482076717099736,6.480950450243776,8.952312623113706,6.676363590496174,11.080031804724172,6.5509868007056165,0.02213700567037728,0.00048636354487389494,2.127719181610466,-0.12537678979055755
C004811,B10,Analog_IC,CH-01,8.765031297011067,8.750019920027727,6.4335454855675005,6.4797522620279,18.84548759544317,6.569772345128227,10.44893348283975,6.696390284030145,0.011798010852861276,0.0015044307083489237,-8.39655411260342,0.12661793890191841
C004812,B10,Analog_IC,CH-01,8.455925777956539,8.623863142573438,6.58425947543129,6.58577093829897,9.55258668202763,6.722307914002672,11.533663670212116,6.660411608695322,0.020206948108601932,0.0005183379888635512,1.9810769881844852,-0.06189630530735002
C004813,B10,Analog_IC,CH-01,8.687742762545712,8.91318112714407,6.680999244726201,6.705655065617917,9.170033871609682,6.94652709773794,12.064136033691018,6.868260664654214,0.02188163129546492,0.0011292055488631744,2.894102162081335,-0.07826643308372638
C004814,B10,Analog_IC,CH-01,8.28549709796375,8.383125185611366,6.662469244783603,6.707138422719464,8.793001019023919,6.853379890361168,10.732138411979532,6.924787501672903,0.016312591849778933,0.0015114519371766542,1.9391373929556135,0.07140761131173434
C004815,B10,Analog_IC,CH-01,8.877710902581056,8.827161651276445,6.5597118514196735,6.549333471579792,9.088647702603948,6.647917924064356,10.758040222874154,6.621458673861105,0.013408878969428538,0.0005008694602868976,1.6693925202702058,-0.026459250203251017
C004816,B10,Analog_IC,CH-01,9.38681529055417,9.494827131427224,6.544123856308951,6.486290773220601,10.12917227040228,6.5385269207275245,11.395524574285126,6.703402693093355,0.013199287797624323,0.001507721665783014,1.2663523038828455,0.1648757723658303
C004817,B10,Analog_IC,CH-01,8.284755184546128,13.478555839665326,6.533743741604246,6.66569176730435,47.177801671997855,7.347285608237659,45.40819822772721,7.669261254683331,0.2217336276948742,0.006969232551242926,-1.7696034442706434,0.3219756464456722
C004818,B10,Analog_IC,CH-01,8.509722753766315,8.944145746093268,6.715950263351574,6.729466934195667,9.84572610515931,6.813114679574311,13.398272844157887,6.8711220035841265,0.0309314381810043,0.00098371575964208,3.5525467389985774,0.05800732400981534
C004819,B10,Analog_IC,CH-01,7.985386041197128,7.915685055931246,6.513636722323725,6.5733458415421735,8.412993906094977,6.760003161733455,9.877280889455326,6.8189718204830765,0.013622193288361666,0.0017057359648673818,1.4642869833603491,0.058968658749621206
C004820,B10,Analog_IC,CH-01,8.965443984120272,8.806123336380036,6.673463269426587,6.703197801233901,9.537799982545176,6.86853716787949,11.038463861603438,6.830835347638607,0.015502364758495844,0.0008863718500326831,1.500663879058262,-0.03770182024088253
C004821,B10,Analog_IC,CH-01,9.035889677250536,9.25879509153564,6.261812915041627,6.26095102114586,9.998282235343584,6.418092702674402,12.349777358370137,6.344133802293177,0.02146515463079511,0.0005776582024119262,2.3514951230265524,-0.07395890038122488
C004822,B10,Analog_IC,CH-01,8.298512809772774,8.299537903455967,6.778735226397258,6.822440942677547,8.379276352598444,7.051769166071927,10.11752432367063,7.0265999428632036,0.012624905695935155,0.0014177708346226152,1.7382479710721856,-0.0251692232087235
C004823,B10,Analog_IC,CH-01,7.475809207222777,7.543760560296114,6.594026111841519,6.601113260243998,7.939978407030623,6.762902086540595,9.938088086202722,6.678414927526641,0.016627274485462553,0.0005368171339072476,1.9981096791720985,-0.08448715901395332
C004824,B10,Analog_IC,CH-01,8.393734601140421,8.518972535345146,6.797725476358807,6.807248883307524,9.41269767345944,7.100896248137207,11.205037921900644,6.904279605081635,0.018653231851079848,0.0006738244567646588,1.792340248441203,-0.19661664305557203
C004825,B10,Analog_IC,CH-01,8.294978912007895,8.641799510447,6.534999404657151,6.549163603572029,10.069213663982987,6.6811727716301945,12.552563028707226,6.6840860933110555,0.027158079987918242,0.0009369617342987962,2.483349364724239,0.002913321680861003
C004826,B10,Analog_IC,CH-01,7.732148433641985,7.859171057381358,6.488229375065252,6.541179236182394,8.20698544982958,6.689835295362649,10.346154005838741,6.788235734046858,0.017270714919842937,0.001715670124058778,2.139168556009162,0.09840043868420878
C004827,B10,Analog_IC,CH-01,7.366716451749384,7.478239205220741,6.513567160513202,6.538851517639088,8.449383354512568,6.792686544953589,10.039939610455498,6.683799539877294,0.01778958614746359,0.001006583487765315,1.5905562559429303,-0.10888700507629512
C004828,B10,Analog_IC,CH-01,11.911260046110463,9.716694176224964,6.896658563538473,6.746140941746842,8.878859494128683,6.572395291341736,11.685069665578677,6.746213830844635,0.013669274231623008,5.061742902292801e-07,2.806210171449994,0.17381853950289905
C004829,B10,Analog_IC,CH-01,8.710478561493392,9.628270632766313,6.563832063124183,6.630590102985572,15.10062129588366,7.085474677248159,16.625479742242334,7.008551530281037,0.048591729926916814,0.002624732133996283,1.5248584463586745,-0.07692314696712277
C004830,B10,Analog_IC,CH-01,7.922706337709885,9.17312276334634,6.607747196131072,6.75209844567214,16.049636442414972,7.339068792493278,17.914732999201064,7.423682764562691,0.060705626637880025,0.00466377999229549,1.8650965567860922,0.08461397206941257
C004831,B10,Analog_IC,CH-01,8.590995564557396,8.850323545808852,6.70380200474271,6.689338474449942,10.354489552501873,6.840801614010591,12.181928515551395,6.802585026732245,0.023136145623212104,0.0007864343908493307,1.8274389630495218,-0.038216587278345315
C004832,B10,Analog_IC,CH-01,7.920526770516904,8.051345762556045,6.533329227525529,6.5811291072765385,9.731298623730687,6.790777057190179,10.578919025671144,6.811364955546135,0.017552592104965972,0.0015988600574277521,0.847620401940457,0.020587898355955758
C004833,B10,Analog_IC,CH-01,7.618977082823825,12.89262030914494,6.573409018336388,6.807442542644098,47.517644468408896,7.968152256844808,45.07593630717934,8.154541155950248,0.22349524998635,0.009354851481292713,-2.441708161229556,0.18638889910543988
C004834,B10,Analog_IC,CH-01,8.862662501152998,10.779117564155962,6.596215039640648,6.7098547079602415,22.36076149946584,7.691710665038112,23.42323231879781,7.349807233212278,0.08780635246279062,0.004444114758694699,1.0624708193319705,-0.34190343182583405
C004835,B10,Analog_IC,CH-01,7.882722663372002,8.246116301747628,6.485362567653393,6.681596426240618,11.69218386987819,7.624137141979308,11.474309166151041,7.457180562508949,0.02241800600280148,0.005386000946307855,-0.21787470372714957,-0.1669565794703587
C004836,B10,Analog_IC,CH-01,7.867362845463402,8.22840506534771,6.450251946958596,6.427021778360473,9.09977474599188,6.618007226036364,12.081705654751836,6.570389346070982,0.02675903187086199,0.000995608109100759,2.9819309087599564,-0.04761787996538214
C004837,B10,Analog_IC,CH-01,8.646380815892806,9.165668520353975,6.689587548715499,6.76658464969831,12.807041520983857,7.436877231715886,13.82799999755116,7.1401412451073245,0.03237730192498045,0.0025941430236737107,1.0209584765673032,-0.29673598660856193
C004838,B10,Analog_IC,CH-01,8.929459278299573,9.765516342160526,6.438182460849703,6.644571318174304,14.222291137048918,7.595925737173128,15.584659271263373,7.51230506825204,0.04041071478543644,0.006025928819984279,1.3623681342144547,-0.0836206689210881
C004839,B10,Analog_IC,CH-01,8.941920065339382,9.062327764669154,6.49889592852639,6.529958530219046,10.038547892764049,6.695953161908309,11.492296500194708,6.708541977775036,0.016874782885594124,0.001240162830249932,1.4537486074306596,0.01258881586672711
C004840,B10,Analog_IC,CH-01,13.195245597171796,13.255886740469032,6.547021989184024,6.568333254406948,14.114607710310525,6.939604898600716,14.989656201278953,6.737995873864155,0.012040065700068893,0.0011782126351194936,0.8750484909684282,-0.20160902473656073
C004841,B10,Analog_IC,CH-01,8.293004497895941,8.320649674826385,6.205429832507888,6.208559112102714,65.03826269576709,6.395030655971431,10.316735474120419,6.276412888091823,0.013861706939541906,0.0004712067777021452,-54.72152722164667,-0.11861776787960832
C004842,B10,Analog_IC,CH-01,7.300765370767441,7.340445005061675,6.256629203734295,6.306610704539503,7.909743774820256,6.494193722104121,9.293050425207676,6.534661510494711,0.013559759862125006,0.0015836861524667221,1.3833066503874205,0.04046778839059062
C004843,B10,Analog_IC,CH-01,9.885967825033012,9.746472042048886,6.504486840237365,6.509986502891541,9.76109168575471,6.5960257812254,11.786278944838102,6.565445368815988,0.014165325713814002,0.0003851310133642125,2.025187259083392,-0.030580412409412006
C004844,B10,Analog_IC,CH-01,8.676176397044285,8.860767033590092,6.404038655921011,6.434628495238597,9.41786415670607,6.660696013939604,11.668312907818411,6.616431461438994,0.019496846348807773,0.00126252059861387,2.2504487511123408,-0.04426455250060979
C004845,B10,Analog_IC,CH-01,8.677962397439757,8.714667157599912,6.25262425410263,6.25529965771609,9.70526700014221,6.406106711802836,10.741917880482557,6.32499891093298,0.014078130020018367,0.0004840225917839527,1.0366508803403462,-0.08110780086985603
C004846,B10,Analog_IC,CH-01,9.941665723369484,10.087539567048362,6.373154810718118,6.470398082361948,28.158414718772047,6.783253507031592,12.229157157550834,6.894828586468721,0.014872344378489388,0.002947434056297037,-15.929257561221213,0.11157507943712908
C004847,B10,Analog_IC,CH-01,8.719434523887525,8.792034103925262,6.455696881498109,6.486165889824768,9.179813709496178,6.684478610498944,10.95318195903109,6.656740742574899,0.015007971216012692,0.0011845475885425714,1.7733682495349115,-0.027737867924045645
C004848,B10,Analog_IC,CH-01,8.645036748219342,8.953462816420569,6.798521317888438,6.785816359733613,9.937871649016351,6.828916795069005,12.609807400308021,6.898608410686524,0.025391281832551755,0.0007832781316174375,2.67193575129167,0.06969161561751935
C004849,B10,Analog_IC,CH-01,7.808513971150746,7.90371655859083,6.733465736730803,6.700253468514226,8.174586096495545,6.849847091674412,10.175800942548804,6.836016296669725,0.015778363777485933,0.000942797417746524,2.0012148460532586,-0.013830795004686536
C004850,B10,Analog_IC,CH-01,12.105533474303815,11.278104745209529,6.903877337364047,6.811452316521495,10.08641154383192,6.684628041713445,12.635356840565937,6.941764947286036,0.00942536177330839,0.0009049488247537571,2.5489452967340167,0.25713690557259117
C004851,B10,Analog_IC,CH-01,8.528965171568307,8.860379178432263,6.6557750536737545,6.6549036593285615,10.22268965157444,6.777314851510643,12.740076753980976,6.742077940816201,0.02694234427464384,0.0006053769547752744,2.517387102406536,-0.0352369106944419
C004852,B10,Analog_IC,CH-01,8.77028943472066,8.921138066734304,6.499636222772538,6.580287131872307,9.150501665359188,6.918251194831318,11.326523810322639,6.935347003592074,0.01670406766380788,0.0024656935536094948,2.1760221449634507,0.017095808760756448
C004853,B10,Analog_IC,CH-01,12.673564163107985,11.055503971140627,6.5612090129021166,6.449411823309562,9.344195564516363,6.350282808259652,12.133512301422346,6.512778408842934,0.007486168960289715,0.0004400457328706346,2.789316736905983,0.1624956005832816
C004854,B10,Analog_IC,CH-01,8.57759841000428,8.742267277805858,6.438708815610802,6.472375989192404,9.342628310543288,6.7143918179826905,11.438717168324224,6.662068975523135,0.018725346461933096,0.0013173124050745197,2.096088857780936,-0.05232284245955565
C004855,B10,Analog_IC,CH-01,7.845624411318927,12.994064998329726,6.444474820919783,6.630299608718516,47.15627590737565,7.576606684056641,44.5126703555052,7.807900629979759,0.21887920386927412,0.008177784869869741,-2.6436055518704507,0.23129394592311847
C004856,B10,Analog_IC,CH-01,8.289282307036572,8.323665399069045,6.680218058994866,6.701434061674371,9.187504150300104,6.813133974640897,10.404689679402773,6.830812728183078,0.014451557502317561,0.00089846296186602,1.2171855291026699,0.017678753542180736
C004857,B10,Analog_IC,CH-01,8.023414204341153,8.951796155419963,6.310483669067155,6.477103963559092,14.680601171664966,7.509298864573615,15.550133382158789,7.206326198924434,0.0458217862967974,0.005064043301148211,0.8695322104938228,-0.3029726656491807
C004858,B10,Analog_IC,CH-01,8.843943748874764,8.932366105387546,6.404134390494869,6.387476529066943,10.2114380749487,6.558712546523898,11.133685350572406,6.497104951165721,0.015286939202672644,0.0007613084867970694,0.9222472756237057,-0.06160759535817739
C004859,B10,Analog_IC,CH-01,9.473984045404409,9.380148960082648,6.523811278304177,6.552027489567028,9.705038345831312,6.634821342690802,11.29971151839272,6.693375308198819,0.013330295543819938,0.0009815820738318843,1.5946731725614072,0.05855396550801739
C004860,B10,Analog_IC,CH-01,8.657767670118188,13.181442528693522,6.428507585153777,6.571222422524846,43.372577617728695,7.600311176695826,40.976024675884254,7.56246081239814,0.1930179315777134,0.0068835999296756505,-2.3965529418444405,-0.03785036429768596
C004861,B10,Analog_IC,CH-01,8.32174201832807,8.624147829729141,6.319386864787395,6.354496208014154,8.920378210770203,6.348234912068551,12.115123776666374,6.5612865929575355,0.02424288852039745,0.0014360443398845962,3.194745565896172,0.2130516808889844
C004862,B10,Analog_IC,CH-01,10.481047104683784,9.049802635695782,6.855494913062485,6.727567104061671,8.277697843744539,6.593294171485101,11.995449114751612,6.803810493786225,0.020455878326776596,0.0005294679841982903,3.7177512710070726,0.21051632230112372
C004863,B10,Analog_IC,CH-01,7.698652264752022,7.8049141817982415,6.608610600636935,6.667916074106209,8.273405659369608,6.861383023543207,10.182670828105676,6.933777686886167,0.01651219893269052,0.0018462611998608163,1.9092651687360682,0.0723946633429593
C004864,B10,Analog_IC,CH-01,8.117643792047662,8.25352652367421,6.445623011695087,6.48378561815937,9.523367352954413,6.832694089443015,10.807894174679214,6.682946555603261,0.017738664243090303,0.001383062065582573,1.2845268217248016,-0.14974753383975425
C004865,B10,Analog_IC,CH-01,8.008274267903174,8.228384578670115,6.390922124348206,6.386047095109686,9.12516495759978,6.525941526297384,11.400215851236952,6.470441262798092,0.02202660605949193,0.0005860706089472632,2.2750508936371716,-0.055500263499292046
C004866,B10,Analog_IC,CH-01,8.52685010410475,8.537097791136947,6.567063439935219,6.627492789352504,8.626416777248503,6.768906282921527,10.251480057325928,6.895158092177155,0.011905432404090144,0.0018587868251711856,1.6250632800774252,0.12625180925562773
C004867,B10,Analog_IC,CH-01,8.54446851173547,13.911196814768717,6.737020904179307,6.920724034098386,50.46986212000494,7.99476185570593,46.64649760657593,8.125312214198301,0.2273284777208834,0.008365195695138296,-3.823364513429013,0.1305503584923713
C004868,B10,Analog_IC,CH-01,7.588747977612557,7.703488290072965,6.46891225763474,6.487597546286592,8.124793869053285,6.621893248167991,10.279294814112466,6.611644550545277,0.017887545305829873,0.0008614375295742013,2.1545009450591817,-0.010248697622714076
C004869,B10,Analog_IC,CH-01,8.375659726224939,8.668539679145592,6.819987947036028,6.824979696440826,10.069702834992777,6.832491514122956,12.36713489711834,6.921694883874311,0.025684689013699642,0.00067163324606587,2.297432062125564,0.08920336975135523
C004870,B10,Analog_IC,CH-01,12.146123553985335,9.65148742464112,6.921230778062634,6.821564233262407,8.735389842824922,6.756294473389284,12.01049491363474,6.652417432651284,0.01638199645134459,-0.0011746305597994636,3.2751050708098184,-0.10387704073799942
C004871,B10,Analog_IC,CH-01,7.819715255446079,8.069041091865074,6.204341421991847,6.259694128118434,9.244090957282552,6.562844811594005,11.16839955539215,6.530555159532339,0.021523322663382465,0.0018809793848187867,1.9243085981095973,-0.032289652061665564
C004872,B10,Analog_IC,CH-01,7.763710020697082,7.632511594257126,6.257696535921127,6.2856654630360085,8.122816234849646,6.506742703782408,9.956496640532723,6.406169128202263,0.016138785043580534,0.0008368310080989914,1.8336804056830776,-0.10057357558014512
C004873,B10,Analog_IC,CH-01,8.25379907349225,8.335423210082869,6.634173032868945,6.695256118471118,9.234995749391532,6.9799982660142295,10.514355592690496,6.969070860858899,0.015131474879219632,0.0019014912665818143,1.2793598432989643,-0.010927405155330305
C004874,B10,Analog_IC,CH-01,8.299516239310034,8.404382112711142,6.575936531677669,6.614888436270146,9.765411425162798,6.656468314651816,10.793387396358291,6.814101788609609,0.01659031446977187,0.001383426057912936,1.0279759711954934,0.1576334739577927
C004875,B10,Analog_IC,CH-01,8.716936367650526,8.822699800428271,6.514138453523662,6.530635251646305,9.590596111805745,6.80689206330062,11.25742080239282,6.6545964031557645,0.016907784735864923,0.000860841329926803,1.6668246905870756,-0.15229566014485574
C004876,B10,Analog_IC,CH-01,8.709862474971477,8.93477085060153,6.747498424143166,6.770052300357047,18.317057090499627,6.930894490762866,12.107682420818321,6.924924993388803,0.022034108126505487,0.0010755048127205253,-6.209374669681306,-0.00596949737406316
C004877,B10,Analog_IC,CH-01,8.888719207523732,9.262317750939806,5.819306678995584,5.840533240091037,10.802943162579917,5.9110751013153,13.036086303918456,6.013669651287989,0.026206726062351735,0.0012023361888677253,2.233143141338539,0.10259454997268946
C004878,B10,Analog_IC,CH-01,7.919308946198636,8.06557185585159,6.485609945952454,6.549157489726189,8.482140132608029,6.664767139097099,10.599576946999035,6.836890831206764,0.017597257577412803,0.0019981482047262194,2.117436814391006,0.1721236921096656
C004879,B10,Analog_IC,CH-01,8.33850845694273,9.197158827978388,6.596863576553004,6.721741066855536,14.877731244618024,7.598652742659863,15.652865456261608,7.293828604360024,0.04483129602974459,0.003972830121558944,0.775134211643584,-0.3048241382998391
C004880,B10,Analog_IC,CH-01,8.45314362188919,8.680632253391392,6.007090472537438,6.01266142873564,9.365052778577166,6.181171720199109,11.77369021346218,6.110376493232344,0.021479569167158246,0.0006785768367826664,2.408637434885014,-0.07079522696676488
C004881,B10,Analog_IC,CH-01,8.243280735845278,8.704285925621713,6.335325056740393,6.470704376015638,11.546366419643151,6.981303799866315,12.677478927859159,7.047286306677745,0.027591618071093376,0.0040040411851535234,1.1311125082160078,0.06598250681143014
C004882,B10,Analog_IC,CH-01,7.854252027358119,8.003341068178877,6.520410200447673,6.562821443614108,8.746577642954616,6.748900307566954,10.665189177938526,6.775352985498545,0.018485056317775344,0.0014759134853085912,1.91861153498391,0.026452677931590785
C004883,B10,Analog_IC,CH-01,8.045500029475592,8.26605565648456,6.594228408917102,6.584880979779222,9.140648502353256,6.686600665607712,11.44571857209109,6.678968015099496,0.022080992469489788,0.000653382189724124,2.305070069737834,-0.0076326505082162655
C004884,B10,Analog_IC,CH-01,9.127495386805805,9.19000621369711,6.420568926695859,6.471234001654922,9.250093840181,6.800650906060532,11.151351422868343,6.715655311086252,0.013620452841466894,0.0016973702043842323,1.901257582687343,-0.08499559497427978
C004885,B10,Analog_IC,CH-01,8.85073674898503,8.865534515984308,6.515976382195067,6.518284792459738,10.035152509516754,6.684140672207421,10.816855516908806,6.58451347002217,0.013550840284197903,0.00045992137196133106,0.7817030073920517,-0.09962720218525067
C004886,B10,Analog_IC,CH-01,8.439989392337253,8.810401622876887,6.454494647432374,6.446652242269312,10.275276586757563,6.612854963648867,12.809400950390383,6.555949328478153,0.027770828663288172,0.0007590075431169493,2.53412436363282,-0.056905635170713786
C004887,B10,Analog_IC,CH-01,8.217156937012016,8.562828171391047,6.163066926899674,6.200286340420231,9.614754483385289,6.455806145829189,12.263083419197676,6.41925237961232,0.025696216998657144,0.001520597494389511,2.648328935812387,-0.03655376621686823
C004888,B10,Analog_IC,CH-01,9.558370361869638,10.477731944202947,6.415557467870363,6.590305831586382,65.48873663405436,7.644521527596938,16.840817942334574,7.361528867636013,0.04418809720924741,0.005355715528122436,-48.64791869171979,-0.28299265996092515
C004889,B10,Analog_IC,CH-01,8.266962492932917,8.326764424699748,6.496786943826915,6.475340257082366,9.661742688511744,6.552640219783225,10.393381143726717,6.588446467647672,0.014351504993242843,0.0007854597955924013,0.7316384552149735,0.035806247864447194
C004890,B10,Analog_IC,CH-01,7.734600015231778,9.05855831855636,6.496784657650703,6.552476318363031,16.195470477058993,6.851452975294677,18.610486782767218,6.917981280408869,0.06633283655701985,0.0025382289030960983,2.4150163057082246,0.06652830511419161
C004891,B10,Analog_IC,CH-01,8.278313168086553,8.432440714311264,6.485017422348631,6.547518489099352,9.701538148201523,6.755127442746447,10.981593193858476,6.8351620086489255,0.017702447774633416,0.001997524441316481,1.2800550456569528,0.08003456590247815
C004892,B10,Analog_IC,CH-01,8.524532296202965,8.896094274807309,6.416391857456424,6.406038837044374,9.771985578779448,6.507350425794844,12.858096084540193,6.5232277186270995,0.027513901456478362,0.0008138116776578164,3.086110505760745,0.015877292832255918
C004893,B10,Analog_IC,CH-01,8.463373271768573,8.626493836991,6.405401282703856,6.373734010255822,9.491674053794757,6.451789641137615,11.15585196246728,6.527099375347171,0.01756498698247417,0.0010650372575788133,1.6641779086725226,0.07530973420955611
C004894,B10,Analog_IC,CH-01,8.898865306950173,9.196330651103716,6.326720277955504,6.371913860597492,10.49927483889561,6.514110891169198,12.553487192206193,6.618884556973562,0.02331358709098942,0.0017150742803893739,2.0542123533105823,0.10477366580436431
C004895,B10,Analog_IC,CH-01,9.19614620750142,9.178328335406343,6.80732415665214,,10.258565121605468,7.077522700880587,10.81884765087758,8.295532026398853,0.011392495246328028,,0.5602825292721114,1.2180093255182651
C004896,B10,Analog_IC,CH-01,14.138509004587917,14.11653766782072,6.330831424054501,6.40387717904825,14.255511239186031,6.7510354244129305,15.107728124295525,6.755135008671982,0.0068832670588528065,0.002439290483498144,0.8522168851094936,0.0040995842590518805
C004897,B10,Analog_IC,CH-01,9.089073288778216,9.295430444102944,6.8696365728665,6.8863581984868265,10.605317883639382,7.031631153768471,12.378655762048943,7.021309419327438,0.02141128693018055,0.0009371612558375807,1.7733378784095617,-0.010321734441032682
C004898,B10,Analog_IC,CH-01,8.042605698618823,8.02697805367983,6.5098875523297055,6.552716636373912,8.476313609714365,6.844723955240038,9.845528309272963,6.751135585137449,0.012628821219396754,0.0013779093664134533,1.3692146995585972,-0.09358837010258902
C004899,B10,Analog_IC,CH-01,8.83688258757575,9.83456704190447,6.714050521180648,6.837491401799689,17.014833200887345,7.874475022508958,17.095593955521263,7.420995779325374,0.050423798011227726,0.004052113732817257,0.08076075463391774,-0.4534792431835841
C004900,B10,Analog_IC,CH-01,8.734653340201605,9.57950564538366,6.73451276349231,6.891332535690505,14.134231265430438,7.678871706681355,15.824831688793621,7.575443679567265,0.043370319745902504,0.0047507718324775,1.6906004233631826,-0.1034280271140906
C004901,B10,Analog_IC,CH-01,8.610300994166817,8.765258361040972,6.366472136351865,6.425803995355393,10.17699741774454,6.600897800584205,11.262295480284212,6.70646208441882,0.017340535550300278,0.0019490145073849077,1.0852980625396729,0.10556428383461469
C004902,B10,Analog_IC,CH-01,7.694731111138844,8.80931010726969,6.766880063234178,6.782494895243818,8.301686984101844,6.929235871639547,17.38031564531711,6.985259490503704,0.05952087179199598,0.0014080874670825416,9.078628661215268,0.056023618864157854
C004903,B10,Analog_IC,CH-01,8.79143852970599,9.332815179791336,6.302108564792673,6.362839812486284,12.42288263430252,6.839211033923374,14.05230800488343,6.6877405526345175,0.03277425572980622,0.00225625513991829,1.6294253705809112,-0.15147048128885654
C004904,B10,Analog_IC,CH-01,8.928271285021818,9.07283243890349,6.649530626244126,6.727517394711668,10.07725033969416,6.891754630829488,11.48865797201909,7.071648178188076,0.016776566202191662,0.0023897971074750496,1.411407632324929,0.17989354735858765
C004905,B10,Analog_IC,CH-01,8.565128487675151,8.775886248512986,6.446133875350816,6.518827175194314,9.037538822117362,6.72369143615511,11.57088339663905,6.850638398149642,0.019409702417542116,0.002304244603856445,2.5333445745216885,0.12694696199453226
C004906,B10,Analog_IC,CH-01,7.42866351862232,7.640936245732501,6.654343140866662,6.663104740285493,8.314489584821922,6.795174781393284,10.903478685632667,6.758463554243033,0.02265654472152893,0.0006622139858162476,2.5889891008107444,-0.03671122715025099
C004907,B10,Analog_IC,CH-01,9.666499077343062,9.829414288834013,6.592607133007435,6.6159987400719045,10.700929706747605,6.831374472408111,12.49760605078269,6.776592369221797,0.018529109457976922,0.0011152335357631432,1.7966763440350846,-0.054782103186314046
C004908,B10,Analog_IC,CH-01,7.76164525978488,8.14017552228412,6.568180107350535,6.532275455265916,8.608081005138438,6.638679976142047,12.017879164357645,6.705269252320431,0.02692849751439948,0.001201345812878575,3.409798159219207,0.06658927617838373
C004909,B10,Analog_IC,CH-01,8.444484667702083,8.653581651145013,6.646666006945393,6.63016049850807,9.28300232526577,6.574436819677858,11.66994253330598,6.743341443652852,0.02094695057056227,0.0007859787857276516,2.38694020804021,0.16890462397499384
C004910,B10,Analog_IC,CH-01,8.40022119188109,8.537182863551818,6.418801211578493,6.443195251004066,9.740255937279205,6.591482146537335,11.124496765241997,6.596243432545819,0.01796745765062624,0.0010628345940399532,1.3842408279627918,0.0047612860084838005
C004911,B10,Analog_IC,CH-01,12.208102371303804,10.290851685757984,6.802452702353386,6.612039808064048,8.753097319014284,6.625119761863853,11.306658035167281,6.7733501880358045,0.007054210759786788,0.0011202109720260872,2.5535607161529974,0.1482304261719518
C004912,B10,Analog_IC,CH-01,8.58336668594263,8.838772599281103,6.5656569182730165,6.5975853061315926,9.63099270767859,6.791523897141992,12.112391162268612,6.788669556809397,0.022733462242968808,0.0013269739630403109,2.481398454590021,-0.0028543403325942407
C004913,B10,Analog_IC,CH-01,8.006170202655,8.164836695637728,6.917285452906914,6.914457422452141,8.71898730578615,6.995766063814634,11.128975056495776,6.984061008517443,0.02058429417262533,0.0004833582365645967,2.4099877507096252,-0.011705055297190903
C004914,B10,Analog_IC,CH-01,7.237408304517298,7.446787060315013,6.308736738715534,6.340166261182779,8.199259752080607,6.577274599787104,10.51549283712884,6.516203698401915,0.021310456783429348,0.0012224822029106635,2.316233085048232,-0.06107090138518867
C004915,B10,Analog_IC,CH-01,8.028059031318191,8.252965728992914,6.552222939939749,6.550672870033625,9.712491877209091,6.697619121842882,11.524915066690621,6.625882642124781,0.022721870400678523,0.0005222900839663579,1.81242318948153,-0.07173647971810126
C004916,B10,Analog_IC,CH-01,10.01310083951162,10.284151801742684,6.370850986862715,6.4358887510206175,11.389304384753856,6.607945754476967,13.295796354824926,6.759319302249457,0.020914198285293346,0.002246045494644719,1.9064919700710696,0.15137354777249
C004917,B10,Analog_IC,CH-01,8.428021302863462,9.1947543263541,6.454499629543059,6.5813872993529445,12.86233260224214,7.187989498160595,15.033171521743473,7.155827050003728,0.040544563856870636,0.003989164935074884,2.1708389195013336,-0.03216244815686764
C004918,B10,Analog_IC,CH-01,8.821325342534402,8.722416582193153,6.138487670303756,6.18252834342265,9.613100260149992,6.35045377611587,10.585549137934057,6.377437703279637,0.012938420525978501,0.0013535372212290756,0.9724488777840659,0.02698392716376663
C004919,B10,Analog_IC,CH-01,7.5304475536247635,7.648857053271225,,6.762676792767069,8.60822339267072,6.978860801091638,11.071007682970205,7.825048646752963,0.023764934928465136,0.007377582319346487,2.462784290299485,0.8461878456613245
C004920,B10,Analog_IC,CH-01,8.524133236986847,8.715105076822784,6.616041487291503,6.629728314639627,9.73751940815478,6.724077868912457,11.70914495546003,6.749703021404821,0.020791943601647538,0.0008331576858694025,1.9716255473052495,0.0256251524923643
C004921,B10,Analog_IC,CH-01,7.732847499970892,7.818916469885451,6.259912203111723,6.301063087696142,8.576659685069547,6.442102966730521,10.047402332370684,6.505104204253508,0.01547559626725856,0.0014169521983150395,1.4707426473011367,0.06300123752298692
C004922,B10,Analog_IC,CH-01,8.682581957973149,9.06283029488206,6.815038863178578,6.886120940382761,10.410993595260992,7.102702880220907,12.970804020760854,7.2243860285141785,0.027138706429713846,0.002349063112023733,2.5598104254998617,0.12168314829327187
C004923,B10,Analog_IC,CH-01,8.455818289303245,8.454906369306427,6.337384340080708,6.364960378690589,8.742650408106751,6.476873788986281,10.19669040553715,6.5172654941145165,0.012095722473824474,0.0010576744126661627,1.4540399974303995,0.04039170512823542
C004924,B10,Analog_IC,CH-01,8.512298084217194,8.882403922884661,6.6082575828811,6.667223259219764,10.327628532174174,6.7535971284049845,12.733181575100907,6.963189685133907,0.02674151147372393,0.0020553224021815485,2.4055530429267336,0.2095925567289223
C004925,B10,Analog_IC,CH-01,7.577097726724531,8.819594175410247,6.539848983355445,6.5438304961987095,17.353119232418226,7.4862295247107165,18.1545629882253,6.717109738512439,0.06482617231121565,0.0012033280716231246,0.8014437558070746,-0.769119786198277
C004926,B10,Analog_IC,CH-01,7.452127178702134,7.798766676068814,6.436965518832932,6.484312280606442,9.227216543557187,6.708572142050689,11.623688189175247,6.729565109196546,0.02656195495212801,0.0017031446429868326,2.3964716456180604,0.0209929671458573
C004927,B10,Analog_IC,CH-01,8.30396175214392,8.386978175640838,6.6202479398854965,6.692962852009304,9.574151389038322,6.9024087390830005,10.514755185591511,7.00831262313292,0.014776229235768564,0.002189928966136222,0.940603796553189,0.10590388404991913
C004928,B10,Analog_IC,CH-01,8.769137824412695,8.832787474399272,6.342714133499687,6.336408147815392,9.053786974425115,6.470672763079637,10.982263379885161,6.416383513517709,0.014926916010318678,0.000555384484043865,1.9284764054600458,-0.054289249561928266
C004929,B10,Analog_IC,CH-01,8.981409980219787,9.159635946351752,6.304924622243602,6.343655860625674,9.607043710460442,6.557776750755241,11.832752002502815,6.557088950616853,0.01856330594549349,0.0014821742360498552,2.2257082920423734,-0.0006878001383876509
C004930,B10,Analog_IC,CH-01,8.700279594578685,8.772513554120204,6.181773999098734,6.236193466113267,9.49471242884525,6.366402897215286,10.738425504155138,6.494514342040141,0.013652166319687044,0.0017938949717143998,1.2437130753098877,0.12811144482485481
C004931,B10,Analog_IC,CH-01,8.039891604745078,8.665070564271291,6.394007113812056,6.538813597620331,9.7631813993389,6.610698626180478,13.610598586326155,7.160702614784798,0.034343944597603225,0.004318673730308796,3.847417186987256,0.5500039886043195
C004932,B10,Analog_IC,CH-01,16.640599434891246,16.571661613946326,6.223945963101977,6.268842881371693,17.12279436888231,6.562678672006117,17.36144916009613,6.531571679643171,0.005484635737151411,0.0018245055435519267,0.23865479121381838,-0.031106992362946784
C004933,B10,Analog_IC,CH-01,9.138681368808818,10.179069728556918,6.567679588122444,6.659275397170932,16.077402542854227,7.092683391956657,17.73398795302992,7.141141638649929,0.05246470989217363,0.0033462933436041453,1.656585410175694,0.048458246693271256
C004934,B10,Analog_IC,CH-01,8.302663767806065,8.525469341757029,6.636376932979094,6.689718848601803,9.661751050786162,6.884321771310137,11.564671452653888,6.949938378309537,0.021105570214561522,0.0018070800674148185,1.9029204018677266,0.06561660699940042
C004935,B10,Analog_IC,CH-01,7.825547671296391,7.963323024662383,6.447572072225798,6.435392367342831,59.50976577397997,6.539743401319166,10.610356975822441,6.529254499261946,0.01838218021638929,0.0006518203605494118,-48.89940879815753,-0.01048890205721964
C004936,B10,Analog_IC,CH-01,7.8910199017966995,13.132781412567466,6.234404933653895,6.331750834992966,45.07917053853082,6.904947550567935,45.508588506050835,7.2104692843900455,0.2248319937047456,0.006102211454146387,0.42941796752001693,0.30552173382211034
C004937,B10,Analog_IC,CH-01,8.26295115743819,8.425471849472352,6.719524114665031,6.778499881107605,8.944957091591284,7.00972567015836,11.115953200093223,7.051538348436526,0.018683898268200494,0.0018961004675619514,2.1709961085019387,0.04181267827816537
C004938,B10,Analog_IC,CH-01,8.70544503450448,8.921605988774743,6.713823632046504,6.739264485068624,9.954922930713938,6.973397580213391,12.022159916059307,6.903623723185277,0.021531624495031692,0.001141383598032311,2.067236985345369,-0.06977385702811478
C004939,B10,Analog_IC,CH-01,8.512474350097095,8.715006649880015,6.347649973473816,6.382325121788969,10.044516177685349,6.562393174715513,11.609217560222039,6.579496169874396,0.020098686877375163,0.0013692433894821332,1.5647013825366898,0.017102995158882806
C004940,B10,Analog_IC,CH-01,7.546815757131568,7.807430421311089,6.486056412514418,6.495475027548001,9.212316815533995,6.661084646496927,11.296844453859489,6.59948824270098,0.024232041892697218,0.0007223139941179105,2.0845276383254934,-0.061596403795946664
C004941,B10,Analog_IC,CH-01,8.448485564290461,8.398363536566642,6.5526046664505255,6.568192412793462,8.945160541719066,6.789199050502458,10.420438122278117,6.665908244011369,0.014042184622996359,0.0006785821612354649,1.4752775805590517,-0.12329080649108892
C004942,B10,Analog_IC,CH-01,8.58481561296517,8.852692119294913,6.480167419495713,6.580429016873366,9.476157730057164,6.839146804761139,11.869786913152822,7.014645443096116,0.020952047179568816,0.003015391848769095,2.3936291830956584,0.17549863833497703
C004943,B10,Analog_IC,CH-01,8.889697928649158,8.925918188284022,6.477594706120743,6.466445423023793,9.415886210496604,6.64040008723556,10.890471160796547,6.555829298257391,0.013642728975781424,0.0006207213557888767,1.4745849502999437,-0.08457078897816839
C004944,B10,Analog_IC,CH-01,9.178150405283032,9.6262183509288,6.660465765304838,6.630513440831261,9.272432069975109,6.732125329511806,13.8425788993818,6.8053934369777025,0.02928028158647917,0.001214444417683622,4.570146829406692,0.07326810746589629
C004945,B10,Analog_IC,CH-01,7.357786845903116,7.43223346557174,6.3437102748480685,6.392476222921928,8.12675143331779,6.583685676118335,9.618476667617982,6.618726788793184,0.015182244458654452,0.001571184485217055,1.4917252343001923,0.03504111267484955
C004946,B10,Analog_IC,CH-01,8.458733382090951,8.587700540347045,6.518142151825114,6.604868633071448,9.465679192789253,6.844257368887247,10.874702663266433,6.976537288234649,0.015881959186940194,0.002581032327522227,1.4090234704771802,0.13227991934740224
C004947,B10,Analog_IC,CH-01,8.239986981099925,8.150611851578775,6.411977319916127,6.433239003351099,8.447340665450724,6.647101195816972,10.28077506445513,6.541879161362244,0.014792800089419127,0.0007544455417440618,1.833434399004405,-0.10522203445472744
C004948,B10,Analog_IC,CH-01,9.182364175383483,9.463409700134836,6.700975480449756,6.7560655369273,10.448119568272675,6.956348852695887,12.767411387770233,7.034545920352287,0.0229444561641347,0.0019338915515624093,2.3192918194975576,0.07819706765639989
C004949,B10,Analog_IC,CH-01,8.345964748232031,9.017306875674532,6.413042666165224,6.4812673896278925,14.047799996336051,7.019657891882618,14.554160252481761,6.839195055738258,0.03845037067227243,0.0024856087924330916,0.5063602561457099,-0.18046283614436032
C004950,B10,Analog_IC,CH-01,8.162529134045439,8.071856597779824,6.487862015363709,6.500596247269281,8.582958452403982,6.704187075603635,10.280804661906046,6.577658992903432,0.015339917111987653,0.0005351579557927125,1.6978462095020639,-0.12652808270020266
C004951,B10,Analog_IC,CH-01,9.169191110628256,9.491042148341114,6.596382179924387,6.65776049873319,18.87632321007005,6.9036535341460725,12.975364201140312,6.963403841672286,0.024196680922216655,0.0021225232148548313,-5.900959008929739,0.059750307526213575
C004952,B10,Analog_IC,CH-01,8.123806649166756,8.294401944656006,6.3475957525796325,6.387719806554298,8.750937948099546,6.501614160825008,11.014492866338605,6.598070955555837,0.018889520289462496,0.001460771868066245,2.263554918239059,0.09645679473082858
C004953,B10,Analog_IC,CH-01,10.490737500261044,8.919814076038671,7.226446558583935,7.121563131404755,7.94055734251936,7.017505798324597,12.428017843150297,7.088931405827086,0.024362526160497402,-0.00022660920540047548,4.487460500630937,0.07142560750248883
C004954,B10,Analog_IC,CH-01,7.357503301060203,7.522710709091685,6.061431502936316,6.129642744027206,8.582216188893323,6.441467490580262,10.06145658693807,6.436976688971338,0.01763017970726656,0.0021342635065564764,1.4792403980447464,-0.004490801608923789
C004955,B10,Analog_IC,CH-01,8.008651373662316,8.882842403064556,6.549055562741913,6.72288854487192,14.824199375229323,7.505608554436017,15.239019783064283,7.46602152771414,0.04414012069444254,0.005160645714182084,0.4148204078349593,-0.039587026721876306
C004956,B10,Analog_IC,CH-01,8.559440393827142,8.939002056494335,6.751286479016222,6.746410549834785,10.176836487697289,6.817702243953815,13.084470397861404,6.8473681564372555,0.02878797459282687,0.0007010944902949352,2.9076339101641153,0.029665912483440415
C004957,B10,Analog_IC,CH-01,8.432616899013322,8.468975598152976,6.457853613692595,6.471758452707067,8.915862352592173,6.760228484495489,10.519437323199387,6.578213790865375,0.014239317535044519,0.0007392731816549166,1.6035749706072142,-0.1820146936301139
C004958,B10,Analog_IC,CH-01,8.789249981668615,8.632413577929784,6.589898797785218,6.679580315649734,8.576898749191939,7.019886860409283,10.616699027250803,7.017671792188601,0.0137797600647293,0.002347857475964351,2.0398002780588644,-0.0022150682206820704
C004959,B10,Analog_IC,CH-01,,7.896890710197094,6.567114271063224,6.607996960469961,8.689683770469657,6.888770514642252,9.15229731278669,6.747308231833553,0.008718101406872193,0.0009674393844693843,0.4626135423170332,-0.14146228280869977
C004960,B10,Analog_IC,CH-01,7.59367443874058,8.60952275575505,6.691811750284227,6.815219346596646,14.418929599249251,7.6033133122457555,16.135387114829594,7.3858712242619005,0.05226294693801767,0.0039628602615642645,1.716457515580343,-0.217442087983855
C004961,B10,Analog_IC,CH-01,14.813359994834933,15.13409577792602,6.199790361170365,6.260923653398218,15.979411731503022,6.792842034367589,17.921802162920454,6.6158628417946375,0.019359072118016893,0.0024648554749751336,1.9423904314174312,-0.17697919257295158
C004962,B10,Analog_IC,CH-01,9.451015972956164,9.60353761248423,6.398202055750426,6.453265098943501,10.132940097795176,6.667447880189188,12.033365394828712,6.724781701969544,0.0168738040440589,0.0018855319654586286,1.9004252970335358,0.05733382178035562
C004963,B10,Analog_IC,CH-01,8.497795979322097,8.811404232438537,6.719264228879891,6.686979108031808,9.967062278904244,6.702715452225407,12.305463702871045,6.846924504699697,0.024264301878003523,0.00111073192130478,2.3384014239668005,0.14420905247428983
C004964,B10,Analog_IC,CH-01,8.604759042113649,8.78708519307601,6.228979835750619,6.300966080146068,10.20994015814864,6.566887274929472,11.34041691014657,6.63103048788352,0.01773147025743445,0.002292113942621194,1.1304767519979304,0.06414321295404779
C004965,B10,Analog_IC,CH-01,15.21716136685245,15.290820091470962,6.607854723669216,6.660730353644781,15.991502014593303,6.968426389846277,16.78971913440765,6.9571695984747635,0.010409021131504782,0.0020586058668748777,0.798217119814348,-0.011256791371513586
C004966,B10,Analog_IC,CH-01,8.077662573436948,9.930826552916937,6.174865199396441,6.210056489299492,18.72498589827133,6.938429781087909,22.547322076870124,6.560107797995438,0.0876145522496749,0.002430911865944068,3.8223361785987926,-0.3783219830924711
C004967,B10,Analog_IC,CH-01,8.469134412096889,8.471985143846586,6.296967038514702,6.275183681582121,9.40222489562149,6.3809245385309925,10.126042474174252,6.389894313920101,0.011486509238386566,0.0007966016134581996,0.7238175785527616,0.008969775389108925
C004968,B10,Analog_IC,CH-01,7.90703242386013,8.013018788888715,6.645340797001475,6.634531744188767,21.625879650376937,6.815898731279521,10.52987150074798,6.719899938866355,0.017478143832356005,0.0005928346852610319,-11.096008149628958,-0.095998792413166
C004969,B10,Analog_IC,CH-01,8.539234447908798,13.95311237431487,6.406618381687994,6.567409438208866,49.12848490896759,7.394164487149709,46.91927547220457,7.704352681270286,0.22893168817978957,0.007895439187926524,-2.2092094367630253,0.31018819412057663
C004970,B10,Analog_IC,CH-01,8.679857161153345,9.73097078339682,6.5073477384013865,6.608802652090744,16.3340286060552,7.031736376566825,17.342674914781878,7.122223904773467,0.05285905646795178,0.0035654253658522423,1.0086463087266786,0.09048752820664152
C004972,B10,Analog_IC,CH-01,7.360059948510257,8.262691590614201,6.29632190124586,6.378025725515048,13.985128709996973,6.9435002687403165,15.189537932693783,6.795500356200794,0.048103099597774875,0.002899129379762123,1.2044092226968104,-0.1479999125395226
C004973,B10,Analog_IC,CH-01,8.33349636985257,8.517278072896332,6.743295915426751,6.755411787869626,9.54551614253911,6.8873508023519125,11.528719808174548,6.86685302119227,0.020912789828320948,0.0007738974536294722,1.983203665635438,-0.020497781159642514
C004974,B10,Analog_IC,CH-01,8.501475019327282,8.615879507494787,6.558992480114055,6.605734313013052,9.654002518127866,6.805269867902323,11.00224606327204,6.834991760401385,0.016571989970675365,0.0015920656068634242,1.3482435451441734,0.029721892499061653
C004975,B10,Analog_IC,CH-01,8.667089460298833,10.409534257678738,6.271804484983599,6.428510001015144,21.43994501785846,7.052993354486346,21.73474412408875,7.2084595292144265,0.07864729073895842,0.005416316168050574,0.2947991062302897,0.15546617472808055
C004976,B10,Analog_IC,CH-01,8.137478233052438,8.278331308406607,6.632992688485039,6.629020154981977,9.298977238914494,6.780230897864023,11.040846788074646,6.702794553989265,0.019184135275472494,0.0005123222153283881,1.7418695491601515,-0.07743634387475762
C004977,B10,Analog_IC,CH-01,9.061616904334564,9.054661697576872,6.907118977913466,6.969812694175184,9.744954651505664,7.208197927083866,10.777064776681357,7.242759102066536,0.011961132493781144,0.0018954611659121661,1.0321101251756932,0.034561174982670195
C004978,B10,Analog_IC,CH-01,7.313732964123153,7.473866997338341,6.478940751457744,6.556626408419796,9.139166798755722,6.70807280151301,10.085429181707866,6.890699021876741,0.018135848502566148,0.002319948704562116,0.9462623829521437,0.18262622036373077
C004979,B10,Analog_IC,CH-01,7.537048738948584,7.725929219586218,6.606023985958443,6.647026242511871,7.649303449724896,6.756750767274568,10.6868661677884,6.854766208364386,0.02056206214029293,0.0014426386517535732,3.037562718063504,0.09801544108981819
C004980,B10,Analog_IC,CH-01,8.479715883074316,9.062351174471427,6.455727058807151,6.295932256176944,9.644020042520143,6.447405238503971,12.812358316745948,6.820337450005209,0.026041716265795285,0.0036417027349185086,3.168338274225805,0.37293221150123834
C004981,B10,Analog_IC,CH-01,9.00208504920447,9.036547340610865,6.354241887836152,6.376031275138648,9.33676083012356,6.489625147056516,10.957850751812497,6.515170076123851,0.013342384800011339,0.0009662416735083514,1.621089921688938,0.025544929067335076
C004982,B10,Analog_IC,CH-01,8.41884507416893,8.417163369832146,6.3737927466826,6.417470387912658,54.98466229886751,6.574129930620543,10.10156713422894,6.626086821716209,0.011697248363866628,0.0014487252347468787,-44.883095164638576,0.05195689109566537
C004983,B10,Analog_IC,CH-01,7.648342234061161,8.990737130835136,6.137698543771803,6.065180575088827,9.904751676361805,6.130737787392784,18.08395882862259,6.444683135089193,0.06314737290130175,0.0026354344444469834,8.179207152260783,0.3139453476964089
C004984,B10,Analog_IC,CH-01,7.90441037813496,7.901102511387789,6.724093467983197,6.776928424684916,8.268781617516016,6.986045997139569,9.70837873939616,7.009890542787015,0.012550529361169245,0.001617792486820128,1.4395971218801442,0.02384454564744587
C004985,B10,Analog_IC,CH-01,8.999320317527403,9.18619395735472,6.667216100371467,6.645300393538776,10.882339511983387,6.819080945214074,11.969970774429108,6.773627349738851,0.019331783451905473,0.0008911594180560706,1.0876312624457203,-0.045453595475223096
C004986,B10,Analog_IC,CH-01,8.863651493566163,9.135299953058976,6.46361460834409,6.549425577172702,10.002547023148882,6.777096453860083,12.20453429149121,6.935595400673911,0.021314127350223852,0.002681734885425064,2.2019872683423287,0.15849894681382803
C004987,B10,Analog_IC,CH-01,9.281662409928572,9.233882588900425,6.613356648570687,6.735276929075262,11.249309488379271,6.935780177151624,10.69009796894865,7.213022691910563,0.010112606805890458,0.003317678908578481,-0.5592115194306206,0.2772425147589388
C004988,B10,Analog_IC,CH-01,13.13585590203988,11.171745310188763,6.798098040705656,6.669858555693299,9.35834158564515,6.5710282322430045,11.86053535071645,6.692740267897011,0.0047832641703311595,0.00015890077919244398,2.5021937650713006,0.12171203565400646
C004989,B10,Analog_IC,CH-01,7.650952711020747,8.007182736015903,6.737075533181468,6.743204330694317,8.960663890178719,6.86204765290598,12.130853256979094,6.843774298143532,0.02863660084002216,0.0006984025517306604,3.1701893668003756,-0.018273354762448513
C004990,B10,Analog_IC,CH-01,8.233229093793936,13.945958980081471,6.141457911674696,6.269708188137049,48.17074587911347,6.995253168883434,48.80331533263038,7.315725265511726,0.24206497467047855,0.007264007481768592,0.6325694535169148,0.3204720966282917
C004991,B10,Analog_IC,CH-01,8.49653534140245,8.306664715271445,6.290282798049212,6.218046341939815,9.664711103473577,6.82333673482821,10.065078582910878,6.430376103904777,0.01221120741416273,0.0014745122358677902,0.40036747943730155,-0.39296063092343303
C004992,B10,Analog_IC,CH-01,7.231318637823742,7.422191241250116,6.327582280158187,6.273712110092564,8.717800461593873,6.518656027215604,9.996508893881817,6.48205346794667,0.01787720592105348,0.00144681498509796,1.278708432287944,-0.03660255926893363
C004993,B10,Analog_IC,CH-01,8.534583141975524,8.755147707312249,7.003302035654657,7.049873838557143,8.986907183476625,7.221298907583587,11.897139456828153,7.284299654739987,0.021819387149416003,0.0016279570568253107,2.9102322733515287,0.06300074715640047
C004994,B10,Analog_IC,CH-01,7.737899144892897,8.592874179115762,6.578522804396664,6.756604614083779,15.13988957584226,7.676027534242743,14.865788206617601,7.508993073848943,0.04356190296876277,0.005224919859480309,-0.2741013692246579,-0.16703446039379966
C004995,B10,Analog_IC,CH-01,7.4508582559268195,7.673777453025259,6.827517281320452,6.807977077458635,9.052248908007185,6.8990144779733376,10.893364400888021,6.918031906640781,0.022358242693491404,0.0007642696470982356,1.8411154928808369,0.019017428667443603
C004996,B10,Analog_IC,CH-01,8.978275624362217,9.315365855788812,6.439567779207695,6.36675837277749,10.928982964872125,6.472843670997687,12.418450955693118,6.647364027575334,0.02154920208266879,0.0019486503805405829,1.4894679908209927,0.17452035657764675
C004997,B10,Analog_IC,CH-01,7.573457613097961,7.791557717264874,6.683599093187018,6.698191166149722,9.279859819958109,6.735978117384847,11.056595482902638,6.815558459788281,0.022673873372484474,0.0008150506502677679,1.77673566294453,0.07958034240343359
C004998,B10,Analog_IC,CH-01,8.315957825376131,8.631744767313561,6.375142277604667,6.424650170369442,9.421111599957262,6.606306991773405,12.152490720817264,6.683133598975157,0.024449624677109046,0.0017950238097619124,2.7313791208600016,0.0768266072017525
C004999,B10,Analog_IC,CH-01,7.776382942910895,7.993445678544867,6.4695504406179225,6.450480144019617,9.109738982879511,6.547029012064109,11.052081155855088,6.56867459114326,0.021240524147987647,0.0008207947716919647,1.942342172975577,0.02164557907915121
C005000,B10,Analog_IC,CH-01,8.638093247154629,8.666348068394807,6.662727008611816,6.724359401561753,9.385766010604447,6.882624930912542,10.501564506440362,6.997603036824467,0.012744558597538572,0.0018975252448799546,1.1157984958359144,0.11497810591192525
C005001,B11,Logic_IC,CH-03,9.149307842692698,14.575164208537531,8.315933009908083,8.4688210783441,49.15705765283328,9.400044542946178,47.95116690752188,9.565775153343532,0.23177779652072467,0.007617736631940504,-1.2058907453114003,0.16573061039735393
C005002,B11,Logic_IC,CH-03,9.04043859400538,9.859626887425597,7.719751704074826,7.874987219054256,15.179950576727975,8.737755850746519,16.04157215808651,8.54154100072174,0.04293017549070079,0.004628845706024194,0.8616215813585342,-0.1962148500247789
C005003,B11,Logic_IC,CH-03,9.420230889900571,9.596508226072109,7.903441750862502,7.934582272159461,10.830780332024633,7.964539681779929,12.427915637164514,8.119051905258164,0.01966255146591948,0.0012810391187409948,1.5971353051398811,0.15451222347823546
C005004,B11,Logic_IC,CH-03,9.667429228438152,9.918968617208288,8.301511306278089,8.337473397278336,11.408831106213572,8.45134271641674,13.261757876812382,8.544561613869845,0.02321381430280621,0.0014381126152188178,1.8529267705988097,0.09321889745310585
C005005,B11,Logic_IC,CH-03,11.00048283460625,11.046595438993691,8.188495630665056,8.238000826441914,11.612624962113102,8.404005214165075,12.9931083683963,8.480938598484302,0.013517450898629225,0.0016870678614054767,1.3804834062831972,0.07693338431922747
C005006,B11,Logic_IC,CH-03,10.003668445616547,10.294624003319234,8.153055667602613,8.179030130954489,11.609400678528008,8.344044317207036,13.821381477085382,8.360361982244369,0.02449137134559825,0.0012592489672908307,2.2119807985573736,0.016317665037332674
C005007,B11,Logic_IC,CH-03,9.758671254077957,14.290956756563432,7.976939052913767,8.111784241984145,43.165814755049965,8.979348089925823,42.224583081232815,9.08092306045226,0.19398351614353737,0.006730130683806358,-0.9412316738171498,0.10157497052643727
C005008,B11,Logic_IC,CH-03,9.376132634343278,9.582010705641464,8.136502750194387,8.18964955317713,10.819132192571328,8.355504283725542,12.59078155373981,8.448910254359035,0.020894242000682954,0.00180042153598545,1.7716493611684818,0.09340597063349243
C005009,B11,Logic_IC,CH-03,10.848897024952684,11.002636303223936,7.862124060392599,7.897553942923814,12.117405984437402,8.173007325591465,13.538359220007829,8.10568917445217,0.01760918692211037,0.00144538355228025,1.4209532355704262,-0.06731815113929507
C005010,B11,Logic_IC,CH-03,10.58975993262275,10.6542165708552,7.881695051917473,7.938617428244474,11.423337691626072,8.061286614514152,12.634084485544967,8.208206916940483,0.013749082740901166,0.001872149227055617,1.2107467939188954,0.1469203024263308
C005011,B11,Logic_IC,CH-03,9.352083284685373,10.335554523291814,8.3342030957086,8.42443125199751,16.851499669616928,8.929217587292673,17.849969099056462,8.881915719241192,0.052183434553921174,0.00317697546697002,0.9984694294395347,-0.04730186805148051
C005012,B11,Logic_IC,CH-03,9.90576170078921,10.14795664493661,7.6575362649181855,7.685628107087713,11.88618769422375,7.907605843474566,13.258044954097317,7.8719766209542135,0.021597835480282688,0.0012940869018506957,1.3718572598735665,-0.0356292225203525
C005013,B11,Logic_IC,CH-03,10.605351573322933,11.075112759090564,8.318095974555376,8.336258877121479,12.147580421889671,8.552362774147198,15.64787119380657,8.513424201433947,0.03175526690775004,0.0012303147521699228,3.500290771916898,-0.03893857271325096
C005014,B11,Logic_IC,CH-03,10.598119337183835,10.952265615116804,8.068479707217032,8.165791420839275,11.69634742557706,8.381751703231483,14.551220937618897,8.599125524565707,0.024992745295153423,0.003009264609211335,2.854873512041838,0.217373821334224
C005015,B11,Logic_IC,CH-03,10.295119055083116,10.470065938585734,7.865937557101997,7.934224066423478,11.35757750304471,8.020586689747294,13.081031391492631,8.251380542836934,0.01813170453407568,0.002202475530649,1.7234538884479207,0.23079385308964007
C005016,B11,Logic_IC,CH-03,9.212730117384336,9.352472887868547,8.281846956770483,8.322099469870615,9.789119814884089,8.52570151333718,12.069009269973208,8.529109393189875,0.01886483598683792,0.001437568911939308,2.279889455089119,0.0034078798526948617
C005017,B11,Logic_IC,CH-03,10.730600126059455,11.38315622750762,7.966846882075865,8.10554633940573,15.061100897703165,8.817132636841196,16.543686217256084,8.711468837521693,0.035837013817697674,0.0042077951258052936,1.4825853195529195,-0.10566379931950287
C005018,B11,Logic_IC,CH-03,12.1042936023569,12.335763525423516,8.2694556565962,8.298789437985779,13.259861620798477,8.379888964940532,15.331020457314917,8.50114357357163,0.020800395360356952,0.001405237052679525,2.0711588365164406,0.12125460863109794
C005019,B11,Logic_IC,CH-03,10.19877067539761,10.3593164578254,7.667941691039616,7.707993992507775,11.642518581029655,7.891006425690292,12.927934682756186,7.929072158675605,0.017837626562019347,0.001535265042832153,1.2854161017265309,0.038065732985312906
C005020,B11,Logic_IC,CH-03,9.435903364954696,9.790369974133158,8.440550073290137,8.440305777587861,10.63820896299501,8.588301573798473,13.89246457048801,8.534894238814259,0.02848676803024202,0.0006568643140722043,3.2542556074929987,-0.05340733498421457
C005021,B11,Logic_IC,CH-03,9.29980228429501,,8.343807826494002,8.424994075723934,10.694838632832507,8.630714752655882,15.30305668859354,8.83074494776612,,0.0028177143891818554,4.608218055761032,0.200030195110239
C005022,B11,Logic_IC,CH-03,9.203001007936658,9.341789600192016,8.290141603486596,8.320924939475038,9.80854638622528,8.38560510918611,12.082701140845792,8.495991555009171,0.019034107921206782,0.0012157403856537024,2.274154754620511,0.11038644582306034
C005023,B11,Logic_IC,CH-03,10.24729126038782,10.263255464562418,8.154001478516031,8.19126605837817,11.373677215129012,8.388441757135723,12.130935966048348,8.384774068603715,0.012970003482541181,0.0013438056265662806,0.7572587509193358,-0.003667688532008384
C005024,B11,Logic_IC,CH-03,8.340492232650439,8.602929074212318,8.00525236739442,8.047538952553264,9.060721594137478,8.25344900079869,12.042997600225672,8.26831753489992,0.023889364763981624,0.001533184599629552,2.9822760060881937,0.014868534101228903
C005025,B11,Logic_IC,CH-03,10.144574885225364,10.17305239976248,8.064304368886077,8.094159479617648,10.906672221143497,8.19809302599056,12.120258603818392,8.263930755707012,0.01352226530594384,0.0011789671950650257,1.2135863826748956,0.06583772971645274
C005026,B11,Logic_IC,CH-03,9.354455728510535,9.373622752326972,7.881768787289945,7.880091319017613,10.572833002450722,7.969076821648305,11.369208716376896,7.946242800224866,0.01385823586145781,0.0004593852861614746,0.7963757139261745,-0.022834021423439488
C005027,B11,Logic_IC,CH-03,9.920797010884275,10.075795317958375,8.420648257830976,8.462804189307079,10.831907365642124,8.584085723317601,12.846146539408199,8.682081182976846,0.019238550148957107,0.0015227569004844972,2.014239173766075,0.09799545965924494
C005028,B11,Logic_IC,CH-03,9.81858959752045,9.878596476768838,7.806824656104224,7.832590441285347,10.774400424872727,7.96300831219541,11.982545837794538,7.9911325577829535,0.01461075945156736,0.0011009869201222698,1.2081454129218105,0.02812424558754323
C005029,B11,Logic_IC,CH-03,10.02090511213292,10.05386153892468,8.038305876400829,8.068123869527533,66.19291594763484,8.205773791041524,12.031772417278308,8.23749792314552,0.01373549221078908,0.0011762087056804704,-54.16114353035654,0.03172413210399583
C005030,B11,Logic_IC,CH-03,8.840267224652338,9.427388323617317,7.788791199904854,7.975266944117619,13.084952407635628,9.072071812917384,14.198254684676918,8.722074001302806,0.033131016396247236,0.005186160119341575,1.1133022770412904,-0.3499978116145783
C005031,B11,Logic_IC,CH-03,14.633668245624571,14.67496324167984,7.56832121242341,7.606856583766703,15.5215729981309,7.856503453705643,16.10870547174103,7.844213502153655,0.009956543264313809,0.0016483119332427248,0.5871324736101293,-0.012289951551987421
C005032,B11,Logic_IC,CH-03,9.88655378231418,9.989120962554184,7.959395979227361,7.965568829180001,10.901241636935564,8.05379421629031,12.43653517637025,8.061655460512469,0.016995932040389343,0.0006672682731421372,1.5352935394346847,0.007861244222159058
C005033,B11,Logic_IC,CH-03,9.265589767984704,9.455905208621225,7.9144982575848815,7.96069256394983,9.937803007657738,8.108885939981992,12.341169554961255,8.196100929291092,0.020036557960694652,0.0016347803148698732,2.4033665473035164,0.08721498930909988
C005034,B11,Logic_IC,CH-03,11.07114436344689,10.955208273505647,8.231813752605454,8.234260091632665,11.91412548063566,8.420087796077395,12.919769385606195,8.292240942683108,0.013642785500698244,0.0004026447989614108,1.005643904970535,-0.1278468533942867
C005035,B11,Logic_IC,CH-03,10.92049671107375,11.754269449683528,8.206195248129527,8.28489185544635,17.143852058436394,8.786639608696385,18.204761713405645,8.705943030178055,0.044795085164736924,0.0029239664911923954,1.060909654969251,-0.08069657851832979
C005036,B11,Logic_IC,CH-03,9.061203002446977,9.195195038374578,8.319290882343546,8.387680214726311,9.869835841412389,8.640366236526122,11.824660938101559,8.686811940769536,0.018260179859215145,0.0020773036530779493,1.95482509668917,0.0464457042434141
C005037,B11,Logic_IC,CH-03,10.016766073338523,11.027508480617175,7.875138047932956,8.042120885587384,17.2280244654718,8.862713335760022,18.23339417881254,8.774576604289512,0.05004087290413447,0.005086498046542561,1.0053697133407375,-0.08813673147050949
C005038,B11,Logic_IC,CH-03,10.198859214819612,10.36661613848079,7.73391968731866,7.770754300392598,11.249312952083786,7.9622823020336595,13.006493208665988,7.981079331700167,0.018332479654063878,0.001460590495191452,1.7571802565822026,0.018797029666507648
C005039,B11,Logic_IC,CH-03,8.954887416843233,9.137873102298382,7.468314833496059,7.509577880131502,10.31735185699644,7.718482168137732,11.898529403596035,7.728943690563775,0.019171224314567033,0.0015233736835574521,1.5811775465995943,0.010461522426043146
C005040,B11,Logic_IC,CH-03,10.086512003020388,10.13016125890204,8.076323112486765,8.181134374221699,10.977777441568175,8.313088943943507,11.951674587728219,8.604199969749574,0.01264939811684846,0.0029379555244991337,0.9738971461600432,0.2911110258060674
C005041,B11,Logic_IC,CH-03,10.938174241141637,11.174907218201716,7.89791313384789,7.937580793677124,12.509945413950645,8.148160321210076,14.180902533337306,8.16897653487042,0.02087496746621938,0.0016069148693978958,1.670957119386662,0.020816213660344474
C005042,B11,Logic_IC,CH-03,9.746334707454832,10.5227020381937,7.943111252392256,8.123649952780603,15.604199698658684,9.014914631222927,16.37726739827684,8.874474014921322,0.040656703889466246,0.005214055987088326,0.7730676996181547,-0.1404406163016052
C005043,B11,Logic_IC,CH-03,8.645902392936103,8.543075940952287,8.107147999300564,8.051975306241632,10.24781519879478,8.360927065584686,10.42321462886109,8.169220092862941,0.01305651866603335,0.000814199907092429,0.17539943006630843,-0.19170697272174486
C005044,B11,Logic_IC,CH-03,9.99184155396222,10.247694868062496,7.575177627211807,7.57881858342716,11.365435459907747,7.861465919598065,13.488600047568541,7.68446248189344,0.02250628596879198,0.0007336381837936093,2.123164587660794,-0.17700343770462545
C005045,B11,Logic_IC,CH-03,10.54147624401499,10.69319423574592,8.085159928611299,8.115205212288688,11.543861445201792,8.287273901515693,13.325255322735277,8.300916257467197,0.018278201992981642,0.0012896600359618704,1.7813938775334854,0.01364235595150376
C005046,B11,Logic_IC,CH-03,10.39740682160665,12.38813154565759,8.293502272031771,8.516833687336895,26.81894522142667,10.448977551766658,25.252410956340867,9.533400374296624,0.08933527368530053,0.007059490881664786,-1.566534265085803,-0.9155771774700341
C005047,B11,Logic_IC,CH-03,10.860657130433337,11.009257543456425,8.261943628767364,8.312235158166514,11.708000992489918,8.442609460251036,13.583345475227949,8.566646520907005,0.017875610637302253,0.001766745574586744,1.875344482738031,0.12403706065596865
C005048,B11,Logic_IC,CH-03,9.952391116905527,10.053274392490254,8.081487859244186,8.108064684433177,11.384880348185035,8.2612558111797,12.45532917699169,8.272501733909571,0.016680936003482194,0.0011419239546971809,1.0704488288066543,0.011245922729871793
C005049,B11,Logic_IC,CH-03,8.428956244859654,8.603630869792855,7.671796844276035,7.683759858199288,9.093254726681984,7.882960349873197,11.52283813626872,7.796715751515759,0.020272272683860178,0.000784415925808826,2.429583409586737,-0.08624459835743803
C005050,B11,Logic_IC,CH-03,8.61099550790469,8.862117715849774,7.980681339937741,8.037530213236158,10.211047345488568,8.259648869394587,12.156474533439185,8.308842410548499,0.02287747789992647,0.0018841124813356992,1.9454271879506173,0.049193541153911724
C005051,B11,Logic_IC,CH-03,,10.220283786357312,8.123003981445947,8.206569334160132,10.425825125393317,8.436144242822879,12.31583354667293,8.543925825632893,0.014552428891080684,0.002342753413005284,1.8900084212796138,0.1077815828100146
C005052,B11,Logic_IC,CH-03,15.137708813022956,15.109045661584128,7.686586507023289,7.625804393012908,15.934316268175603,7.92096787464975,15.870598998045311,7.83152340982254,0.005288564836535997,0.001428604283400223,-0.06371727013029194,-0.08944446482720991
C005053,B11,Logic_IC,CH-03,10.314430827831922,10.605467904034889,7.76635799670048,7.792917097014057,11.891996754198209,7.814487352075327,13.99416473599909,7.981476808600746,0.023532616888640293,0.001309442441574228,2.102167981800882,0.1669894565254193
C005054,B11,Logic_IC,CH-03,10.26507648767653,10.13181034499784,8.241376180795791,8.261755883673533,10.97172320257496,8.40597552474608,12.215833630343925,8.369920789609925,0.014472383926014477,0.0007511451801138275,1.2441104277689643,-0.03605473513615465
C005055,B11,Logic_IC,CH-03,9.849046944981342,15.026750669453929,8.220899431747757,8.347155741012482,47.89508430097566,9.145302992575395,46.81758218300399,9.34990686408545,0.2207696632885421,0.006963549465784492,-1.0775021179716688,0.204603871510054
C005056,B11,Logic_IC,CH-03,9.998263928144327,14.512525183410965,7.815651007713359,7.881588035590041,43.278906163528106,8.463426211886906,42.449714879834474,8.623328627019214,0.1940082617807188,0.005150976329369259,-0.8291912836936319,0.15990241513230785
C005057,B11,Logic_IC,CH-03,9.94864123472066,10.849645809742286,8.424855380180787,8.575743929013411,17.170069715339903,9.714700879835345,17.673747789858872,9.232734299091705,0.047389597084142955,0.004562433125543707,0.5036780745189695,-0.48196658074363974
C005058,B11,Logic_IC,CH-03,,9.757299193148391,7.766583903262652,7.83060780985802,10.516787138345745,8.052775009085249,11.645404464401974,8.09382702398127,0.013111842161483213,0.0018279112091892308,1.1286173260562293,0.04105201489602095
C005059,B11,Logic_IC,CH-03,9.366822878475894,9.80732979282976,8.124983242087787,8.129236387880061,10.570772172858264,8.306070910294869,14.329823532527566,8.247146571230749,0.03140620652567921,0.000818820717713109,3.759051359669302,-0.05892433906412009
C005060,B11,Logic_IC,CH-03,11.234716930364264,11.355301621226646,7.865516407029522,7.927062947085347,11.826933210238142,8.016260075887532,13.580445458193669,8.223063258086938,0.015452387756715437,0.002055557715288826,1.753512247955527,0.20680318219940652
C005061,B11,Logic_IC,CH-03,11.16076527226569,11.304360463351218,7.943880312802885,7.984411318121955,12.279189495820964,8.160859101121147,13.758282988971143,8.210473611166858,0.017041128650138366,0.001569877035034047,1.4790934931501791,0.0496145100457106
C005062,B11,Logic_IC,CH-03,9.381987121206556,9.548223641753223,8.011020165362261,8.080608381041289,10.094370247359482,8.252047851163393,12.238175441134139,8.392607213300304,0.018680220829034137,0.002166658557354268,2.143805193774657,0.14055936213691034
C005063,B11,Logic_IC,CH-03,11.085138874114778,11.065254681602854,7.82933782111829,7.895878068566639,11.648464287420072,8.061730931588738,12.60278972532933,8.19172192476759,0.010677326692544977,0.002054471223617713,0.9543254379092581,0.12999099317885232
C005064,B11,Logic_IC,CH-03,9.24180863039375,9.475541413904782,7.728858094959456,7.761060460685585,10.948247059136571,7.837897501269189,12.609039727891133,7.954644106681014,0.021760404958238548,0.0013443308749682568,1.6607926687545618,0.11674660541182558
C005065,B11,Logic_IC,CH-03,10.78125458657188,11.20067001529501,7.981044754776094,8.135230110837487,14.046445838182876,9.115081408419089,14.958625642551356,8.769756884797042,0.026096914078169067,0.004406435930274689,0.9121798043684795,-0.3453245236220468
C005066,B11,Logic_IC,CH-03,10.56798658414237,10.775579303098649,7.74919983964206,7.7670915934248335,12.304328075894157,7.869053839340724,13.676699183972111,7.919920395932553,0.020146665839399044,0.0010613111285258288,1.3723711080779548,0.050866556591828704
C005067,B11,Logic_IC,CH-03,8.057428945338538,8.018941759907273,8.144191853696833,8.191361576634398,8.363812829512591,8.38429586338622,10.112426853795391,8.392310835391104,0.014538090929778598,0.0013954809635882384,1.7486140242827997,0.008014972004884768
C005068,B11,Logic_IC,CH-03,8.282596341325226,8.51803551801681,8.432761817472088,8.419924178412131,9.706946547101158,8.526112303329748,11.935227974805937,8.510460486508412,0.023730503172146717,0.0006287243617797299,2.228281427704779,-0.015651816821335984
C005069,B11,Logic_IC,CH-03,9.992691141902574,11.71371751638685,8.184423965416181,8.359765435108319,20.17018259494716,9.28285841679165,23.157680020006275,9.185326351248808,0.07947196183069044,0.005733061917642285,2.9874974250591144,-0.09753206554284155
C005070,B11,Logic_IC,CH-03,9.947494080403516,10.066398950446864,7.790456215250702,7.802819838985124,11.060701659843334,7.819137241932665,12.540026149547337,7.922889235681309,0.017177966660419954,0.0008338152548346134,1.4793244897040037,0.10375199374864419
C005071,B11,Logic_IC,CH-03,9.985712914987694,10.382070945197151,7.568753500036283,7.586154922249564,11.73544044469028,7.842942506225062,14.39486702388471,7.752767872875438,0.027866639435330274,0.0011570343793463457,2.659426579194431,-0.09017463334962361
C005072,B11,Logic_IC,CH-03,17.03121904784301,17.02279295155997,8.131029282362055,8.295055346993095,17.712285913624793,8.831823904180295,17.777368367179978,8.961067921096918,0.005240107052916714,0.004625087320165434,0.06508245355518483,0.12924401691662268
C005073,B11,Logic_IC,CH-03,10.69060713566447,10.967616736531468,7.736649620463821,7.775782906701365,12.199094906593787,7.952737265459132,14.188143147971653,8.008855995625606,0.022364766746112392,0.001618563117529448,1.9890482413778656,0.05611873016647362
C005074,B11,Logic_IC,CH-03,10.4421275759339,12.0126203102653,7.966292119129346,7.987134536707369,21.22453447663548,8.821248405364742,22.907179090701117,8.28577667049834,0.07565665819747096,0.0020739037068817387,1.6826446140656373,-0.5354717348664018
C005075,B11,Logic_IC,CH-03,10.509496048183404,10.548093827701292,7.905973160919175,7.973764275858813,11.519835134770585,8.132610385119591,12.358584313908953,8.276630488937164,0.012572850598664309,0.0021032375908218775,0.8387491791383681,0.14402010381757258
C005076,B11,Logic_IC,CH-03,8.99918694688851,9.021618394890616,8.064139873993343,8.115976292522369,61.12769773787384,8.45785004574493,10.975508963431874,8.350734970862694,0.013568684503758735,0.0016302685995855937,-50.15218877444197,-0.10711507488223582
C005077,B11,Logic_IC,CH-03,10.827207316543843,11.189630515837466,8.181986405750811,8.215567281874955,12.517520884958202,8.349229240713715,15.034763284494428,8.43623658155596,0.026702310893451122,0.0015324256922291976,2.517242399536226,0.08700734084224493
C005078,B11,Logic_IC,CH-03,11.065326287812448,11.120963437978666,7.980256440907376,8.018262222124875,11.523792267837774,8.247461368101455,13.091444693757666,8.225708927095287,0.013683897609576383,0.0014406021178500822,1.567652425919892,-0.0217524410061678
C005079,B11,Logic_IC,CH-03,9.025408538103592,9.266074136808577,8.077545846565988,8.135015115027898,10.43569775524599,8.265347180968579,12.483669120324523,8.409911454728178,0.022344409607749624,0.001909002359029725,2.047971365078533,0.1445642737595989
C005080,B11,Logic_IC,CH-03,8.504599186412705,8.955340924942385,7.452928710959124,7.494475797534893,12.23200487238195,7.799697663008748,13.32961685769808,7.736668182619387,0.03037691619969232,0.0016818915630867656,1.0976119853161297,-0.06302948038936051
C005081,B11,Logic_IC,CH-03,9.992804093626408,10.135343580762834,7.985596741471508,8.045261355542868,10.810454706143933,8.258164503414443,12.649661906229738,8.32646096889031,0.017460543926853502,0.0019527750926905643,1.8392072000858057,0.06829646547586599
C005082,B11,Logic_IC,CH-03,10.608852427152726,10.8304070457661,8.295434461343817,8.313312918145543,11.813241407274994,8.447281591875127,13.954008549830242,8.464407367874285,0.021691677111556545,0.0010492670120051519,2.140767142555248,0.01712577599915832
C005083,B11,Logic_IC,CH-03,11.16330856852952,11.186805982573096,7.781030114012033,7.80234844512851,11.830576274096083,7.97113508559963,12.958740472429104,7.952221234488128,0.012305100624000056,0.001040783259441791,1.128164198333021,-0.01891385111150168
C005084,B11,Logic_IC,CH-03,10.152215576891114,10.36548926193282,7.880701862772209,7.86078543280707,11.606242201328492,7.977379041006313,13.260237724814267,7.982214216810944,0.02010241988112116,0.0008432554444713482,1.6539955234857757,0.00483517580463122
C005085,B11,Logic_IC,CH-03,9.781588355084772,10.081352566174582,7.65905364799291,7.72494913848749,10.76632878612417,8.06768635150326,13.41547382467737,8.044616984132544,0.02315361985071381,0.0022199155947573157,2.6491450385532005,-0.02306936737071652
C005086,B11,Logic_IC,CH-03,11.586041075459043,17.35325665770272,7.79042765722524,7.905276454463131,49.952750954357256,8.706449553604596,52.07165391240726,8.97474207214448,0.2410999809354482,0.007426844567231589,2.1189029580500005,0.2682925185398837
C005087,B11,Logic_IC,CH-03,8.244023231462764,8.29629399253792,8.043802536571892,8.033115386559347,9.243636326215103,8.255137193137742,10.555652172302302,8.107259318815188,0.015689987359474872,0.0005148884184433452,1.3120158460871991,-0.14787787432255328
C005088,B11,Logic_IC,CH-03,9.359011095288688,9.492753998820076,7.8992094075904,7.877397850423109,10.717366174326134,7.940443470067335,11.989639223443447,7.98751189122565,0.017339480726551188,0.0007646808389065359,1.272273049117313,0.04706842115831478
C005089,B11,Logic_IC,CH-03,10.241219388084945,10.862391208826066,7.885772329755501,7.948609045397535,13.806974339841746,8.516568952876092,16.101040730102333,8.291696283475746,0.03637951056441852,0.002382550264432021,2.2940663902605873,-0.22487266940034623
C005090,B11,Logic_IC,CH-03,12.896515709105785,11.13977433842884,7.797344120624349,7.708439728934915,10.110865637832312,7.623735193518216,12.424066203493265,7.620056287835649,0.00891869350739184,-0.0006137738965226859,2.313200565660953,-0.003678905682567013
C005091,B11,Logic_IC,CH-03,11.36039788990955,11.37383157904906,8.208564256282992,8.264608420894012,11.774737670337146,8.502805612164662,13.08390220102502,8.528573417515629,0.011875490430388614,0.0018330902543167839,1.309164530687875,0.025767805350966455
C005092,B11,Logic_IC,CH-03,9.871599215654468,10.133588117676164,8.041188163397091,8.07318370749292,11.170075004143683,8.356225587575974,13.456230287994307,8.27160350668646,0.023073903960542666,0.0013779152721773683,2.286155283850624,-0.08462208088951328
C005093,B11,Logic_IC,CH-03,10.055577641791476,10.10709382552825,8.195044138345956,8.168222825693382,11.030221055184596,8.510494986287943,12.09394094831384,8.278016368975152,0.013797549463788824,0.0007624551616789556,1.0637198931292442,-0.2324786173127915
C005094,B11,Logic_IC,CH-03,10.386712186264283,10.719604670534247,7.855150110659712,7.863228132968944,11.961261821219331,7.958764061712349,14.42708809963554,7.993430680583691,0.02574641270209231,0.0009041843584357433,2.465826278416209,0.03466661887134137
C005095,B11,Logic_IC,CH-03,9.83280482578595,10.126962261096889,8.166977413459659,8.205340625371914,11.47771321359053,8.383427103414974,13.657468857067686,8.42710215137825,0.02451740691646387,0.001540010597266223,2.179755643477156,0.04367504796327637
C005096,B11,Logic_IC,CH-03,8.812273899740743,9.035869561921512,8.150151719006422,8.218689004024327,10.40890130951658,8.437060632696651,12.164017936270884,8.526695929958791,0.02172325259964842,0.002138936985656,1.7551166267543046,0.0896352972621397
C005097,B11,Logic_IC,CH-03,9.08400311207972,10.700052146968014,8.089937123043732,8.139122846581062,19.9123306082748,8.766837107712613,21.998009962605348,8.51984594700199,0.07845804038637037,0.002643910419589779,2.085679354330548,-0.246991160710623
C005098,B11,Logic_IC,CH-03,10.18329020792495,10.1412760699754,8.293711296869436,8.346847152860708,10.997694836222548,8.557171571270874,11.993906451691903,8.581938169107255,0.012865488761920162,0.0016325765017121377,0.9962116154693543,0.02476659783638091
C005099,B11,Logic_IC,CH-03,8.635024064418857,9.240397608513316,7.698555008502075,8.044358548304604,11.110032596065675,8.109531501670915,13.584365549471656,9.334315267176269,0.030166444034432915,0.008958032769942115,2.4743329534059804,1.2247837655053537
C005100,B11,Logic_IC,CH-03,9.539098452898612,11.278658287083369,8.549978039062307,8.75375980993646,22.37764963233755,10.082962761360111,22.957262160324632,9.663301279564587,0.08110141578639767,0.006316260205750885,0.5796125279870807,-0.419661481795524
C005101,B11,Logic_IC,CH-03,8.630854973312616,8.961805736968689,7.984091238893288,8.030997674787045,10.369814995832192,8.299387087620675,12.75434332113848,8.276496958845064,0.02633706655673466,0.0017048561392917956,2.384528325306288,-0.02289012877561092
C005102,B11,Logic_IC,CH-03,9.268722803781763,10.806695774005084,8.213403525373485,8.32250754312901,20.88453604840718,9.65103694524834,21.484378206164486,8.897982904003186,0.0741505724455514,0.003996356672737332,0.5998421577573048,-0.7530540412451536
C005103,B11,Logic_IC,CH-03,10.17989465181499,14.844085032947712,7.733062329672711,7.854921411295279,42.127922973746,8.627207028513096,43.40965239480143,8.806338759224946,0.19837199556842858,0.006607064916178246,1.2817294210554238,0.17913173071185007
C005104,B11,Logic_IC,CH-03,11.305640934282945,16.13485883895808,8.165705255814114,8.304928096046343,46.569194431226,9.120711040560964,45.52892575048437,9.347652799805084,0.204125464663377,0.007241143776102373,-1.040268680741633,0.22694175924412008
C005105,B11,Logic_IC,CH-03,10.771384120630634,11.161494307221762,7.930204483392536,7.976857039997912,11.771915463571448,8.166554986790194,15.063001059569713,8.245961922476836,0.027093796891305214,0.001868783906103634,3.291085595998265,0.07940693568664159
C005106,B11,Logic_IC,CH-03,9.402002009867836,9.505255165430096,7.883709793581969,7.922322421401329,10.77194001627596,8.144209434945928,11.88257762875727,8.124902264617418,0.01650918377310537,0.0014068044667783959,1.1106376124813089,-0.019307170328509926
C005107,B11,Logic_IC,CH-03,10.828169601219718,10.848938168319036,7.784969266300679,7.780643511936962,11.311796620006096,7.796670818897726,12.668196883347647,7.862794242778042,0.012633741076587582,0.0005704911863963923,1.356400263341552,0.06612342388031589
C005108,B11,Logic_IC,CH-03,8.682880781398001,8.531301051609788,7.671532014439295,7.536472817988948,10.969274439784712,7.880538217235082,9.730544150764368,7.799429468391473,0.008328077077462366,0.0018260878500175326,-1.238730289020344,-0.08110874884360886
C005109,B11,Logic_IC,CH-03,10.150841055513762,10.38469072556572,8.554923575057453,8.626964254933299,20.6336453196173,8.717174516802341,13.551111165742547,8.954362006043969,0.021989030834561298,0.0022735954938240977,-7.082534153874754,0.23718748924162725
C005110,B11,Logic_IC,CH-03,10.21283086937994,10.749907863864571,8.26664902087408,8.444193877229488,14.533791115913798,9.465447710156374,15.290629790958462,9.159081243853205,0.031532791160374246,0.004964495601553592,0.7568386750446638,-0.3063664663031691
C005111,B11,Logic_IC,CH-03,8.92783970428293,9.076122491657866,8.22295712713702,8.262258164384447,9.790392364246294,8.522641554232774,11.856768793176078,8.465146981903944,0.01931004376054314,0.0014089501216631747,2.066376428929784,-0.05749457232882982
C005112,B11,Logic_IC,CH-03,9.958273512780972,9.984017563979355,7.875866292798349,7.932539204615804,26.590857138438345,8.002804645452809,11.79704290492398,8.19276159169503,0.012590453756559896,0.001807099910272404,-14.793814233514365,0.18995694624222104
C005113,B11,Logic_IC,CH-03,10.790305787626744,10.784119839364047,7.583168063710457,7.609338289952652,12.06320151701571,7.720311767284888,12.393560439549674,7.770730387895636,0.011176670834622407,0.0011207784579373868,0.33035892253396426,0.0504186206107482
C005114,B11,Logic_IC,CH-03,9.426307989520293,9.482174178287424,8.338476271845531,8.39688900605781,9.781216965375204,8.59166268238959,11.65271484746375,8.657617659899767,0.015073199091502263,0.001810615651680256,1.871497882088546,0.06595497751017732
C005115,B11,Logic_IC,CH-03,9.901120580077846,10.169872651913106,7.996166134279648,8.012392751906079,10.995273035542835,8.159645012496505,13.56439920006678,8.158882832028176,0.02357310102884496,0.001017292223070121,2.5691261645239454,-0.0007621804683282107
C005116,B11,Logic_IC,CH-03,10.810568728339147,11.145463180305134,7.906729836696341,7.975645269430663,12.390016716857795,8.218882143918869,14.646223428233931,8.31487536671096,0.02431083505506109,0.0023557645644465028,2.2562067113761355,0.09599322279209055
C005117,B11,Logic_IC,CH-03,10.63376159194724,10.802615404050435,8.242693313268974,8.273604827930859,12.225443719939404,8.535257471617122,13.56613723973048,8.463540652028684,0.0191911238588892,0.001318998778457117,1.3406935197910759,-0.07171681958843834
C005118,B11,Logic_IC,CH-03,9.218619503909355,9.222106447103696,7.701923937926415,7.699846035444639,9.289480182643333,7.773166364460991,11.089544106576492,7.7652013472149495,0.012968317079672189,0.00045385633173826586,1.800063923933159,-0.007965017246041484
C005119,B11,Logic_IC,CH-03,9.288962061389183,9.508319256006647,7.825960924902898,7.881722373630887,10.531350510138337,7.979753836695613,12.505360396950085,8.153337183150002,0.020812785700996095,0.0018862139549938564,1.9740098868117482,0.17358334645438944
C005120,B11,Logic_IC,CH-03,9.72846838395735,9.901086413464846,7.931201546088818,7.968733261190826,10.686237655224804,8.176004301236938,12.66875871769819,8.176647227774389,0.019219946557175998,0.0014438469901636318,1.9825210624733849,0.0006429265374503501
C005121,B11,Logic_IC,CH-03,9.994575522793424,10.125362001636914,7.897595957715519,7.946437911969416,10.746101616164532,8.037203361565286,12.578361238737429,8.190754009187954,0.017034716924309135,0.0016966395640176225,1.8322596225728969,0.15355064762266757
C005122,B11,Logic_IC,CH-03,9.657398067309014,9.717887885090622,7.996040791571087,8.02296595899087,11.890051328132312,8.141761068108579,11.887999727288603,8.182936747728345,0.015070221126374869,0.001110908255121353,-0.002051600843708812,0.04117567961976576
C005123,B11,Logic_IC,CH-03,9.547498611784604,9.715197098638388,8.151215639916728,8.183520379662017,66.00697454884414,8.340375682641268,12.548900923931637,8.37022830142952,0.01967849878675867,0.001296582790052107,-53.4580736249125,0.029852618788252627
C005124,B11,Logic_IC,CH-03,10.944034451555927,11.263094720034353,8.099640790818148,8.156630340356065,12.267795036215055,8.445731156727408,14.752492799990987,8.45316519972552,0.024231931110809964,0.0020592698567323264,2.484697763775932,0.0074340429981116785
C005125,B11,Logic_IC,CH-03,9.67652575648398,9.61698287466712,7.740065575489299,7.758309211846071,10.0638496785654,7.925750396689979,11.523193450690094,7.872663183304471,0.013237573444603992,0.0007941248017944466,1.4593437721246936,-0.053087213385508036
C005126,B11,Logic_IC,CH-03,10.165084471890845,10.054304735440484,7.93061848822243,8.00570258662314,10.181244339584534,8.155743564112395,11.863540106226626,8.304350977091286,0.012564134519348211,0.0020739471560287845,1.682295766642092,0.14860741297889035
C005127,B11,Logic_IC,CH-03,9.487947292989206,9.727628523880751,8.055932410726365,8.079339965095974,10.323576887211855,8.182771193146168,12.988263113065663,8.243411574224941,0.022643295758228557,0.0011393861745067192,2.664686225853808,0.06064038107877323
C005128,B11,Logic_IC,CH-03,10.192834955008037,10.50118812833954,7.753505408085978,7.788782738100057,11.176231691346826,7.944113773224065,13.9713812504498,8.007773975935894,0.024098563347987916,0.0015207724849710916,2.795149559102974,0.06366020271182915
C005129,B11,Logic_IC,CH-03,8.560310575623527,8.682559104941136,8.2177119377338,8.200720423195213,9.663068198992962,8.291858917859102,11.315356433779117,8.29129191313753,0.01828331478359709,0.0006289686801549769,1.6522882347861554,-0.0005670047215726726
C005130,B11,Logic_IC,CH-03,10.252343435161048,11.020348616076792,7.6670020424637215,7.738681140219493,16.3238557485749,8.132687151302179,17.017622337345394,8.129023814881712,0.0416477341754764,0.0027107130184876376,0.6937665887704938,-0.0036633364204661234
C005131,B11,Logic_IC,CH-03,9.921843623604923,10.074803443644685,7.907562066593415,7.940036724078189,10.984238430351304,8.09237357065386,12.717870728210844,8.130597774050232,0.01835463392059833,0.0013233406248058552,1.7336322978595398,0.03822420339637134
C005132,B11,Logic_IC,CH-03,17.07335957426095,17.47170249299881,8.415569902114367,8.528707161410301,18.10691793419866,9.02460620182747,20.754284303146658,9.066563741453212,0.022795707014915623,0.003735115139186883,2.647366368947999,0.04195753962574145
C005133,B11,Logic_IC,CH-03,9.749513844411094,9.879149967945963,7.921898629861768,7.982681301757043,11.507573670209744,8.251581084693306,12.319309472351915,8.265125662644476,0.016945552113930215,0.001961419172829394,0.8117358021421701,0.013544577951169146
C005134,B11,Logic_IC,CH-03,9.832655187677402,10.16532780351013,7.721455253628224,7.774991594409866,11.298274871360872,7.946334402171358,13.74564311116106,8.05570883127255,0.0248633007475759,0.0019494252559908627,2.4473682398001877,0.10937442910119266
C005135,B11,Logic_IC,CH-03,8.591750553184223,8.769762599960295,7.809386885807036,7.8860234624228065,9.244027612947791,8.068001888753717,11.522725790077688,8.218941764597178,0.019117799931370787,0.0023119326539886883,2.278698177129897,0.15093987584346102
C005136,B11,Logic_IC,CH-03,10.693803805807155,10.811300866425992,8.248528655539157,8.312612091771646,11.56686017065127,8.578901470797472,13.17754367690299,8.608914358527437,0.016432241739423606,0.002057654630248552,1.6106835062517213,0.030012887729965243
C005137,B11,Logic_IC,CH-03,10.023534233883725,10.108107277329628,7.817312974393697,7.7930668252203,10.699716787612443,7.926171264448095,12.210801542967497,7.9088402066457055,0.014602043511374087,0.0008039818154542071,1.5110847553550535,-0.017331057802389083
C005138,B11,Logic_IC,CH-03,11.303518610224394,12.47221293977669,7.728194168632648,7.8817734336804595,19.618453669677017,8.735249385790771,20.43005464782972,8.600901394936455,0.05526278963925716,0.004993944175388861,0.811600978152704,-0.13434799085431592
C005139,B11,Logic_IC,CH-03,10.438523158911412,10.6296952627034,7.830851533152699,7.814380461492961,10.680975397839164,8.008642551763414,13.384047623888264,7.93087398113458,0.01912744695267267,0.0008089827752890195,2.7030722260491,-0.0777685706288338
C005140,B11,Logic_IC,CH-03,14.790605516154876,14.799254049320306,8.013864001273753,8.062931004955814,15.334493908701756,8.519167654020167,16.12519521095682,8.329687420284333,0.009207924733586916,0.0018524751064480495,0.7907013022550657,-0.1894802337358339
C005141,B11,Logic_IC,CH-03,8.43824110370759,8.740082813365541,8.522292419821175,8.515228565599411,10.502131093434334,8.557284001465668,12.602460659226189,8.604766997699427,0.026822068374032275,0.0006217946673612183,2.1003295657918546,0.04748299623375907
C005142,B11,Logic_IC,CH-03,10.659525026458558,10.842431731203709,7.954782139540016,8.01730938381814,11.92059115561124,8.330116798044877,13.508954607829757,8.31771879230169,0.018517519976569783,0.002086176447802426,1.588363452218518,-0.012398005743186502
C005143,B11,Logic_IC,CH-03,10.687861960085373,11.015626261752308,8.454018691944134,8.495654261043914,11.59063265133741,8.763461895168694,14.726728605769964,8.736494614024862,0.025771544055678164,0.001672502451256583,3.1360959544325535,-0.026967281143832622
C005144,B11,Logic_IC,CH-03,10.21469455946072,10.158786031366304,7.740998982515032,7.753332893102362,10.672097003776312,7.860105757848809,12.00310582212912,7.852483785008988,0.012807776324741775,0.0006885478604626787,1.3310088183528084,-0.007621972839821467
C005145,B11,Logic_IC,CH-03,11.199394285409708,11.911558499649804,7.860455381511866,7.972568896149014,16.69356362547719,8.602570360691876,17.412516207501408,8.500666368326307,0.03820109519341392,0.0036673435567867543,0.7189525820242189,-0.10190399236556935
C005146,B11,Logic_IC,CH-03,9.352541076076422,9.612658217031838,8.271324404944874,8.041489983613221,10.248400149791388,8.477907936544453,11.213356754039522,8.45631274796338,0.011115962062553362,0.00288071364132055,0.9649566042481332,-0.021595188581072122
C005147,B11,Logic_IC,CH-03,10.769904924324798,10.834752431366224,7.922892728914992,7.928113314423101,11.328576247904117,7.974382662996776,12.971847506608583,8.02400257463347,0.014840938022516379,0.0006658976403497934,1.6432712587044662,0.04961991163669488
C005148,B11,Logic_IC,CH-03,10.086119325650046,10.290311640869378,8.347790460059201,8.409899924786204,11.506830847080424,8.631675487537729,13.25539560709128,8.702707068678581,0.020590860876540988,0.002033382943697062,1.748564760010856,0.0710315811408524
C005149,B11,Logic_IC,CH-03,10.128780043872084,10.112675930869845,8.099512877134392,8.142977171556938,11.174666700903202,8.34650378367332,11.895236408539212,8.352068616087593,0.012378892206037273,0.0014520239203517698,0.7205697076360096,0.005564832414272303
C005150,B11,Logic_IC,CH-03,11.778682015535296,11.962986043096787,8.281709124687984,8.303711613613688,12.872216350337624,8.636709401229606,14.740945999993261,8.473949121211383,0.01929138858955885,0.0011822049138728863,1.8687296496556378,-0.1627602800182224
C005151,B11,Logic_IC,CH-03,9.999302616641232,9.975159292313649,8.342334755176992,8.371882240392228,11.36854162846927,8.594043596203623,11.894893601035658,8.529852718783896,0.013331488255013957,0.0010970172110532515,0.5263519725663883,-0.06419087741972618
C005152,B11,Logic_IC,CH-03,9.910837189372408,9.909030590289335,7.671411740179612,7.679569119788315,10.314498180648387,7.817800385900415,11.678820752974145,7.773522941021631,0.01229020946308896,0.0006524570918980275,1.364322572325758,-0.04427744487878371
C005153,B11,Logic_IC,CH-03,9.430456290561374,9.536827246327688,8.036610638966716,8.022614684691126,22.141215069012496,8.267426773968477,11.96982687242541,8.116164817913823,0.016895830736789734,0.0006496537029353982,-10.171388196587086,-0.15126195605465398
C005154,B11,Logic_IC,CH-03,10.845855512957383,10.875302868218215,8.168452133078393,8.203467245389373,11.637885333202377,8.571109315028261,12.775875713827773,8.39506774141727,0.013198422538955264,0.0013305590001937305,1.1379903806253964,-0.17604157361099126
C005155,B11,Logic_IC,CH-03,11.018802888559376,10.961870312608191,8.412573003297945,8.470205915887913,11.362506540315,8.651148800118255,12.754327187367485,8.722643381400133,0.01244761718582843,0.0017530379549459685,1.3918206470524854,0.07149458128187725
C005156,B11,Logic_IC,CH-03,8.425186826669533,8.766839814870597,8.029318824031886,8.072082797132628,9.925300807384716,8.161597164095976,12.669521013693387,8.302450664101087,0.027101952769602713,0.001599776853947632,2.744220206308672,0.140853500005111
C005157,B11,Logic_IC,CH-03,10.1025074079671,11.27634792371983,8.07843683201435,8.098626779202686,11.231927383414233,7.987882933029996,19.93622045125439,8.35046472141159,0.060138003663434435,0.0017488745986729498,8.704293067840156,0.36258178838159427
C005158,B11,Logic_IC,CH-03,9.714660259400569,9.872009694760358,8.161614003270847,8.180064404365567,11.244765859638676,8.33404204402601,12.672074309432666,8.320443892746704,0.01944489315744659,0.0009748575582023441,1.4273084497939905,-0.013598151279305526
C005159,B11,Logic_IC,CH-03,9.908080236134303,10.22675835618444,7.835574834336776,7.828870417253718,10.651735155968996,8.009378249061982,13.862671613901306,7.9376055354552975,0.025249397623033784,0.0007551049875109683,3.210936457932309,-0.07177271360668414
C005160,B11,Logic_IC,CH-03,10.77296057471714,10.973149874081235,8.150369733753323,8.198835302052293,12.545003947721565,8.365663339707824,13.828664228517805,8.45270100782387,0.019829960794698405,0.0017629562900803987,1.2836602807962407,0.08703766811604652
C005161,B11,Logic_IC,CH-03,10.342750504840629,10.446859455997618,7.740738841565487,7.743707468215002,11.091454064166806,7.844607819629459,12.813614205925973,7.833696531173551,0.01643579687450246,0.0006249240483232548,1.7221601417591668,-0.010911288455908164
C005162,B11,Logic_IC,CH-03,9.751699526211835,10.40180721832952,8.19337638135277,8.22579991496703,18.257790019642943,9.51445513998504,16.043286642649328,8.462096908324588,0.03917694044666534,0.0016409513427608153,-2.2145033769936155,-1.0523582316604525
C005163,B11,Logic_IC,CH-03,9.60479407240997,9.822695465051304,7.511488969943909,7.485452934087472,10.21182564574868,7.523433912440462,12.645849108250165,7.620343414750765,0.019605233633325423,0.0009367394490506498,2.434023462501484,0.09690950231030371
C005164,B11,Logic_IC,CH-03,9.21075663816457,10.25060049810193,8.427269366778388,8.463102957538982,16.441110322582684,8.921838183539442,18.28996699580508,8.74188591564446,0.05582893401182744,0.0019359927646213698,1.8488566732223966,-0.17995226789498275
C005165,B11,Logic_IC,CH-03,8.851047384011574,9.637239314657275,7.632644037668756,7.709008562374937,13.988706711337992,8.168721551876823,15.877562211342386,8.103550879458314,0.04333557567142438,0.0027398772019679007,1.8888555000043947,-0.0651706724185086
C005166,B11,Logic_IC,CH-03,11.358236749198875,12.871039733220954,7.878571442216891,8.118236313312764,21.77413745557421,9.40942230793442,22.605425294825253,9.162070988898963,0.06759989973336318,0.007248851913793048,0.8312878392510434,-0.2473513190354577
C005167,B11,Logic_IC,CH-03,9.640683857448044,9.85595904381485,7.941771389850863,7.970514692520937,11.723304142516572,8.027107767283036,12.911445650657999,8.152197023215061,0.021218656991966307,0.0012616828520425278,1.1881415081414275,0.1250892559320249
C005168,B11,Logic_IC,CH-03,12.023011218493734,10.872797907598176,8.279800434877997,8.150227037011383,10.029768564768064,8.037923418265168,12.363655654230548,8.196630042312286,0.010353178796058139,0.000322243092367379,2.3338870894624844,0.15870662404711844
C005169,B11,Logic_IC,CH-03,9.714074476613684,9.762652992918856,8.253944832961986,8.266939267784306,10.43682795020482,8.494664910430638,11.967653398782153,8.37766319968008,0.015312502818495118,0.000768916193720659,1.5308254485773318,-0.11700171075055721
C005170,B11,Logic_IC,CH-03,16.49889145647173,16.574417802082042,7.652031226564871,7.753958448344672,67.93352101717532,8.297143253584267,17.843499392268086,8.223817660217543,0.008813066598514194,0.003262911193561603,-50.09002162490724,-0.0733255933667234
C005171,B11,Logic_IC,CH-03,8.239074404066386,9.463047690736596,8.027218358044669,8.190655116920997,16.66674006338381,9.283400083613582,18.217891901848848,8.908475479257882,0.06079752924383508,0.004984863627339482,1.5511518384650387,-0.37492460435569974
C005172,B11,Logic_IC,CH-03,9.062977952052387,9.657944091974256,8.143549554020435,8.302700168005611,13.81124952881573,9.18702613966836,14.669939540850958,8.953276658252063,0.03480552395053265,0.004517892293378141,0.8586900120352272,-0.2337494814162966
C005173,B11,Logic_IC,CH-03,10.516736784702156,10.559476313494397,7.905346006869329,7.932545428072728,11.439160888205262,8.028912809923453,12.519202629726177,8.098686427827767,0.013609210529387362,0.0011537569427433276,1.0800417415209154,0.06977361790431402
C005174,B11,Logic_IC,CH-03,9.4931814366734,9.285503864721216,7.851029765067397,7.885471836747421,9.14239569541603,8.090628956400849,11.549970865381056,8.022165832085985,0.01572546528236,0.0009492638565178099,2.4075751699650265,-0.06846312431486368
C005175,B11,Logic_IC,CH-03,10.728320644378554,10.940662912880274,7.86184223324494,7.938662844267854,11.933785806058488,8.143528038423579,13.698742246891225,8.291926943192074,0.01915332870840938,0.0024532229091959734,1.7649564408327372,0.14839890476849504
C005176,B11,Logic_IC,CH-03,11.220237486648127,12.043055884433512,8.165147691559907,8.287674322912705,16.50155418606432,8.82362173900008,18.2563769224181,8.858068020842085,0.04314806276378185,0.003961067346731801,1.7548227363537805,0.03444628184200482
C005177,B11,Logic_IC,CH-03,10.515819899734556,10.768587204604792,7.848400632927378,7.848328991672264,12.087784380659006,8.072713122212525,14.01985500307134,7.9442609537743625,0.02257824860046214,0.0006661941812645739,1.9320706224123345,-0.12845216843816232
C005178,B11,Logic_IC,CH-03,10.449176730735212,10.617965303359012,7.99141809418862,8.026670072844796,11.34094114876028,8.26041706888862,13.316723993187162,8.231646650095433,0.018741379790473262,0.0014234484531294228,1.9757828444268828,-0.028770418793186536
C005179,B11,Logic_IC,CH-03,11.647313027054476,11.607309131788268,7.910000438138143,7.965571844398594,12.056510583026643,8.292086948192402,13.162948198339905,8.223788314472825,0.010803049073275253,0.0017931699310710493,1.1064376153132613,-0.06829863371957678
C005180,B11,Logic_IC,CH-03,8.65753110089961,8.720373732794348,7.814979596134192,7.871492128377206,9.653575741400251,8.062770517233849,10.856003091527775,8.125722775670987,0.014830759435648797,0.0017654906062068124,1.2024273501275236,0.06295225843713759
C005181,B11,Logic_IC,CH-03,8.696523885520529,9.069939887646056,8.323884320055782,8.281583614703427,9.947159581082794,8.35155916946908,12.98193933818186,8.431414559570147,0.027166662850943085,0.0010404926726855532,3.0347797570990664,0.07985539010106635
C005182,B11,Logic_IC,CH-03,14.343381833720432,11.957754222971028,8.219417443265293,8.094470369070528,10.437808147834607,7.985891855971705,11.711254088728403,7.943560514665089,-0.0017118064877960082,-0.0010479851000377725,1.2734459408937955,-0.042331341306615755
C005183,B11,Logic_IC,CH-03,9.572852953869766,,7.775730045297176,7.842609588588568,10.738230530848533,8.005661499064555,15.052682152750723,8.20123203322366,,0.002490433643299249,4.31445162190219,0.19557053415910453
C005184,B11,Logic_IC,CH-03,10.692368282666925,11.087205531051248,7.642984877548291,7.680727804246299,12.044166707049822,7.830192656403522,14.97056343565336,7.921896704327279,0.026967763226403558,0.0016747840283401422,2.926396728603539,0.09170404792375741
C005185,B11,Logic_IC,CH-03,11.555660086541364,11.69421440866037,7.524038600216752,7.562440880073659,12.415218721731527,7.850647444745349,13.968361056442836,7.787255725406152,0.0157926850540449,0.0015612142036978693,1.5531423347113087,-0.0633917193391973
C005186,B11,Logic_IC,CH-03,10.286787330228004,14.209699416930611,8.113255466811408,8.282387484033617,40.269432479023,9.536064483527523,38.42793943556342,9.314407070778795,0.1681822223516167,0.007166802685730407,-1.841493043459586,-0.22165741274872808
C005187,B11,Logic_IC,CH-03,11.474251625397525,11.498050881891766,7.986864920357906,8.008576756542693,12.537659000958216,8.27573170022758,13.296785289203564,8.160720858758529,0.012491211161887486,0.0010565562653877475,0.7591262882453478,-0.11501084146905072
C005188,B11,Logic_IC,CH-03,10.132284729455902,10.372094023291751,8.238260985678856,8.221306871204574,10.977344003882544,8.300768889992765,13.543243462488633,8.33548102289891,0.0220218711055339,0.0007928760534328857,2.565899458606088,0.03471213290614372
C005189,B11,Logic_IC,CH-03,12.80994144931208,11.08683754388367,8.253367897870898,8.123240215735601,10.137494166281854,8.104409606426941,12.235756569479388,8.075609489264668,0.007978604344414712,-0.0003307689338259238,2.098262403197534,-0.028800117162273153
C005190,B11,Logic_IC,CH-03,9.82521590596932,10.003227467800398,7.993097820171616,8.01361016637885,11.026756239369323,8.139914315958213,12.861975742555442,8.164924239606544,0.019852418574687804,0.0010507921751923153,1.835219503186119,0.0250099236483301
C005191,B11,Logic_IC,CH-03,9.829233706301654,9.87596942615337,7.730338220697059,7.743222264828162,9.788468302555543,7.849369245774985,11.922351395545743,7.857324050813711,0.014210985898558145,0.0007923735137885308,2.1338830929901995,0.007954805038726143
C005192,B11,Logic_IC,CH-03,9.87435085253671,10.112434176902797,7.767178659963265,7.782666529499105,11.125774002599291,7.881811954564972,13.272375885022338,7.924793657940894,0.02194403963971904,0.0009869939475124242,2.146601882423047,0.04298170337592211
C005193,B11,Logic_IC,CH-03,10.916227563739868,11.137121578625267,7.872153421691113,7.922869859782303,12.34391161312999,8.229907977294069,14.011384028780032,8.190055439240242,0.019960155903852535,0.001855455412902354,1.6674724156500424,-0.03985253805382705
C005194,B11,Logic_IC,CH-03,9.916006263437405,9.966676922724917,8.28721021187767,8.275443286426118,10.566387840839834,8.397020297601301,12.112080167824809,8.3609522808251,0.01489863364652703,0.0005938124611040399,1.545692326984975,-0.03606801677620197
C005195,B11,Logic_IC,CH-03,9.583693022441873,9.59016882827416,8.249451748943912,8.284423597365594,10.428583550139685,8.467476538405204,11.497748967080266,8.46371224928414,0.013247084297264622,0.001245060082767677,1.0691654169405815,-0.0037642891210651896
C005196,B11,Logic_IC,CH-03,11.3000734108941,11.529863166459528,8.426107861066575,8.421451992386135,12.388559846449764,8.719368107538955,14.678239281603433,8.52466113420664,0.02186372302183268,0.0007167301515312863,2.289679435153669,-0.19470697333231435
C005197,B11,Logic_IC,CH-03,9.442512814205395,9.719685223699813,8.21204130623884,8.238639223814165,10.541107790221211,8.42389773934692,13.237032861135592,8.415684805441389,0.02442602525997069,0.0012294832057446132,2.695925070914381,-0.008212933905531017
C005198,B11,Logic_IC,CH-03,8.470739360618262,8.757623334703347,8.063089579496928,8.102720859073152,10.03261441638487,8.21920128372083,12.352367098679084,8.317485767058068,0.02496349836094262,0.0014914229721174745,2.3197526822942134,0.09828448333723827
C005199,B11,Logic_IC,CH-03,9.299888712925934,9.230472095481105,7.865518532604028,7.904154790689331,10.130775792375072,7.994385457907384,11.185338534799586,8.081755843038497,0.013575461384156119,0.0012333406413136529,1.0545627424245136,0.08737038513111273
C005200,B11,Logic_IC,CH-03,10.310547523314684,11.0532958400406,7.9969648853925985,8.089050546902698,15.428962352966549,8.768318380562489,16.93710916309621,8.542563505933032,0.04085981474344174,0.003149395548821765,1.5081468101296611,-0.2257548746294571
C005201,B11,Logic_IC,CH-03,9.236988187474491,9.196495012064537,8.225748137363802,8.261661174229511,9.43016710962284,8.317310379380705,11.194851607224297,8.432743659605196,0.013877476355276117,0.0011880728151089216,1.7646844976014577,0.11543328022449018
C005202,B11,Logic_IC,CH-03,9.799658602411585,9.991266976261407,8.37233383491596,8.372174606298826,11.3653399640041,8.516041837915397,13.088552421678438,8.453862135444282,0.021508926704284934,0.0005672745079545614,1.7232124576743377,-0.062179702471114595
C005203,B11,Logic_IC,CH-03,10.087085576626905,10.361967278440517,7.541887745665296,7.594326144065163,11.80298655629903,7.833447296010607,13.529749156087588,7.869358227984236,0.021998485261437994,0.0019099450272157844,1.7267625997885574,0.03591093197362927
C005204,B11,Logic_IC,CH-03,9.205659758929452,9.367506111710783,7.90005220059802,7.94233175304132,10.193712410951044,8.187330514148215,12.100038266033383,8.16138217602065,0.01897591773835139,0.0015211834929120137,1.9063258550823399,-0.025948338127564696
C005205,B11,Logic_IC,CH-03,9.19464085303147,9.470950231525652,7.916909780306335,7.949100012360586,10.227018717193635,8.116965891235541,12.91081167666399,8.144972343698372,0.023887926702349564,0.0013602245231790705,2.6837929594703542,0.028006452462831177
C005206,B11,Logic_IC,CH-03,8.735012833052778,8.828165152351525,7.938923286593306,7.978035092768378,8.880870923246329,8.111202534007319,11.224686759876707,8.175778688595852,0.01664251116336932,0.0013732194154685666,2.3438158366303785,0.06457615458853283
C005207,B11,Logic_IC,CH-03,9.795277575239313,9.98816927214303,7.301735619567829,7.358990308709288,11.3473877183148,7.689096410633163,12.617579633718979,7.642423105957913,0.01825979417761075,0.001968283314226561,1.2701919154041779,-0.04667330467525055
C005208,B11,Logic_IC,CH-03,10.188269866811074,10.15720199970755,7.889181840496504,7.927205662601831,10.813243328160974,8.11543063551406,11.918015832605397,8.117122452711609,0.012227873839568384,0.001318866597984568,1.1047725044444228,0.0016918171975479623
C005209,B11,Logic_IC,CH-03,8.881317904341845,8.895209935833847,8.410142952727904,8.460190556540496,9.251741031624023,8.646076269124602,10.915197842192837,8.684210289136084,0.014027693794159654,0.0015556925874693607,1.663456810568814,0.038134020011481695
C005210,B11,Logic_IC,CH-03,10.080179572686912,9.945789971189363,7.92862499718372,7.990367840434303,10.490168940888484,8.254869953983912,11.855842474932821,8.238550331787492,0.013264253498218458,0.0017234895232860357,1.365673534044337,-0.016319622196419914
C005211,B11,Logic_IC,CH-03,10.06447059180866,10.240099122391516,7.997313175272218,8.019932568133834,10.723425564306275,8.19324868473749,13.056227306944903,8.179959228560946,0.019556445726065186,0.001111296252966058,2.332801742638628,-0.013289456176543979
C005212,B11,Logic_IC,CH-03,10.307276502189012,10.576958621257678,7.613634187765315,7.607628549145327,11.324445203366782,7.801987455567147,13.836025298288712,7.715368538173452,0.022632407479382183,0.0007481943682508726,2.5115800949219302,-0.08661891739369487
C005213,B11,Logic_IC,CH-03,10.445194652790365,10.807489544376889,8.10434935735784,8.144270648811835,12.219515847693216,8.406734244256217,14.650560819732295,8.383677057277742,0.026687994967745876,0.001662544503235466,2.4310449720390785,-0.02305718697847503
C005214,B11,Logic_IC,CH-03,10.272566074898998,10.462692995609965,7.814426601005517,7.8531014662096945,11.519966647321583,8.104528903300366,13.242537153343845,8.071842480554485,0.01930447331759639,0.0015190348218388247,1.7225705060222616,-0.03268642274588096
C005215,B11,Logic_IC,CH-03,9.533737240406166,9.705470717879672,8.111990302970113,8.154393382803347,11.025056526054064,8.261013715138159,12.523515844150499,8.375641149585954,0.01956975782132518,0.0015364428248792164,1.498459318096435,0.11462743444779555
C005216,B11,Logic_IC,CH-03,9.575286169780773,10.32035361649706,7.970261913240022,8.082795909997149,15.068074220628883,8.684276938468445,16.23012655935075,8.598806774813207,0.04104008988092841,0.00358340878344485,1.1620523387218675,-0.08547016365523774
C005217,B11,Logic_IC,CH-03,10.632340204064167,10.860942317544897,8.300102517768373,8.257022636201766,57.64430071771963,8.397760200301473,13.716090462703786,8.41031889981414,0.019827417674714506,0.0010645573861970403,-43.92821025501584,0.012558699512666749
C005218,B11,Logic_IC,CH-03,10.343477685266413,10.474874266274664,8.396338093592298,8.47708235611965,11.081376740927691,8.579916666475821,12.953980031115357,8.826340276600712,0.017216012255838145,0.0024254022255629287,1.8726032901876657,0.2464236101248911
C005219,B11,Logic_IC,CH-03,10.221378940974429,10.329473378955967,7.513456902612629,7.555733293425891,11.3402084579723,7.56829827306282,12.538478357865717,7.780614235181265,0.01534031235353993,0.0015616732066345408,1.1982698998934165,0.21231596211844472
C005220,B11,Logic_IC,CH-03,9.81061609752684,9.97742493594862,7.980679313005747,7.98403860238765,10.86580357793872,8.173487396343146,12.821139980306267,8.076334465114154,0.019748021141372554,0.0006409434911562811,1.9553364023675464,-0.09715293122899205
C005221,B11,Logic_IC,CH-03,9.34266924404286,9.34519165148678,7.719309044740408,7.724735494997406,10.131343026163382,7.7509765190566755,11.200287447521971,7.805631146018267,0.01288260969468882,0.0005617753543115359,1.068944421358589,0.05465462696159129
C005222,B11,Logic_IC,CH-03,9.286584197240067,9.525478495397367,7.577587962141325,7.602795718450326,10.811361574097536,7.757188465623285,12.66603156630167,7.774570013011979,0.02180939632572433,0.0011928770455670312,1.8546699922041352,0.017381547388693797
C005223,B11,Logic_IC,CH-03,9.965849193174426,10.185713930930698,8.063259626665843,8.131417563339573,11.195859359164306,8.369601798476516,13.151418320568194,8.44797820174179,0.02059516937248261,0.0021983377666820645,1.955558961403888,0.07837640326527406
C005225,B11,Logic_IC,CH-03,9.582868500824516,9.877517456589356,7.983064244444002,7.972277666013162,10.457123351036444,8.158476836346441,13.409356742677714,8.08115403179676,0.02452666170894693,0.0007560858734972117,2.95223339164127,-0.07732280454968077
C005226,B11,Logic_IC,CH-03,9.010545068666795,9.888637351621338,7.87626753313999,7.7827919651075455,9.879179264962849,8.090090741737502,16.159340250688977,8.080207694409225,0.04354654791019194,0.0020653870090394408,6.280160985726129,-0.009883047328276717
C005227,B11,Logic_IC,CH-03,9.628211404448592,9.7931222345847,7.63076613320739,7.609862811818747,10.342398147171204,7.698095392211921,12.381924441668808,7.728130899956389,0.017977793104750745,0.0008213061676225116,2.0395262944976036,0.030035507744467616
C005228,B11,Logic_IC,CH-03,13.223415707183444,11.860436623429951,8.306483572596095,8.177565321420314,10.924276727560647,8.124597056929499,12.629254921265574,8.196796997585173,0.005339015957191822,0.0001335533067004081,1.7049781937049264,0.0721999406556737
C005229,B11,Logic_IC,CH-03,10.413485582009695,10.43596565307352,8.034986851687488,8.065105690313676,11.041003219915202,8.295284626349925,12.31414947876988,8.237347733512566,0.013042943234002494,0.001196125299992295,1.273146258854677,-0.057936892837359366
C005230,B11,Logic_IC,CH-03,10.426056312841176,10.408530535752346,7.610891099656093,7.618092131476347,10.940960011552264,7.798478153783369,12.143465411160447,7.709755896787035,0.0120481588570007,0.0006365539257686681,1.2025053996081834,-0.08872225699633418
C005231,B11,Logic_IC,CH-03,10.675746641042243,10.808998107362102,7.825274492900306,7.861521588452571,11.555311261304723,8.021971409188376,13.22943382386135,8.069293839578398,0.016808581364578103,0.001442862855040466,1.6741225625566258,0.04732243039002171
C005232,B11,Logic_IC,CH-03,10.2535515611758,10.338265015772386,7.960101779716529,7.921704725426867,10.759199425678723,8.09446791966492,12.337308791433994,8.059223847721462,0.013882248442094501,0.0009549939048235769,1.578109365755271,-0.03524407194345791
C005233,B11,Logic_IC,CH-03,10.4803047307243,10.35456119029834,8.148900405652746,8.171023216860338,10.885085105048512,8.27820585023043,12.35628830493788,8.288878724192644,0.01390088274055237,0.0008184410231410169,1.4712031998893682,0.010672873962214169
C005234,B11,Logic_IC,CH-03,11.46894717992372,12.261351628126292,8.201037154905936,8.291815265350534,17.570799061226484,8.977327606834894,18.3746363073938,8.75428523746623,0.04245336582824658,0.0032115970285812156,0.8038372461673156,-0.22304236936866495
C005235,B11,Logic_IC,CH-03,9.64863198046606,9.788660420384366,8.329203993976417,8.396785488318814,10.529904655315278,8.513659536685028,12.401430657213519,8.698262302350622,0.018144237755758005,0.0020935889863320017,1.871526001898241,0.18460276566559486
C005236,B11,Logic_IC,CH-03,10.29289839381491,10.488931867787638,7.739781969579885,7.795293273539265,11.392558917799605,7.866560180467512,13.225524607419956,8.072558109369462,0.01900411624744665,0.001925450248820811,1.8329656896203517,0.20599792890195
C005237,B11,Logic_IC,CH-03,8.55698157488858,8.879078055748376,7.963519935077613,7.986838881061762,9.601858620032033,8.248931226539955,12.6935865600161,8.151425911851813,0.026489642390748087,0.0011429654915975794,3.091727939984068,-0.09750531468814216
C005238,B11,Logic_IC,CH-03,11.809837826718493,11.95817087767603,8.038836296423193,8.093754560288007,12.827631661454038,8.314488782789848,14.360827517082836,8.372942379225295,0.016685115551436147,0.0019388042981756115,1.5331958556287972,0.0584535964354469
C005239,B11,Logic_IC,CH-03,9.816262926727152,10.006979914580713,8.00657257057461,8.03016329225326,11.14679909785011,8.13991123362397,12.935058945205467,8.192962670244418,0.020333882157116352,0.001130551236049709,1.7882598473553575,0.0530514366204482
C005240,B11,Logic_IC,CH-03,11.239160285043614,11.298724308691824,7.971361271129621,7.978657424937165,12.238878594318042,8.161964977860949,13.366833175193557,8.084238925269142,0.014361867128484258,0.0007332048634165108,1.1279545808755156,-0.07772605259180665
C005241,B11,Logic_IC,CH-03,9.523919433431088,9.39614258394702,8.0530040632405,8.07471041265272,9.736312455533252,8.298673503638028,11.55819928073835,8.18358709556691,0.015014282616606459,0.0007560880757929835,1.8218868252050981,-0.11508640807111803
C005242,B11,Logic_IC,CH-03,10.58277934284172,10.728960264530446,8.091343594244275,8.143706311821957,12.365122891372192,8.292865678857803,13.260398282040327,8.404214465292364,0.017579430677151953,0.0018090843991000532,0.8952753906681359,0.11134878643456148
C005243,B11,Logic_IC,CH-03,11.940018637718186,12.446411791129073,7.737683283975008,7.902312201529905,16.121937458663158,8.787781852870884,16.464659797490672,8.595469398079434,0.02790450004417777,0.004813591642705062,0.3427223388275138,-0.1923124547914501
C005244,B11,Logic_IC,CH-03,8.676862019002575,8.536857412417282,7.568199033113462,7.573562264631962,9.155034109109073,7.670656431803785,10.839494757910753,7.620288954899522,0.015990537121482438,0.00032449090463583367,1.6844606488016804,-0.05036747690426324
C005245,B11,Logic_IC,CH-03,10.679965640287792,11.23527343906932,7.8965791750282275,7.927047469843525,13.251303036962566,8.139789058263364,16.147301887034473,8.15783308953769,0.03411130866642467,0.0016026779145428087,2.8959988500719067,0.01804403127432508
C005246,B11,Logic_IC,CH-03,9.04984126295487,9.169717708219236,7.8570076733392975,7.885658521105131,10.33570889618928,8.115862788111931,11.702185583631715,8.053658173912343,0.017586582468142216,0.0011666642556056378,1.3664766874424359,-0.06220461419958845
C005247,B11,Logic_IC,CH-03,9.970435213375543,10.329114902678024,7.6596309459039,7.7582499813809935,13.646629148184727,8.342988205503811,13.879788906219947,8.196680520051485,0.024657458357930023,0.0030446565185450808,0.23315975803521916,-0.1463076854523262
C005248,B11,Logic_IC,CH-03,12.967845808168754,11.58143800991229,8.628345339814393,8.570069604969529,10.02796821016832,8.48703958024359,13.213764276974025,8.471087637399135,0.011335599076817606,-0.0006873747747944013,3.1857960668057057,-0.015951942844454337
C005249,B11,Logic_IC,CH-03,10.180972525759572,11.397040658113756,8.29632124132655,8.371432474182305,18.46019589373248,8.964074788478603,20.196903634267123,8.810859284297434,0.06111015955662061,0.0030515750702439564,1.7367077405346443,-0.15321550418116914
C005250,B11,Logic_IC,CH-03,9.133888053533504,9.139447849649226,7.737059246650039,7.804991461263585,9.168470940243882,7.922707181334063,10.83393307500216,8.096771539480407,0.011767258509395369,0.0020262505431723784,1.6654621347582772,0.17406435814634413
C005251,B11,Logic_IC,CH-03,8.543526616796079,8.619419312830056,7.898309456979364,7.941544198767473,10.40189920717789,8.078651600646982,10.90868420249912,8.150455005651072,0.015897672844924063,0.001450769492247212,0.5067849953212313,0.07180340500408988
C005252,B11,Logic_IC,CH-03,8.791437838253563,9.078235748718235,8.107353215277284,8.166479813998318,10.812478856823727,8.284576001908512,12.594202031572248,8.449164335201502,0.024416432519819533,0.001963086952799885,1.781723174748521,0.16458833329298983
C005253,B11,Logic_IC,CH-03,10.01423984359316,10.19441522656265,8.23493715150575,8.276296389711957,11.73823753746579,8.394046592027456,13.052377427714585,8.497643705810239,0.01984695973022177,0.0015371341395713995,1.3141398902487946,0.10359711378278291
C005254,B11,Logic_IC,CH-03,9.87791184855133,10.110709477235432,8.163420289078369,8.192364121763967,11.29688983994103,8.3450931753378,13.305019046676298,8.376769327763247,0.02218270534333935,0.001280591708328332,2.0081292067352674,0.03167615242544741
C005255,B11,Logic_IC,CH-03,10.47945704528703,10.870298606370438,8.190161700419115,8.231860834636171,11.95816174754397,8.311391010462549,14.89502418472447,8.47972907318756,0.027949483183014108,0.0017213072121624224,2.9368624371804994,0.16833806272501128
C005257,B11,Logic_IC,CH-03,10.56023900934394,10.690736135309306,8.218225573428867,8.272101932477113,11.787545696413805,8.486523276899486,13.165670291810212,8.534774203688395,0.017187042753478512,0.0018241129945227863,1.3781245953964074,0.04825092678890819
C005258,B11,Logic_IC,CH-03,9.548550268690038,9.5832736565703,7.741561758488173,7.776283553091243,9.935730479297476,8.002173743964207,11.518297759349325,7.961179104869113,0.013437667380409893,0.001283996887346317,1.5825672800518493,-0.04099463909509371
C005259,B11,Logic_IC,CH-03,9.04616851871213,8.335191684665022,7.7651928017850835,7.849338669296914,10.153184447929634,8.017007304129868,11.937915852273958,8.046322317426023,0.025018917830617618,0.00136794200089659,1.784731404344324,0.029315013296155712
C005260,B11,Logic_IC,CH-03,9.006076948984699,9.031405505245392,7.69254449119952,7.702259833848641,9.196783520699102,7.886218337003816,11.030659527195045,7.797629281879956,0.013883708485761481,0.0006622878335507984,1.8338760064959434,-0.08858905512385995
C005261,B11,Logic_IC,CH-03,9.682650283148384,9.988322275051557,7.855924620133292,7.900997817952496,11.492896374390252,8.01340981410731,13.49266839720492,8.147861978465242,0.024335736959398353,0.0017143344480051786,1.9997720228146676,0.13445216435793128
C005262,B11,Logic_IC,CH-03,9.655361803296968,10.053702437014952,,8.211011054990072,11.28439333796212,8.533101103105013,14.484119390233918,8.74024187976376,0.030766784397353933,0.0036752140609283865,3.1997260522717976,0.20714077665874697
C005263,B11,Logic_IC,CH-03,10.692113053886231,11.984889570337597,7.870115960013931,7.89022507279824,18.99993131678596,8.204976086338643,21.208453816519924,8.161574463377864,0.06405252948737727,0.0018843707679140527,2.208522499733963,-0.04340162296077921
C005264,B11,Logic_IC,CH-03,9.667981631149836,9.91948306538272,7.92933486272477,8.000716256517665,59.84482954497432,8.212266707178363,13.048863553668474,8.330329667012704,0.02173180894642885,0.00228898201732666,-46.79596599130584,0.11806295983434012
C005265,B11,Logic_IC,CH-03,9.742895538240056,9.830203342066078,7.802750390051018,7.837124698462214,10.79375413373954,7.935354562223891,12.072203013387986,8.0270158087037,0.015569442161957695,0.0013186882655658778,1.2784488796484457,0.09166124647980922
C005266,B11,Logic_IC,CH-03,10.752866756686036,10.981236350987436,7.73527575925596,7.739006210771692,11.865622302747846,7.919035300566739,14.027147015674283,7.8474194459865965,0.02115215739365866,0.0007528696889923895,2.161524712926436,-0.07161585458014219
C005267,B11,Logic_IC,CH-03,10.717680588560832,10.76862043105267,8.163624065827767,8.230062726141647,10.683316428337806,8.485946249197967,12.713422907628907,8.528495873469447,0.013505572754001648,0.0020724524119986164,2.030106479291101,0.04254962427148001
C005268,B11,Logic_IC,CH-03,10.370000909937591,10.853772594066044,7.736497803405053,7.7917156542635215,11.757090116606344,8.00439356115958,15.257956381288265,8.097742608670655,0.03058460963348765,0.002125187183382874,3.500866264681921,0.09334904751107587
C005269,B11,Logic_IC,CH-03,10.104125247747955,11.26884826585388,8.248382511636215,8.356886107196784,18.827681140223568,9.15259858933877,19.669299278958896,8.902755204785496,0.05833646536878483,0.003790757622143833,0.8416181387353276,-0.24984338455327304
C005270,B11,Logic_IC,CH-03,10.895153017877329,12.167235526391195,8.250540945142387,8.323151932722736,20.781477118521845,9.192915676613744,21.197895270191214,8.768074151177526,0.06271291488750014,0.003089737628158266,0.4164181516693688,-0.4248415254362179
C005271,B11,Logic_IC,CH-03,9.93027867449287,10.061747567158664,7.923902555405676,7.94577719039271,11.236000586631736,8.014639575344274,12.615916627154089,8.098320616331737,0.017737285138857122,0.0010593293467987973,1.3799160405223532,0.08368104098746265
C005272,B11,Logic_IC,CH-03,10.00812460335016,10.149654367414156,7.938325857075244,8.001275713715849,11.000749534849996,8.21932336593474,12.632383102120027,8.294053059659028,0.01724117176879077,0.002033176013494299,1.6316335672700308,0.07472969372428828
C005273,B11,Logic_IC,CH-03,9.770244772990258,10.309604926634412,8.05109321044706,8.079175768688016,11.70100403737518,8.333130402627834,15.276153812567427,8.291080452046126,0.03448992281897927,0.0014715603010979875,3.575149775192248,-0.04204995058170802
C005274,B11,Logic_IC,CH-03,9.229354568710717,9.25873029419508,7.798908119029367,7.8576909372123716,9.881901747604346,8.055559281321674,11.131900792402625,8.120807269432895,0.013008128459774615,0.0018271967515314112,1.2499990447982796,0.06524798811122068
C005275,B11,Logic_IC,CH-03,9.89053439528548,9.981919640107934,7.790724379124419,7.826760554561341,10.853501489280788,7.94573011044843,12.22490907144776,8.023901249481991,0.015576315495415457,0.001369032603615625,1.371407582166972,0.07817113903356088
C005276,B11,Logic_IC,CH-03,9.676198187785523,9.780720085636949,8.172729998874837,8.247506575065405,10.490361569184117,8.382132106323148,12.115479594418904,8.57142394235063,0.01621360769987469,0.0022494261617029584,1.6251180252347872,0.18929183602748267
C005277,B11,Logic_IC,CH-03,9.820018327904387,10.683788844805264,8.414851030806316,8.343466861764574,11.21773698156811,8.588096542809414,17.12507900072826,8.589153139944555,0.044731181638354135,0.0017061547095832037,5.907342019160149,0.0010565971351415016
C005278,B11,Logic_IC,CH-03,11.4504994037944,11.774889907625688,7.961373929339592,,12.299300882736729,8.024514152501057,15.170954372282594,8.817793890923395,0.023583781004561846,,2.8716534895458654,0.7932797384223385
C005279,B11,Logic_IC,CH-03,10.434692839335126,10.4875059873559,7.7359949848158545,7.7887476705859,11.145194579193324,7.960089150922131,12.384406501697057,8.043273345464618,0.013172920238480256,0.0017675394088799885,1.239211922503733,0.08318419454248716
C005280,B11,Logic_IC,CH-03,10.689018654756383,10.970917424147864,7.85430160176185,7.863391160475591,11.608974585485006,7.887944952947107,14.34788765240453,7.994295311704041,0.0234511821406713,0.0009090566057531273,2.7389130669195243,0.10635035875693433
C005281,B11,Logic_IC,CH-03,10.761094959259678,10.795493191492982,7.677872987387083,7.6645341159790545,11.73069358567682,7.712913769056846,12.594032107937608,7.7641768842195695,0.012489853586421011,0.0006919636683369097,0.8633385222607881,0.051263115162723416
C005282,B11,Logic_IC,CH-03,11.824965939307637,11.897893620755491,8.230402731727503,8.273607469655254,12.141686498587127,8.566311290258586,13.952117147945849,8.503948358377842,0.014265441161044149,0.0015995895050179782,1.8104306493587217,-0.06236293188074349
C005283,B11,Logic_IC,CH-03,10.75848376188469,11.121519950168896,8.08796817901663,8.06612240590341,12.056701146537236,8.169057951987174,14.865849731932943,8.207387578670467,0.02600229015113922,0.0009810081442156696,2.8091485853957074,0.03832962668329287
C005284,B11,Logic_IC,CH-03,10.396619137984748,10.655315715580596,7.962316123642306,7.958221551147355,11.480782329229518,8.189343397902437,13.947320645885013,8.059668150732293,0.02286114534933623,0.0007044902748953987,2.4665383166554946,-0.12967524717014456
C005285,B11,Logic_IC,CH-03,10.379608639854451,10.684017155182636,8.394402370419131,8.395063806784036,11.536161509872324,8.541716419565313,14.386048175376807,8.494610405824407,0.025708548751348412,0.0006912958266692445,2.849886665504483,-0.047106013740906505
C005286,B11,Logic_IC,CH-03,9.560298213148736,9.747564063550724,7.6052834676673085,7.608913179660188,10.83682032031687,7.755078395798956,12.638721781026394,7.704100272266592,0.020077484149136595,0.0006610214764333581,1.8019014607095247,-0.05097812353236453
C005287,B11,Logic_IC,CH-03,9.275147857723448,9.085010973193777,7.594188289511289,7.63423689178866,9.264641010553952,7.799093340006625,11.272586473598139,7.79374635170716,0.015191496530585848,0.0011077045827673586,2.0079454630441873,-0.005346988299464783
C005288,B11,Logic_IC,CH-03,10.269888494100108,15.23871691830212,8.076125940469668,8.185900846655079,44.1719595295694,8.594851059299273,45.71458473194437,9.124059221997525,0.21163797092807118,0.0065149887176558785,1.5426252023749711,0.5292081626982519
C005289,B11,Logic_IC,CH-03,10.93338813715875,10.901181908763686,7.919483616727565,7.944180253418893,12.06692694905825,8.120520567043501,12.62815525489491,8.094159355777624,0.011992870459244612,0.0010415215441578504,0.5612283058366607,-0.026361211265877316
C005290,B11,Logic_IC,CH-03,10.121836773387384,10.261280177789098,8.181419610778628,8.218110573902491,11.017112137489194,8.277252233769868,12.869708646161529,8.420967475784702,0.018114086585919658,0.0014087284852931277,1.8525965086723346,0.14371524201483332
C005291,B11,Logic_IC,CH-03,9.7125626766356,9.65771447982264,8.11981832087797,8.169323630574539,10.492532745454096,8.39720778554153,11.55773921496915,8.387607442734431,0.013194616216295203,0.0015158598066659214,1.0652064695150543,-0.009600342807098983
C005292,B11,Logic_IC,CH-03,9.883114945478376,10.490516851833709,7.667543500058099,7.836998086314655,11.43565917993719,7.863855942751332,15.2705982002665,8.540316319231643,0.0331950093641166,0.004884154395256857,3.83493902032931,0.6764603764803105
C005293,B11,Logic_IC,CH-03,10.300141134022256,10.427187262342906,7.878772620777751,7.928534753331226,11.403073904651686,8.024587759556812,12.820524814580843,8.178097015350746,0.016620399668319002,0.0017330712640244439,1.4174509099291566,0.15350925579393326
C005294,B11,Logic_IC,CH-03,10.466435116660309,10.6066567184984,8.052273257503916,8.064400263573084,11.294991384219884,8.091597882313447,13.223654295232905,8.188261465531752,0.018173594282878507,0.000860147235824085,1.9286629110130207,0.09666358321830515
C005295,B11,Logic_IC,CH-03,9.382655008602285,9.602218560799118,8.150726784535335,8.15070951341623,10.943149267540097,8.354885812071787,12.849496177625898,8.232702683586327,0.02255053900574153,0.0005693970150701203,1.9063469100858015,-0.1221831284854602
C005296,B11,Logic_IC,CH-03,10.080805385078447,10.34368491429965,7.7474658478959295,7.793879039570463,11.5536766702005,8.156157293707297,13.522477167835383,8.045231027655586,0.022074946205109254,0.0017454999172577966,1.9688004976348825,-0.11092626605171141
C005297,B11,Logic_IC,CH-03,10.123146706048503,10.31680697553028,8.328125687088912,8.427701505510454,11.10476785214288,8.450574869089897,13.106473997443457,8.845281700987078,0.019372687652174838,0.0028998624685876687,2.0017061453005773,0.3947068318971816
C005298,B11,Logic_IC,CH-03,11.1203676460406,11.251590291038688,8.13284174268055,8.191431723458717,11.605541890288492,8.409405673472769,13.638117461870129,8.47506591639787,0.016573105352996116,0.00196968189541079,2.0325755715816367,0.06566024292510164
C005299,B11,Logic_IC,CH-03,10.374743044748527,10.443559888263003,8.23634884799535,8.275945449059916,11.271833721680364,8.524690581026938,12.623354526286995,8.482914772276404,0.0151374627640555,0.001437286966781162,1.351520804606631,-0.04177580875053444
C005300,B11,Logic_IC,CH-03,9.97680242715242,10.1881352345219,7.649272065970631,7.685631159451594,11.167731508695208,7.978881093814898,13.081484892824388,7.897656859753793,0.02009270596043395,0.0014724006965430487,1.9137533841291798,-0.08122423406110535
C005301,B11,Logic_IC,CH-03,8.948542375636038,10.081100371179549,8.068025272402496,8.17090635762331,17.0756270363775,8.874722054414486,18.397772543349916,8.684140513907707,0.05775466786229422,0.0035641260853083168,1.322145506972415,-0.19058154050677878
C005302,B11,Logic_IC,CH-03,8.667979244122153,8.720276033635152,7.94650346981512,7.939338035186563,9.330156592779806,8.07340431589542,10.944308072906159,8.012037763787287,0.015444666939381993,0.0005048592263939154,1.6141514801263526,-0.06136655210813302
C005303,B11,Logic_IC,CH-03,9.877929125388974,9.892889939647736,8.203285595044523,8.208221733530037,11.05925846715293,8.38600152848153,11.896187417485717,8.290065787377108,0.013911788040541532,0.0005683614850491045,0.836928950332787,-0.09593574110442304
C005304,B11,Logic_IC,CH-03,8.560970430889583,8.761506761128777,8.123831748970012,8.145527816085142,20.83413325924652,8.449308518431256,11.909233690552913,8.292085902738435,0.021859214787667613,0.0010177644906478693,-8.924899568693608,-0.15722261569282026
C005305,B11,Logic_IC,CH-03,9.074481601589708,9.182679043313792,7.852111551206128,7.878794819524431,9.92310920044127,7.935122399173509,11.649168415320686,8.039228867962692,0.01712839841671454,0.001114125336376812,1.726059214879415,0.1041064687891824
C005306,B11,Logic_IC,CH-03,10.143595562174022,10.224088106030196,7.969228622088891,7.959525747582284,10.98668130713914,8.12374558166472,12.45668593581206,8.049899643364938,0.015504151595707382,0.0006275964984906519,1.4700046286729194,-0.07384593829978137
C005307,B11,Logic_IC,CH-03,8.686103538979086,8.804832444753051,7.820418864893423,7.829372395381731,9.53900585839725,7.808961919915257,11.41836922758582,7.9279874517920925,0.01814956099189423,0.0006848267806275096,1.879363369188571,0.11902553187683562
C005308,B11,Logic_IC,CH-03,10.149189581578568,10.28030995711494,7.775049979762207,7.806543120785402,11.786448818452108,8.08848372174189,12.740275255893572,7.9943499987302395,0.017083092352629392,0.001304214430172485,0.9538264374414638,-0.0941337230116499
C005309,B11,Logic_IC,CH-03,10.267748378744136,10.352657736118564,8.082499197668346,8.149846582256432,12.29564584494272,8.235265925206418,12.510662885511415,8.452257804328578,0.014986146870783689,0.002100077931056574,0.21501704056869464,0.21699187912216011
C005310,B11,Logic_IC,CH-03,9.829863534491151,10.480427164035923,8.393512079722152,8.452946393513594,13.458913628592324,9.135155319979551,16.096808203458373,8.778790947947464,0.039002646107100344,0.0022628094057907605,2.637894574866049,-0.35636437203208793
C005311,B11,Logic_IC,CH-03,8.24809355878395,10.50121512717092,7.868252162176934,7.904607364493376,61.44768721617507,8.846566182009553,25.65336788863297,8.291735869261553,0.10522328306570869,0.0026883923942234464,-35.7943193275421,-0.5548303127480008
C005312,B11,Logic_IC,CH-03,14.581539653632928,14.766968785773187,8.149191241267053,8.127071743001146,15.439733196369778,8.31685060768733,17.124407109035882,8.278786742178562,0.016371099467102048,0.0010535763831765034,1.6846739126661046,-0.03806386550876795
C005313,B11,Logic_IC,CH-03,9.287334706200058,9.478881720685376,7.703107262917863,7.7226726671416035,10.50877023300881,7.848003578153441,12.39501944872614,7.869762409720756,0.020250956444727533,0.0010214565456885569,1.8862492157173296,0.02175883156731473
C005314,B11,Logic_IC,CH-03,10.064833543370964,9.947595473389242,7.998890656889965,8.015546691599098,10.408142086355204,8.233940362658334,11.985198973761946,8.114301084222545,0.014150024308143778,0.0006857943932183765,1.5770568874067425,-0.11963927843578936
C005315,B11,Logic_IC,CH-03,10.43792739736496,10.663293116732946,8.52738112347258,8.56196261026764,11.698492548179368,8.714476687180213,13.84299523148015,8.766300031436328,0.022081264685744475,0.0014190098692270009,2.1445026833007823,0.05182334425611579
C005316,B11,Logic_IC,CH-03,10.33181148476209,10.670750452917025,7.88582937400944,7.929188483758273,11.423813893618778,8.073830884905131,14.316891661925856,8.178696495911652,0.02532042506256133,0.0017326945288429053,2.8930777683070783,0.10486561100652025
C005317,B11,Logic_IC,CH-03,9.622888793010974,9.845658556389134,8.400635200881002,8.437214329747826,10.70097811223342,8.603943449635834,13.050665784812274,8.642408459299876,0.02225699464182736,0.0014249592330003447,2.3496876725788542,0.03846500966404243
C005318,B11,Logic_IC,CH-03,9.76499467010875,10.135242134376789,8.005262474248322,8.045037208037025,11.960776752770606,8.112703286325194,14.067136727468032,8.279843353599865,0.027304823563133636,0.0016305982330752828,2.106359974697426,0.167140067274671
C005319,B11,Logic_IC,CH-03,,9.611912939981291,7.854927187591691,7.909308753189439,10.503357888266054,8.16122825359752,11.50776381479083,8.135176222290498,0.013165631075066235,0.0015685240909795789,1.0044059265247753,-0.02605203130702094
C005320,B11,Logic_IC,CH-03,9.063979361321676,13.63742678798885,7.844353527317673,8.050286763887966,44.25200708751112,9.125355769052083,41.70164207851839,9.250078317871212,0.1948903839620107,0.00833188579155032,-2.5503650089927277,0.12472254881912903
C005321,B11,Logic_IC,CH-03,10.12230751237846,9.805497689676155,7.844873813108876,7.947448989519557,10.619766012625584,8.059169925660097,11.898806683610077,8.298501410002551,0.014536868013430015,0.0024378640311319053,1.279040670984493,0.2393314843424541
C005322,B11,Logic_IC,CH-03,8.353436413140681,9.538021342845244,8.480892455624735,8.623750761325375,16.53169302355542,9.467599306759446,18.267830351773057,9.262707253842354,0.06062367367310981,0.004437197864701241,1.7361373282176373,-0.20489205291709212
C005323,B11,Logic_IC,CH-03,9.581287349540926,9.641149095088483,8.14291546206559,8.177239146228649,10.731746995063018,8.255038152869668,11.833211982498431,8.360411106123774,0.015222658940346863,0.0012720274992717008,1.1014649874354134,0.1053729532541059
C005324,B11,Logic_IC,CH-03,9.792160968321465,9.9351239547854,7.4317031074088415,7.493999086148948,10.35719333693837,7.863906644747841,12.295249382171605,7.788342520379079,0.016389759912404198,0.0020440516265981287,1.9380560452332354,-0.07556412436876236
C005325,B11,Logic_IC,CH-03,10.234137538752584,9.96422115146621,8.506889240709564,8.514390242014564,10.96906429861311,8.733801332966987,12.406716623507096,8.550422183001226,0.016961774111395038,0.000250221812407377,1.4376523248939854,-0.1833791499657611
C005326,B11,Logic_IC,CH-03,10.346977550605892,10.565107410142858,8.084071078564879,8.121045273118927,11.771645621642874,8.313061507156984,13.581849548278866,8.335299961435283,0.020949598181500058,0.0014878797799746904,1.8102039266359924,0.022238454278298292
C005327,B11,Logic_IC,CH-03,15.756459166384918,15.99086768987175,7.939130712983101,8.055003321690533,16.51398210490627,8.527448988120437,18.29362735708519,8.580251764553585,0.015991386577871098,0.0036475586309934194,1.77964525217892,0.05280277643314868
C005328,B11,Logic_IC,CH-03,9.81650099302466,9.997038113717505,8.122679182580551,8.142496886342322,10.838262649512384,8.237720929683393,12.908120766826109,8.290817978349612,0.02021585175769864,0.0010300075833839578,2.069858117313725,0.05309704866621878
C005329,B11,Logic_IC,CH-03,10.099835378298646,10.26449819302005,7.6477984879960035,7.682252797519842,10.554701600749455,7.754740440201729,12.879541039314365,7.884097391143509,0.018160019765932747,0.001401698566831021,2.3248394385649096,0.12935695094178
C005330,B11,Logic_IC,CH-03,10.49352826689219,10.832649187169816,7.61596110009644,7.6224045864121726,12.368928484611548,7.744604252066789,14.509062829662621,7.749870036007513,0.025530650295088927,0.0008851767333009754,2.1401343450510737,0.005265783940724411
C005331,B11,Logic_IC,CH-03,9.734750130552296,9.87317069775499,8.007819287391305,8.028768547287545,21.258438945223936,8.178215242063981,12.512261476573995,8.176820591282384,0.018327019297354204,0.0010281391944086085,-8.746177468649941,-0.001394650781596951
C005332,B11,Logic_IC,CH-03,9.623399007732154,9.67916783205143,8.437666060745872,8.459786310202482,10.746971246517198,8.620441492439364,11.958012853180215,8.59993897324375,0.01582531264672767,0.000973282382231032,1.2110416066630165,-0.02050251919561319
C005333,B11,Logic_IC,CH-03,10.104347239745591,10.039562312475384,8.508496667403808,8.513329631313846,10.78059924688945,8.581514786959438,12.136278430312801,8.580415204084197,0.014560528596093173,0.0004658720331274359,1.3556791834233515,-0.0010995828752413672
C005334,B11,Logic_IC,CH-03,10.259374996117687,10.150422665052446,7.858761799002562,7.929740542670128,11.75947481373152,7.9655134718205955,11.930571008404405,8.21642444070435,0.012362141273277493,0.0019908604030154254,0.1710961946728844,0.25091096888375386
C005335,B11,Logic_IC,CH-03,10.421587892660256,14.5182005891074,7.697299000097493,7.896466975505878,43.05978922955706,9.048227489180745,39.46338010008576,9.058730643489515,0.17323041327068303,0.008071275472108588,-3.5964091294713043,0.010503154308770135
C005336,B11,Logic_IC,CH-03,10.413729124188066,11.399172530473557,8.126715875852334,8.187256870323742,16.81821639836798,8.706765738708976,18.818460151284594,8.5586854085227,0.05152283070007665,0.0025793648486038823,2.0002437529166137,-0.14808033018627498
C005337,B11,Logic_IC,CH-03,9.753374157039868,9.703329863248154,8.198955148978218,8.221515539085232,9.770402906764662,8.406066173622703,11.687849701684181,8.349969908036714,0.013781387766916854,0.0008920442288297384,1.9174467949195186,-0.0560962655859889
C005338,B11,Logic_IC,CH-03,11.333350759163718,11.438402003283077,8.30592680943656,8.351161725121601,12.301049768021509,8.572559052355043,13.741173913047719,8.587357371238124,0.015991471595587795,0.0016402475424758503,1.4401241450262106,0.014798318883080697
C005339,B11,Logic_IC,CH-03,10.969865216367516,10.994011990784252,8.094603721273652,8.128958167896322,11.503640260310924,8.23096805921606,12.833570073678258,8.31926537919389,0.012774708908986156,0.001321577856233115,1.3299298133673343,0.08829731997782986
C005340,B11,Logic_IC,CH-03,8.914880119361719,8.723443651594604,8.151107681859347,8.183151019028651,9.309591136375552,8.185402739989485,11.192361896653475,8.307693013016408,0.017145265590686607,0.000864874958248311,1.8827707602779231,0.1222902730269233
C005341,B11,Logic_IC,CH-03,10.700087973159723,10.79375821530869,7.67038954673781,7.688773265674827,11.35778795229929,7.8507114747351325,12.996912592888972,7.833180101420747,0.015299683177640843,0.001002825248235553,1.6391246405896815,-0.01753137331438559
C005342,B11,Logic_IC,CH-03,9.896156703720507,9.855604528902145,7.787353155808988,7.792015720531858,10.347930331905443,7.904761595829544,11.74792171498154,7.865547726342131,0.013141091569995803,0.0005106389292380028,1.399991383076097,-0.0392138694874129
C005343,B11,Logic_IC,CH-03,8.754572538231304,8.668123314322802,7.970709051581849,8.017250524085789,9.57303026878728,8.198220416274397,10.766543976096413,8.212791241448198,0.014572365706761188,0.0013579216483500616,1.1935137073091333,0.014570825173800372
C005344,B11,Logic_IC,CH-03,9.772611222987043,10.02957895709767,8.170738888607948,8.21303272750802,11.095867311245764,8.369896404137425,13.338727989956713,8.443773573363865,0.022980201617076687,0.0016023669851100337,2.242860678710949,0.07387716922644039
C005345,B11,Logic_IC,CH-03,10.273745075517889,10.423935216612916,8.272828010736925,8.33462796992837,11.592634735552776,8.554851408019553,13.03467177129609,8.623148133173297,0.018130114963077593,0.0020036122447564374,1.4420370357433132,0.06829672515374341
C005346,B11,Logic_IC,CH-03,10.002500048710298,10.103971293326698,7.918200521448142,7.948093493534383,10.668297375806208,8.189074817122329,12.449871834243437,8.12532119304251,0.016290975978588466,0.0012307479132508774,1.7815744584372286,-0.0637536240798191
C005347,B11,Logic_IC,CH-03,10.55329594804578,10.481831187696248,7.918114049295692,7.939277930038995,11.30492146492258,8.062661878068369,12.325153146081849,8.066736098838126,0.012800846933233344,0.0008851261722161872,1.0202316811592684,0.004074220769757275
C005348,B11,Logic_IC,CH-03,9.963307725412925,10.234607158257283,7.916053393298292,7.978440041656375,11.577977280715896,8.111490777019121,13.47360748830806,8.282169376109163,0.02249305784757484,0.002109231489255471,1.8956302075921645,0.17067859909004213
C005349,B11,Logic_IC,CH-03,10.851041664219492,11.016757604842132,8.164624931255256,8.187690903556678,11.80408311122051,8.367058251803222,13.742301169032473,8.353199934060724,0.01892738586243292,0.0011493682673892058,1.9382180578119623,-0.013858317742498016
C005350,B11,Logic_IC,CH-03,8.775900898362337,9.510235106990097,7.916209297364555,7.922503514237279,9.621016015647598,8.062331532815383,15.761232467570935,8.07123180184185,0.04340970389292249,0.0010328353305873019,6.140216451923337,0.008900269026467456
C005351,B11,Logic_IC,CH-03,9.79811183306518,9.933946519956727,7.689904986268586,7.706451990702311,10.667165121895472,7.865930883042668,12.48071620687973,7.841875662124561,0.017685900603631968,0.0009404421626545176,1.8135510849842582,-0.024055220918106635
C005352,B11,Logic_IC,CH-03,9.339329948291798,9.713753457228922,7.848294562785145,7.801715517983945,9.725636335879788,7.963411969494848,13.393405483281919,7.977143476116649,0.025553139069812478,0.0012182497092548877,3.6677691474021312,0.013731506621801337
C005353,B11,Logic_IC,CH-03,9.398300779715033,10.338232589856942,7.743044619797533,8.076586967667081,17.34898222267065,9.883429416058222,16.615929044439874,9.363469969782319,0.043595114267937024,0.008936687514689148,-0.7330531782307759,-0.5199594462759034
C005354,B11,Logic_IC,CH-03,11.037869374358044,12.683722878552178,8.481988884017499,8.64510385539808,25.12748100216041,9.406464542482285,23.69434460901639,9.429386403155673,0.07646265090600148,0.005446406581649953,-1.433136393144018,0.02292186067338875
C005355,B11,Logic_IC,CH-03,10.644489323401476,10.484231540302316,7.85179481001481,7.908480296709895,26.385377406634824,8.252663070820546,12.320658788627522,8.139820985339561,0.012752967002258376,0.0016065325599282396,-14.064718618007301,-0.11284208548098462
C005356,B11,Logic_IC,CH-03,10.355371965103553,10.423714544114455,8.06648539721264,8.088387361287348,10.554660492828834,8.306291568938738,12.60752981308838,8.23695069928605,0.015165383812318923,0.0010316898472132092,2.0528693202595463,-0.06934086965268804
C005357,B11,Logic_IC,CH-03,10.017329224634553,10.1282489458118,8.121170003528938,8.143744075471595,10.296933995347793,8.273234983326105,12.605162922970765,8.295944677416308,0.017200791508048367,0.0010569486246160646,2.308228927622972,0.02270969409020296
C005358,B11,Logic_IC,CH-03,9.230705199288764,10.291454804517947,7.383999352047073,7.610052543745302,64.4445716437895,9.010111957736784,17.48464574482192,8.55140971184341,0.049952714863222024,0.006537202556236866,-46.95992589896758,-0.45870224589337383
C005359,B11,Logic_IC,CH-03,9.910830037864732,9.075293949508229,7.814579844243427,7.793194119786871,9.956613405252504,8.050226220993935,12.433669332696324,7.726264660184993,0.02332205127213955,-0.0004647879139019268,2.4770559274438195,-0.32396156080894123
C005360,B11,Logic_IC,CH-03,10.845947468295154,11.06070958315352,,8.028838923745635,11.86268453826606,8.321188791408508,14.319462115875732,8.622909997557201,0.02263022592168203,0.004125493568135876,2.456777577609671,0.30172120614869335
C005361,B11,Logic_IC,CH-03,10.27335969562788,10.230988825106584,7.727863479582575,7.774644945236934,10.862803059052466,7.955621429287134,11.928072405053761,7.99399593252901,0.011785302638522066,0.0015232707450838613,1.0652693460012959,0.038374503241876745
C005362,B11,Logic_IC,CH-03,9.598153678429028,10.12069290404176,8.141287004451126,8.277136522730348,13.266926800452854,9.18235932857451,14.717061905614312,8.847328281912674,0.03191922917758716,0.003959664994321704,1.4501351051614577,-0.33503104666183603
C005363,B11,Logic_IC,CH-03,9.40536449554139,9.361799049955852,7.993038290837141,7.992853371850252,10.609545489101194,8.241587111657957,11.388650159875432,8.045547621443076,0.014075354929997083,0.00036593228883905236,0.7791046707742382,-0.19603949021488098
C005364,B11,Logic_IC,CH-03,11.066171049815855,11.161751072885618,8.140922118672222,8.135817258393498,20.63138335644078,8.273547999384478,13.477344430444024,8.226056866931058,0.01608050942748893,0.0006266639481775021,-7.154038925996755,-0.04749113245341974
C005365,B11,Logic_IC,CH-03,10.654209217919725,10.681803173627417,7.756053384110146,7.801763746044631,11.337273371669797,8.12470631366932,12.439932276136155,8.031257734073197,0.012209229878532901,0.0015937082501983767,1.1026589044663577,-0.09344857959612263
C005366,B11,Logic_IC,CH-03,9.168700434662092,,7.977448160180311,8.000759232061098,10.300287520694432,8.144579531624311,15.4219868525322,8.217862572459982,,0.0015076620861033613,5.1216993318377675,0.07328304083567083
C005367,B11,Logic_IC,CH-03,10.037127621938463,10.191117460175136,8.19964916304762,8.22697238897354,10.679767301896822,8.256692684902754,12.924660907785153,8.399058097632906,0.0189829406084029,0.001195039643467825,2.244893605888331,0.14236541273015213
C005368,B11,Logic_IC,CH-03,9.845615677694829,10.055059643912028,7.900427458185679,7.920183824334987,23.03461002402506,7.934647382393228,13.072734234869392,8.07283860216867,0.02095607354831503,0.00106010262384502,-9.961875789155668,0.13819121977544135
C005369,B11,Logic_IC,CH-03,9.818249386263226,10.337154988883892,7.823596141047355,7.904005211879554,13.739678935367255,8.518396085724273,14.950942018211057,8.293184880035087,0.03204018770366087,0.002702636584413424,1.2112630828438018,-0.2252112056891864
C005370,B11,Logic_IC,CH-03,8.021852801016529,8.392340576908472,8.03149033729465,8.2718071349068,9.927081361018018,8.372037643007111,11.914705268545534,9.166904916574836,0.024460865914146264,0.0062159568171391445,1.9876239075275155,0.7948672735677249
C005371,B11,Logic_IC,CH-03,9.36904691101556,9.37900623146948,8.36413595216276,8.372828087512858,10.542600488066997,8.529687320472036,11.431469475170738,8.462181189686225,0.014253216970147623,0.0006205076539817192,0.8888689871037414,-0.06750613078581047
C005372,B11,Logic_IC,CH-03,8.878343203861116,8.845154865681149,8.02831608318212,8.053600780129695,9.349738036165563,8.306759335153988,10.845777944846224,8.189194810472365,0.013893215827535246,0.0009416252107129856,1.496039908680661,-0.11756452468162237
C005373,B11,Logic_IC,CH-03,9.229694795915336,9.389878340302726,7.861860694654768,7.943886892382146,10.12344485554848,8.250917988202312,11.97466019857209,8.297785821095463,0.017949874015759475,0.0024576314493980345,1.8512153430236111,0.04686783289315066
C005374,B11,Logic_IC,CH-03,10.518541524661856,10.618861546571113,8.204620937626883,8.261707764254824,10.987880087620283,8.314836083539582,12.909030557081957,8.531890542865568,0.015903951461880863,0.0018762692959079447,1.921150469461674,0.21705445932598622
C005375,B11,Logic_IC,CH-03,10.656536974318657,11.675768792861662,7.97764391727902,8.316481226560708,20.47746886355992,10.0907928535018,18.370308351428456,9.634228363235312,0.04648985804560273,0.009151021782462533,-2.1071605121314647,-0.45656449026648716
C005376,B11,Logic_IC,CH-03,9.66019288710416,9.56841825603905,8.070259816312275,8.11910757938954,10.446946895278076,8.30898950966985,11.546317319347882,8.327692476078797,0.013735410161866881,0.0014485062270087241,1.0993704240698055,0.018702966408946864
C005377,B11,Logic_IC,CH-03,10.297311090920047,14.699794496587632,8.66055958473799,8.805490333248196,42.43580455487172,10.012087435925244,41.973424551123884,9.796078175135207,0.18940020871205732,0.006879082235326467,-0.46238000374783894,-0.21600926079003635
C005378,B11,Logic_IC,CH-03,10.056104004800863,10.123120183161868,8.230604818737381,8.295247002951305,10.895778628699976,8.52861820522625,12.24943608235773,8.58368572809278,0.014766082633304601,0.0020030467023713547,1.353657453657755,0.05506752286652983
C005379,B11,Logic_IC,CH-03,10.056981139496944,10.11380637665223,7.837188733829864,7.908963404770685,26.26637900276328,8.040773460555947,12.039580205313793,8.22453904915542,0.013373429365705304,0.002191497530449541,-14.226798797449486,0.18376558859947245
C005381,B11,Logic_IC,CH-03,9.115359157612994,9.233652384111933,7.827154959772233,7.849105301159479,10.452191464914083,7.968914398740713,11.763484016742286,7.994980658592209,0.017568275226599674,0.0010130233155050683,1.3112925518282026,0.02606625985149602
C005382,B11,Logic_IC,CH-03,10.007999084019303,10.862919884796868,7.8049855543720765,8.002679777009927,17.367311346968382,9.068447699412694,17.03642823285281,8.82487995365056,0.042871585750388484,0.005709723448893287,-0.33088311411557214,-0.24356774576213347
C005383,B11,Logic_IC,CH-03,9.54200555541632,9.796488951563402,8.080944663610987,8.11114569512463,22.129270267567364,8.219384692191124,13.124782203855837,8.299808962783004,0.02311314758536413,0.0013101615809609285,-9.004488063711527,0.08042427059188029
C005384,B11,Logic_IC,CH-03,9.384183794479148,9.529096271068084,8.345043991639185,8.362989985565644,10.83452215945096,8.541942028685487,12.338873002211823,8.496737689660577,0.019512338410720406,0.0009288035006592575,1.5043508427608625,-0.0452043390249095
C005385,B11,Logic_IC,CH-03,11.06510747111287,11.073837869074726,7.885747677345835,7.904088546386605,11.633618252171075,8.127540199068868,12.806734717738802,8.040953017925094,0.01203400589350053,0.0009504477190172863,1.1731164655677269,-0.0865871811437735
C005386,B11,Logic_IC,CH-03,9.90074229845522,10.144539499226097,8.12300452338323,8.142011751019659,10.279897080216582,8.3048068346041,13.418891390033194,8.29457927116223,0.022738554797271507,0.0010594966676567379,3.1389943098166118,-0.010227563441871368
C005387,B11,Logic_IC,CH-03,10.639210786934196,10.799678019478309,7.600787924179766,7.636074279151101,12.32912082604347,7.646500397799087,13.321799573671589,7.844879103789138,0.017514733015231113,0.0014500335044308106,0.9926787476281191,0.19837870599005125
C005388,B11,Logic_IC,CH-03,9.554298817321168,9.4945410742016,7.736474164975053,7.915607155808766,11.67166736953414,7.923986548185873,10.896478476072978,8.575212642074622,0.009735676401884576,0.004580593654623994,-0.775188893461161,0.6512260938887486
C005389,B11,Logic_IC,CH-03,12.442379356653692,11.51687587651143,8.248433075710004,8.157272881998761,10.42167703537643,8.03227388813213,12.922891419710615,8.197754834988729,0.009763996827772119,0.00028112467354144164,2.501214384334185,0.16548094685659898
C005390,B11,Logic_IC,CH-03,9.89566113174718,9.816681209376076,7.860425372834936,7.88667181474661,10.036843295307536,8.02189150186027,11.739296640219877,8.025099260125502,0.01335149604752639,0.0009613017040200838,1.7024533449123407,0.003207758265231675
C005391,B11,Logic_IC,CH-03,10.156731708522338,10.332951552605811,8.192836958309742,8.075475603818276,11.59220677234563,8.186105525045596,12.276422320474627,8.332072662490924,0.013496324776866773,0.0017819240185600574,0.6842155481289964,0.14596713744532863
C005392,B11,Logic_IC,CH-03,10.469098361536656,10.626956882143276,7.874210962387368,7.916837828049252,10.88291293128698,8.102536624431494,13.204313372367299,8.146721504932263,0.01789830895988905,0.0015964144227986815,2.3214004410803195,0.04418488050076874
C005393,B11,Logic_IC,CH-03,13.511415208877173,12.110277887034048,8.276695628123655,8.185933217488602,10.911400674067265,8.114573701811295,12.995589369664984,8.149228415492425,0.006147996407159277,-0.00025489445830678074,2.084188695597719,0.034654713681129934
C005394,B11,Logic_IC,CH-03,8.45918612986813,8.832307052226662,7.888077049330361,7.908505878908132,18.42647715844275,8.189170780848487,12.945776322221002,8.067801632962874,0.028565758819405138,0.0011062205142690444,-5.480700836221748,-0.1213691478856127
C005395,B11,Logic_IC,CH-03,9.975117522865684,10.241561264726585,7.778529048424796,7.8019681677105694,10.98871351516938,8.108505582751839,13.534378320554778,7.974634717687404,0.022866785109918006,0.001199073263728016,2.545664805385398,-0.13387086506443513
C005396,B11,Logic_IC,CH-03,11.44005154653261,11.341298114065207,7.597894990943138,7.627255947036153,12.345349756149542,7.747005218324063,12.976776440868292,7.786345756002468,0.011357488380576979,0.0011047903400438486,0.6314266847187504,0.039340537678404175
C005397,B11,Logic_IC,CH-03,10.511009128418092,10.745673910621376,7.772668212226761,7.814515367228986,11.387612459746688,8.085546688145207,13.739279758525033,8.050748480580538,0.020788929499330953,0.0016405077316079973,2.351667298778345,-0.03479820756466978
C005398,B11,Logic_IC,CH-03,9.082954256350988,9.331509749252744,8.118454210033473,8.10875387992818,10.311757339212557,8.342113755172308,12.688782081875669,8.205937820039072,0.02331439119877031,0.0006748884729923028,2.377024742663112,-0.13617593513323634
C005399,B11,Logic_IC,CH-03,10.687877167321304,10.766331516875256,7.944696130645873,8.030141479135162,11.648586027605845,8.214440451075207,12.749307777918904,8.397597602484073,0.013770668479469776,0.0025517786343674334,1.1007217503130597,0.18315715140886546
C005400,B11,Logic_IC,CH-03,11.302530157903956,11.689885852365435,7.921529880117469,8.007300584832974,14.77651257063248,8.75959182972771,15.397860148161756,8.412758932363545,0.02574982149858556,0.0028156829689622975,0.621347577529276,-0.3468328973641661
C005401,B11,Logic_IC,CH-03,9.89248458031903,11.949427445516742,8.4942058096955,8.715821513098243,23.3794255437598,10.348468334663112,25.359820619531213,9.72217587749601,0.0931277303751005,0.006988571974984493,1.980395075771412,-0.6262924571671018
C005402,B11,Logic_IC,CH-03,9.944666229609208,9.300037413538714,7.8479712162924145,7.891848110848846,10.234847056947206,7.896706543971562,12.302103115769455,7.976378070773379,0.02084767848771348,0.0005870136105870319,2.067256058822249,0.07967152680181666
C005403,B11,Logic_IC,CH-03,9.910289473526651,10.021759813378567,8.140353545309665,8.121820278579582,10.879989219356627,8.280603830604608,12.427213313064703,8.225091849400021,0.01670453819226483,0.0007171636862530503,1.547224093708076,-0.055511981204587
C005404,B11,Logic_IC,CH-03,9.1338326911267,9.278569598255755,7.904928537988484,7.93653014166659,10.2709479249413,7.994365536130918,11.95250105876849,8.1172188949297,0.018568968475782884,0.0012547830087715945,1.6815531338271903,0.1228533587987819
C005405,B11,Logic_IC,CH-03,9.83454203138103,10.10252236500885,7.976041413850796,8.084589472891814,67.82793442155403,8.397073971718626,13.212374378465569,8.54209042911851,0.021596194537893878,0.0031770899737964976,-54.615560043088465,0.14501645739988334
C005406,B11,Logic_IC,CH-03,8.552051602962855,13.547346507004349,8.062332710194132,8.302383155106245,46.80307738996439,9.525307035771664,44.20803267472972,9.639029193101702,0.21292143172031508,0.009282264152746232,-2.595044715234671,0.11372215733003799
C005407,B11,Logic_IC,CH-03,8.687834850742552,8.915321401991244,8.091594853755423,8.121803522177935,9.716014262814916,8.254297856284598,12.174689819462941,8.300813301092013,0.022634502899109003,0.0012431234646811025,2.458675556648025,0.04651544480741521
C005408,B11,Logic_IC,CH-03,11.081261901564169,12.114999572112342,8.306114353764249,8.512978456786598,18.331632047609485,9.541384296190367,19.379510837031535,9.38409751116672,0.05044799489527217,0.006049437877639736,1.0478787894220503,-0.157286785023647
C005409,B11,Logic_IC,CH-03,11.058128738100828,10.999808213866835,8.365985661053271,8.44509222139821,11.303914839057738,8.618176618168459,12.715986713230741,8.76976765489516,0.01191790624558268,0.0022546905103954826,1.4120718741730034,0.1515910367267015
C005410,B11,Logic_IC,CH-03,9.028340118705946,9.120228499757586,7.687237018770904,7.743998739118696,10.31128900769196,7.970313240234756,11.351795663389574,8.005931262727076,0.015496994191888805,0.001818975858391525,1.0405066556976141,0.03561802249232038
C005411,B11,Logic_IC,CH-03,9.432774134288762,9.341922205171384,8.174424493902547,8.223677691686914,9.839320013999046,8.401190713279123,11.384927059276748,8.43108751875151,0.014187533709065028,0.0014403460212819204,1.545607045277702,0.029896805472388266
C005412,B11,Logic_IC,CH-03,9.826535732339629,10.03179910045319,7.991825515776498,7.989748691255681,10.711692890255664,8.063980735490237,13.093724962710397,8.077889606754061,0.021263374043452823,0.0006120896909609744,2.3820320724547326,0.013908871263824452
C005413,B11,Logic_IC,CH-03,11.20234006935756,11.507809661438266,8.159561632941756,8.148260680573847,12.899810051325224,8.185342688715858,14.980950554716648,8.270336345814535,0.024119033981099873,0.0008477476752825557,2.081140503391424,0.08499365709867668
C005414,B11,Logic_IC,CH-03,9.416132811702887,9.679416982567702,8.034659086596513,8.039180838963992,10.793168859861147,8.222467780896283,13.136310866446111,8.141499839884206,0.0240062075269334,0.0007105486175014905,2.343142006584964,-0.0809679410120765
C005415,B11,Logic_IC,CH-03,11.210612594910812,11.495836188620842,7.85725379181978,7.890876714825834,12.747590296970918,8.155227192810441,14.763841322307792,8.10931099072465,0.022694480095048264,0.001516904693741778,2.0162510253368744,-0.045916202085791724
C005416,B11,Logic_IC,CH-03,10.62457262385667,11.181028280910224,7.771062583012238,7.582650376116381,11.236656051495428,8.134559921326565,14.532974644546368,8.031100311021719,0.023277405303028773,0.003114235659064848,3.2963185930509393,-0.10345961030484574
C005417,B11,Logic_IC,CH-03,8.88025949087283,8.822847782412094,7.877758386282279,7.928271806849576,8.717308429396319,8.060075312924722,10.774539576236473,8.145173509501614,0.01355341523489152,0.0015062618239724854,2.057231146840154,0.085098196576892
C005418,B11,Logic_IC,CH-03,10.665136817571918,15.645935499185487,7.906940986645906,8.028416016129682,47.101188499587366,8.75170651358344,46.01293347697712,9.018187589223446,0.21088193040133077,0.006873413702040026,-1.088255022610248,0.2664810756400069
C005419,B11,Logic_IC,CH-03,10.064002697584057,10.0596670617394,8.174957782051854,8.177571908274109,10.694806572720184,8.301892826561316,11.96620359558375,8.25075613970062,0.013239837040585758,0.0005082238293507722,1.2713970228635656,-0.051136686860695946
C005420,B11,Logic_IC,CH-03,16.43977419177081,16.18020100412564,7.692465793373416,7.820976123085398,17.020938465104166,8.238470239539309,16.6966992740979,8.326573745282213,0.003586793541474028,0.003511094598588992,-0.3242391910062672,0.08810350574290382
C005421,B11,Logic_IC,CH-03,8.76312719192332,9.1041839028233,7.756843908274716,7.824172897895152,10.483357726592471,8.1038715602107,12.810588090936792,8.143090809036806,0.02573891797301036,0.002214707716261489,2.32723036434432,0.03921924882610561
C005422,B11,Logic_IC,CH-03,10.14924402802658,10.12290306586175,7.871033591233251,7.873738783361119,10.703009133177408,7.9882405779664,11.984857115614872,7.944969738855061,0.0129302364566189,0.0004946594131523726,1.2818479824374638,-0.04327083911133922
C005423,B11,Logic_IC,CH-03,10.345542104534571,10.543856765099688,7.614942374797513,7.656923660037579,11.881929352222675,7.750201231823572,13.296509825763689,7.889977414981966,0.019115646254611113,0.001618428853780465,1.4145804735410135,0.13977618315839457
C005424,B11,Logic_IC,CH-03,10.288225316227718,11.77481638416727,7.640145755176012,7.862274092398607,22.03137441370724,8.9064215613992,21.445390051826095,8.837907586083373,0.06715676158096406,0.006775232595033098,-0.5859843618811453,-0.06851397531582748
C005425,B11,Logic_IC,CH-03,10.267756249500133,12.461471809031114,8.335971178201534,8.596557859013933,26.16884604145171,9.41226300733156,26.44033619966587,9.75559249211885,0.09707544715718582,0.008048851618784152,0.27149015821416,0.3433294847872901
C005426,B11,Logic_IC,CH-03,9.74840203127113,10.774230488536777,7.88272328393666,8.064797491783942,16.45692276572022,9.223303385006815,18.056509177152936,8.84682772793786,0.05057137978205666,0.005430765528846655,1.5995864114327176,-0.3764756570689549
C005427,B11,Logic_IC,CH-03,9.258035168821923,9.61008157852896,7.941159747206115,7.972585474577984,10.475344766619052,8.197533805500257,13.495859109909956,8.173609450465825,0.0269845661901458,0.001395999832554457,3.0205143432909036,-0.023924355034431244
C005428,B11,Logic_IC,CH-03,8.979330601508092,9.155709684372304,7.799742129796177,7.820366820551214,9.954581822162202,7.996406618039862,12.036094393404156,7.966491146662117,0.02000267159049897,0.0010147522646590493,2.0815125712419533,-0.02991547137774564
C005429,B11,Logic_IC,CH-03,11.068434129345857,11.070884651480458,7.991531289290249,8.051089404395405,10.907923854815456,8.057360320355599,12.670000931197531,8.325677378177092,0.011104974164701896,0.0019068609290394914,1.7620770763820754,0.26831705782149307
C005430,B11,Logic_IC,CH-03,10.034137873309524,9.98240586386776,7.794332817562542,7.840809167570946,10.818472682830304,7.943952561230301,11.747805611360759,8.05484137466917,0.012259720468701385,0.0014863347715154468,0.9293329285304548,0.11088881343886925
C005431,B11,Logic_IC,CH-03,8.75541228256246,9.563835126256354,8.08937856194803,8.180405040285708,15.454424143170185,8.534589537118581,16.04556091387718,8.620188343039088,0.04501198463625573,0.0030540507135651384,0.5911367707069939,0.0855988059205064
C005432,B11,Logic_IC,CH-03,9.880701655675084,10.680493728788674,8.207795338355726,8.290006197898277,15.7900684274028,9.0935753984184,17.041728543513674,8.70937540548183,0.04417524176892361,0.0029122861637746775,1.251660116110875,-0.38419999293656915
C005433,B11,Logic_IC,CH-03,9.020157491292784,8.556099446350059,7.772218729328803,7.836801657653784,10.108960452889988,8.034669336002702,11.551165864623014,8.018562969296523,0.020799072349117747,0.0012622313308523541,1.4422054117330259,-0.016106366706178932
C005434,B11,Logic_IC,CH-03,10.73975612329365,10.837759464326204,7.77293907445293,7.849168100764827,12.45923760504827,7.97868727144893,12.90407875700988,8.189850552155798,0.014349439532525531,0.002365850356881743,0.44484115196161156,0.2111632807068684
C005435,B11,Logic_IC,CH-03,9.580321723564216,9.62571935659897,7.526234527822529,7.730556779364842,11.213403152777584,7.634608906612009,10.980259479155764,8.497538356275648,0.009406528628866631,0.005326260950769484,-0.23314367362181976,0.862929449663639
C005436,B11,Logic_IC,CH-03,9.309240535266232,9.823572629890064,7.823135767772062,7.904522170676425,11.231209899297257,8.14845948634373,14.46260769663156,8.291968654007515,0.032215521296815944,0.0026906005786881283,3.231397797334303,0.14350916766378496
C005437,B11,Logic_IC,CH-03,9.5455997346656,9.55154878107524,8.16752653903019,8.248788699287605,10.266621646099766,8.53210006369706,11.302335717907024,8.583827842980353,0.012158242616887385,0.002326660720088531,1.0357140718072575,0.05172777928329353
C005438,B11,Logic_IC,CH-03,9.978231053449337,9.976654624842949,8.19000083249202,8.258108125905629,11.128531127554863,8.508571562752513,11.700515609891154,8.550978152810703,0.011971256840612534,0.0020338196312852386,0.5719844823362905,0.042406590058190474
C005439,B11,Logic_IC,CH-03,8.921848080399345,9.240101583702002,8.349723519202254,8.44321517602388,9.823923989999791,8.680259584557087,12.903193036730901,8.842645919357986,0.02543813509047847,0.002773824606486847,3.0792690467311097,0.1623863348008996
C005440,B11,Logic_IC,CH-03,10.89753258777586,10.88797340384494,7.971081101071549,8.019916051046406,11.208452838996113,8.202093022161838,12.528466262674026,8.255155362090187,0.011392311519646432,0.001633606326692923,1.3200134236779135,0.05306233992834919
C005441,B11,Logic_IC,CH-03,9.894795649675206,9.931328046633956,7.74454673368301,7.749174795553831,10.8652236661936,7.92371438297516,11.942405754820753,7.834637611280154,0.013965817417963865,0.0005934917758772467,1.0771820886271524,-0.08907677169500605
C005442,B11,Logic_IC,CH-03,10.285844866009398,10.388377404720394,8.379958291014967,8.415964617128283,11.728503534645297,8.44785601860017,12.823124737411026,8.612546100099026,0.01690796758812939,0.0013651491872968238,1.0946212027657296,0.1646900814988559
C005443,B11,Logic_IC,CH-03,9.802122834176666,10.070625898882817,8.145806903884287,8.161009377779708,11.27917388697922,8.308388168253858,13.516239373894372,8.302311332835098,0.023927871354246913,0.0009812635767735402,2.237065486915151,-0.00607683541876014
C005444,B11,Logic_IC,CH-03,10.193501956320311,10.275974986658758,8.407288551085992,8.464500651354452,10.287676248122798,8.646445464559562,12.55226611866299,8.728976221073452,0.015807577305584946,0.0018366359008263888,2.264589870540192,0.08253075651388997
C005445,B11,Logic_IC,CH-03,9.68622999653486,9.735428534389504,7.738476021922174,7.761538012148894,10.838866204068209,7.988076920825962,11.778901450610814,7.9093262639034965,0.014190784140425763,0.001026307303851405,0.940035246542605,-0.07875065692246519
C005446,B11,Logic_IC,CH-03,9.882544362436718,9.885028697060411,8.368135498803525,8.393117825669972,10.813654893292906,8.626018041077574,11.801888747492244,8.539904450359082,0.013311528127998839,0.0010193515603410406,0.9882338541993381,-0.086113590718492
C005447,B11,Logic_IC,CH-03,10.26875231490714,11.218583707181525,8.020474575058817,8.153616286521544,17.630090841077372,8.97944484340495,18.197004290702505,8.765712876973716,0.048461254052229036,0.0042506707670289705,0.5669134496251331,-0.2137319664312347
C005448,B11,Logic_IC,CH-03,8.188385955577955,8.411692855488601,8.375587634506768,8.392000271303719,9.6460741069182,8.525077861126011,11.81319304908378,8.51834504538868,0.023621529122188747,0.000877394264478896,2.1671189421655814,-0.006732815737331421
C005449,B11,Logic_IC,CH-03,13.613503921089052,11.716371772752591,8.370996908603068,8.247195824168811,10.460491681209763,8.06919773192733,12.279726876153518,8.162257508868047,0.00391218821806199,-0.0005898494118108636,1.8192351949437544,0.09305977694071643
C005450,B11,Logic_IC,CH-03,9.365482388905695,9.742428253159224,8.241720676355712,8.256665867195851,10.942771534283098,8.497120877063901,13.89256399879637,8.403581976830191,0.028820387122480178,0.0010202507613495824,2.949792464513271,-0.09353890023371036
C005451,B11,Logic_IC,CH-03,11.1398995214802,11.869934110960187,7.907089807153715,8.01664103006982,16.344729110747576,8.715113832125494,17.50489838216473,8.536710330551616,0.039131696327809315,0.003611592364456912,1.1601692714171534,-0.17840350157387874
C005452,B11,Logic_IC,CH-03,10.327280039190205,10.67388783846654,8.122339219385072,8.27441734304756,59.67686338872774,8.59405651362376,14.113077410327062,8.888185355202058,0.023883260915698073,0.004262277862184015,-45.563785978400674,0.29412884157829744
C005453,B11,Logic_IC,CH-03,9.855734067113156,9.854277287758698,7.47876464955113,7.471954071492123,10.313939892509897,7.497622414198349,11.546175157015977,7.551513108387201,0.011749290758731101,0.0005524933117713799,1.2322352645060803,0.05389069418885217
C005454,B11,Logic_IC,CH-03,9.335929530528874,9.675457823068706,8.288676714949899,8.295210148787687,10.523065600313384,8.513955331435772,13.645831517098406,8.409760550739792,0.027572039541872914,0.0007954889024451726,3.1227659167850224,-0.10419478069598043
C005455,B11,Logic_IC,CH-03,9.917910487043182,9.826078390052947,7.699850162185367,7.711849482069946,10.368247500039754,7.890916548743512,11.774226990135842,7.800584759763677,0.013528809722797883,0.0006162172062064646,1.4059794900960885,-0.09033178897983518
C005456,B11,Logic_IC,CH-03,9.735199506578333,9.83896547980173,7.695335146798715,7.706691764096622,10.755131676553882,7.793229185345344,12.223027596134646,7.820772900983269,0.016555986918978575,0.0007922301172683851,1.467895919580764,0.02754371563792546
C005457,B11,Logic_IC,CH-03,10.105702542678232,11.39255729692216,8.189135932431952,8.303313645249762,11.668261773602843,8.645995543581575,20.46868886411935,8.88130505054774,0.06302869143886938,0.004013829203458176,8.800427090516507,0.23530950696616415
C005458,B11,Logic_IC,CH-03,10.344215436749671,10.519693736819391,7.888359739077165,7.913977949409071,11.6183907713286,8.145310797369648,13.268846785002532,8.087042449772415,0.01909134061238292,0.0012018368080787762,1.6504560136739315,-0.05826834759723276
C005459,B11,Logic_IC,CH-03,10.48173672035926,10.444843045231966,7.952493788037418,8.003691754842107,22.465496066099,8.29915429116159,12.158830585485589,8.23861570564521,0.011902691251761268,0.0016314163250215434,-10.306665480613411,-0.06053858551638136
C005460,B11,Logic_IC,CH-03,9.80986891926461,10.685959888487258,7.758013776497657,7.826898258945878,16.135033639422975,8.109640241736388,17.40180312359897,8.21321607794018,0.04663780024383134,0.002682762631904873,1.2667694841759953,0.10357583620379174
C005461,B11,Logic_IC,CH-03,9.96733214195617,10.22997399421705,8.253126018363227,8.289919700605058,11.266342356180289,8.468584962189219,13.591633003614222,8.503697463529582,0.023344854231924807,0.0014845677980869715,2.325290647433933,0.03511250134036281
C005462,B11,Logic_IC,CH-03,9.845324675725806,9.839879011759276,8.361109482096833,8.364290168089484,11.022121268424607,8.583210848320608,11.81560694559085,8.436617896628977,0.01372033287383038,0.0005022758926353695,0.7934856771662435,-0.14659295169163045
C005463,B11,Logic_IC,CH-03,10.764498653604337,12.56735190936027,7.467232355238127,7.5589336162912995,19.98673439987889,8.464707693454667,24.390145894318664,8.130765556818133,0.08210273600665552,0.003971055142547457,4.403411494439773,-0.3339421366365336
C005464,B11,Logic_IC,CH-03,11.095957041342642,11.283873689403642,8.148896097039403,8.263145685416555,12.483295406640918,8.633255267018349,13.844078761378434,8.739299380256405,0.017779201888713833,0.0033066228808322894,1.3607833547375154,0.10604411323805607
C005465,B11,Logic_IC,CH-03,11.05298414872279,11.203796062589891,8.068564459848819,8.126192719838544,11.971524069070826,8.303741066400221,13.694374686419215,8.408712260657731,0.017295684887703635,0.0019619412556888013,1.7228506173483886,0.10497119425751045
C005466,B11,Logic_IC,CH-03,10.028168580286591,10.233914624382123,8.027900487994623,8.071873330304356,11.55400594628163,8.327592430550558,13.17317522710755,8.306385884389325,0.020411531963371015,0.0016285594033678377,1.6191692808259202,-0.021206546161232964
C005467,B11,Logic_IC,CH-03,9.556071149615,9.907553439760148,8.794245740770684,8.850546421489431,11.345046005516098,9.113603386900262,13.93135979495708,9.13027739288922,0.027943099688867584,0.0019425761902763055,2.5863137894409824,0.016674005988956964
C005468,B11,Logic_IC,CH-03,9.034253909249776,9.013401696547527,8.162513042046287,8.218069326133147,10.290576464991538,8.43416600925091,10.908507277426272,8.458170400091463,0.013160455422769064,0.0016673685691549725,0.617930812434734,0.024004390840552503
C005469,B11,Logic_IC,CH-03,9.59338326986518,10.561307100149923,,7.946744345628445,16.500796027355523,8.3446927519763,18.35274276564949,8.638460111261404,0.05410719212152478,0.004803581705784438,1.851946738293968,0.2937673592851038
C005470,B11,Logic_IC,CH-03,9.99408357722766,10.039643780235526,8.43335787196332,8.486989301643206,10.651622833990142,8.656988940945022,12.137031225654333,8.73408224335034,0.01456519059318616,0.001715923206299541,1.4854083916641905,0.0770933024053182
C005471,B11,Logic_IC,CH-03,9.493928753413254,10.28361759119129,7.809418330161813,7.934842754323951,15.409084974158809,8.947797514996104,16.367851351434496,8.500456930103597,0.04225162333502227,0.003927876220691993,0.9587663772756869,-0.4473405848925065
C005472,B11,Logic_IC,CH-03,9.428024437376887,9.510776797862135,8.54166322336929,8.537675193973941,9.78265806697555,8.617565053290313,12.019642979244626,8.609898714419897,0.017422681815156184,0.0005015522253191376,2.236984912269076,-0.007666338870416567
C005473,B11,Logic_IC,CH-03,9.718819618416552,9.734904497413442,7.841396386219588,7.898625055492462,10.070737358800336,8.189244096081701,11.502023888675032,8.158345738541298,0.012271662439316593,0.0018036158545058048,1.4312865298746953,-0.030898357540403154
C005474,B11,Logic_IC,CH-03,14.07942896647246,12.1363833481704,7.972105991267853,7.867114697380636,10.244438816524916,7.791916496448232,12.326781604159638,7.777798055457042,0.0013222101110363803,-0.0006202544578027331,2.0823427876347225,-0.014118440991190084
C005475,B11,Logic_IC,CH-03,10.07126356637871,10.087512929529757,7.608962554809111,7.627430826827983,10.840420699055176,7.676138104123095,11.882696848942773,7.760016503296945,0.012466554995923727,0.0009207338643677879,1.0422761498875968,0.08387839917384987
C005476,B11,Logic_IC,CH-03,11.121831754831154,11.290772392591622,7.903110902911433,7.900082677124516,12.200440964875476,7.9980660655575715,13.98387283267576,7.996720060830842,0.018702086389473176,0.0006710929424050457,1.7834318678002834,-0.0013460047267290776
C005477,B11,Logic_IC,CH-03,10.9341983969249,11.011046270879786,7.928596338931923,7.957902719342097,11.484771000496934,8.146677195423319,13.12941360106694,8.137583350745262,0.014710884237410786,0.001247782162521977,1.6446426005700054,-0.009093844678057295
C005478,B11,Logic_IC,CH-03,12.191792583281554,11.079764087919472,7.926411503957095,7.865733547095383,10.39644138559785,7.707922465275259,12.901980778237057,7.835822043731381,0.012654282571649899,-0.00020771877336112695,2.505539392639207,0.12789957845612143
C005479,B11,Logic_IC,CH-03,9.873658534169955,10.180142296297047,7.923076805532726,7.934827662623189,10.771068749224137,8.059649597087704,13.792073250238023,8.070184915402772,0.025082853846812327,0.0009399809220804375,3.021004501013886,0.010535318315067599
C005480,B11,Logic_IC,CH-03,10.1549660447313,11.257031308953536,8.120202393437355,8.219888097013527,17.632344572289256,8.927514358714067,19.26950124313448,8.732086764569058,0.05564215232070101,0.0035569351913578512,1.6371566708452256,-0.1954275941450092
C005481,B11,Logic_IC,CH-03,10.97449905612592,11.107852679459308,8.177833911779521,8.229404656517806,11.234815038736286,8.399783327751745,13.55441043055471,8.488153344209184,0.016989984382606967,0.0017968658867456824,2.3195953918184244,0.08837001645743925
C005482,B11,Logic_IC,CH-03,9.2075532749633,10.728459126083994,7.984695690524927,8.165053591365142,19.41327421695942,9.758883594272788,21.021784947224514,8.981584143381623,0.07148142931347584,0.005670351055670005,1.6085107302650954,-0.7772994508911655
C005483,B11,Logic_IC,CH-03,10.5065874019724,10.814996867805103,8.079446391761598,8.143630055711421,12.247337822615114,8.406434205646251,14.25914876983282,8.459927514903388,0.02391772154185914,0.0021965101332775466,2.0118109472177057,0.0534933092571368
C005484,B11,Logic_IC,CH-03,10.985725024423289,10.911439645267205,8.0223905883137,8.081097577055093,11.65940833948107,8.21086956558209,12.612869925914342,8.337178418396274,0.011815488060049568,0.0017783391759804206,0.9534615864332725,0.12630885281418358
C005485,B11,Logic_IC,CH-03,9.659639868522836,10.390306411651837,8.136530503162529,8.26760713189873,14.800171902941948,9.13483543343336,16.207996929444388,8.842991483842383,0.040400628595781606,0.003995724666275365,1.4078250265024401,-0.2918439495909766
C005486,B11,Logic_IC,CH-03,10.50530734916198,10.7604350969366,7.98224705199542,7.977504168543199,11.532149257270175,8.144908328125446,14.020400534924146,8.080346222416763,0.022638648874913514,0.0007141809296775289,2.488251277653971,-0.06456210570868315
C005487,B11,Logic_IC,CH-03,10.62431835095402,10.781325829397762,8.210974251717943,8.260381481670516,11.929512237369917,8.405242540190182,13.414995150916203,8.511317377028194,0.01828937028832251,0.0017426103844283187,1.4854829135462868,0.10607483683801178
C005488,B11,Logic_IC,CH-03,10.456956902951378,10.961004397754367,7.072676609804438,7.132205872341483,14.381954680160998,7.59647774151188,15.257305891878655,7.462737363342806,0.029835427042529776,0.002295357576398075,0.875351211717657,-0.13374037816907336
C005489,B11,Logic_IC,CH-03,9.6764140982303,9.67486296941706,7.985673620710936,8.011013323786985,10.605987214364028,8.158848927814415,11.495335548305981,8.159543716741435,0.01264217068672862,0.0010314610621836831,0.8893483339419532,0.0006947889270207952
C005490,B11,Logic_IC,CH-03,10.399739266573365,10.470856119864855,8.037004353905093,8.049444098304571,10.856482253249215,8.266163076021288,12.687100643661836,8.166935892398257,0.015390586970812366,0.0008159152367617094,1.8306183904126208,-0.09922718362303051
C005491,B11,Logic_IC,CH-03,11.382912570437368,11.352759422229555,7.928165403630843,7.975300184810399,12.03241264614092,8.103236527334472,12.959961747009281,8.204763950436243,0.011161127255414762,0.0015934983724016976,0.9275491008683616,0.10152742310177132
C005492,B11,Logic_IC,CH-03,10.380298953288971,11.312549318850929,8.470003758671966,8.533560764191355,17.334717976344113,9.031005137567858,18.519347660205558,8.906058550568659,0.05004721070385159,0.002586790183175721,1.184629683861445,-0.12494658699919903
C005493,B11,Logic_IC,CH-03,9.990683218401378,10.366842103208388,7.501022157508695,7.549192145773557,11.599191783688788,7.857504087041418,14.137459834016553,7.819390819696068,0.026184845352834482,0.0018763796800174333,2.5382680503277655,-0.038113267345350366
C005494,B11,Logic_IC,CH-03,8.6053825220478,8.870923537176072,7.963515511649344,8.024754672092177,9.96587356879852,8.207947293573488,12.232058053871214,8.31237312553498,0.023341211921494038,0.0019973503711305796,2.266184485072694,0.10442583196149258
C005495,B11,Logic_IC,CH-03,8.758455082694498,9.057057543691458,8.028192458659115,8.0548186166035,10.090193559840772,8.350242326164224,12.720056815648686,8.229600823569681,0.025437494944147414,0.0012137653261540384,2.629863255807914,-0.12064150259454287
C005496,B11,Logic_IC,CH-03,9.892498897621252,9.971704101298297,7.462786489755765,7.540014815429087,10.348010609684025,7.872253133144134,11.907805841354019,7.879512190895156,0.013445150972609184,0.0023576206629588098,1.5597952316699946,0.007259057751022091
C005497,B11,Logic_IC,CH-03,10.701709945588382,10.833086522937398,7.99064467679962,7.9834041518727075,11.65050765985188,8.179196739694056,13.334917429868558,8.079056708595942,0.017373825742577495,0.0006642538661335758,1.6844097700166767,-0.10014003109811398
C005498,B11,Logic_IC,CH-03,10.508583442353885,10.615287860347724,7.956267356757487,7.974111717831695,11.387538991987023,8.171476228490423,12.990557039179592,8.114748658127718,0.016494924852999082,0.0009766454187223822,1.6030180471925686,-0.05672757036270504
C005499,B11,Logic_IC,CH-03,10.298923656694688,10.901430562619396,8.31932850591487,8.388967939456608,55.69672088552189,8.865060957306781,16.135731599616687,8.749153602686068,0.03634931275692563,0.0025012893279823625,-39.56098928590521,-0.11590735462071322
C005500,B11,Logic_IC,CH-03,10.810699002439176,11.4556257488268,8.01093329252906,8.080945004308909,11.724410313307196,8.1087956677408,16.786577961053823,8.454522881694066,0.037020501473798775,0.0025942908151747046,5.062167647746627,0.3457272139532659
C009501,B20,Memory_IC,CH-03,12.609813384121647,12.906255760700937,8.938044503578501,8.948447920717166,14.085683962735196,9.115829916869844,16.2811804323152,9.095382469616066,0.02343697688621016,0.0010203788117979136,2.1954964695800037,-0.020447447253777895
C009502,B20,Memory_IC,CH-03,12.858351507447258,13.484095673173872,9.619329680177987,9.797652427753295,18.082062199057805,10.569826450713755,18.574637185764846,10.525352400517328,0.03535098272632621,0.005053472033083557,0.4925749867070408,-0.044474050196427584
C009503,B20,Memory_IC,CH-03,11.663330987505326,11.793580498062536,9.293838753148265,9.291950956946993,12.514176239108734,9.377957596709058,14.399120706482865,9.379831252343395,0.018094029225141178,0.0006102798291416849,1.8849444673741313,0.001873655634337723
C009504,B20,Memory_IC,CH-03,12.063342029705606,12.171684767621862,8.350123279474145,8.36714598934219,12.457097889548375,8.548228950060151,14.341480187662041,8.515334921177939,0.015068023750279023,0.001029089804414925,1.8843822981136658,-0.03289402888221282
C009505,B20,Memory_IC,CH-03,10.09202192893368,10.154551468077436,9.162124457554864,9.191404335774443,11.019030932394694,9.462374083348978,12.431843018561265,9.355549089463961,0.015814524656137703,0.0011398941228438764,1.4128120861665714,-0.10682499388501654
C009506,B20,Memory_IC,CH-03,12.054899272473984,12.749437484301936,8.973772565991494,9.183237261626626,17.06129572510181,10.32935138667813,18.019861249498906,10.024335556536169,0.036600165036090065,0.005840960381316269,0.9585655243970947,-0.30501583014196143
C009507,B20,Memory_IC,CH-03,10.961296450449014,11.239783261530505,9.206851591578298,9.188736807053196,12.807500226788624,9.353128688262537,14.624920940283962,9.303476768035377,0.02350790054689901,0.0007968052845984798,1.8174207134953377,-0.04965192022715925
C009508,B20,Memory_IC,CH-03,13.058451187458168,13.303438459484306,8.466087019133106,8.500978995049184,14.045463460562322,8.751289265772462,16.149292042124863,8.730182611785532,0.01976287210167053,0.0015916917828913012,2.1038285815625404,-0.021106653986930013
C009509,B20,Memory_IC,CH-03,13.346124933323386,13.349127214352825,9.023495214952764,9.037877795852566,13.789955765373538,9.21084296399148,14.97336591223784,9.171545742482715,0.011279435401979275,0.0009282496293760372,1.1834101468643023,-0.03929722150876458
C009510,B20,Memory_IC,CH-03,13.429910445962731,13.586602595672824,8.957027086987742,9.015231584549795,15.35080841564159,9.02077561737924,15.967065619120987,9.311131268507246,0.016530993218390022,0.002054858916371188,0.6162572034793978,0.29035565112800654
C009511,B20,Memory_IC,CH-03,12.01887711908175,12.19212512735526,9.010990182449529,9.018785187844085,13.506570632835045,9.09588153128465,14.937419070393526,9.139086938696527,0.01906454127109907,0.0008354288253641866,1.4308484375584811,0.04320540741187706
C009512,B20,Memory_IC,CH-03,12.3206741467007,12.372601908272593,9.082468809405729,9.137556631729275,13.024792438302514,9.206932902908878,14.296907318491396,9.40262061024528,0.013363232015408356,0.0018407220730278168,1.272114880188882,0.19568770733640228
C009513,B20,Memory_IC,CH-03,11.995565423867651,12.1005420050715,9.432069554593951,9.440476934066464,12.659178919217783,9.655438909867833,14.559872058636888,9.553190166432156,0.017078680927537417,0.0007827307803173077,1.9006931394191042,-0.10224874343567691
C009514,B20,Memory_IC,CH-03,11.10776312374411,11.352741351140944,9.533688889901184,9.621921559664903,11.958236251093096,9.82759505532059,14.571879495774896,10.002439191094417,0.022355126004402443,0.002642483551593849,2.6136432446818,0.17484413577382796
C009515,B20,Memory_IC,CH-03,19.508519624461872,19.679130258005475,9.391284353584098,9.558446404754571,20.2843734048219,10.047684661280144,21.45496334905919,10.254157083110442,0.012332174243428584,0.004831324155249105,1.1705899442372925,0.20647242183029846
C009516,B20,Memory_IC,CH-03,19.10170843529184,18.59885283039483,9.342421108487413,9.438785847261704,19.546864763493044,9.69284408908679,18.765499195145416,9.796244720088882,0.0011572664218790774,0.0024823532835220753,-0.7813655683476277,0.10340063100209207
C009517,B20,Memory_IC,CH-03,11.577683566641726,11.84254647752111,8.733582075322552,8.779022132833195,12.873492198823804,8.99796211692589,14.995180569182812,9.031804295740907,0.02189329230320627,0.0017554316868591115,2.121688370359008,0.033842178815016055
C009518,B20,Memory_IC,CH-03,11.75563515358667,11.98983401995331,8.79152543713937,8.840197733092134,13.731535466369904,8.894005611547016,14.955636109228543,9.101411558975997,0.020595847842189114,0.0018139849019712662,1.2241006428586392,0.2074059474289811
C009519,B20,Memory_IC,CH-03,10.74312121002073,10.82098702196463,8.775887235500193,8.77824792889592,12.093697096729477,8.934470812687309,13.088466891939444,8.86223785430174,0.015746387985936208,0.0005832633708737519,0.994769795209967,-0.07223295838556787
C009520,B20,Memory_IC,CH-03,10.931281380630043,10.364687884352051,8.550101771463147,8.59368752418861,11.688054511383855,8.710393726883437,12.755733322030608,8.698792612250505,0.016604482206101088,0.0007298964448742747,1.0676788106467523,-0.011601114632931342
C009521,B20,Memory_IC,CH-03,12.482061567932432,13.659326977422612,9.193413204851614,9.329173434248672,19.09250878450733,9.990835817213382,21.921404140554408,9.979142789288332,0.05737553585508191,0.004513676076664308,2.8288953560470773,-0.011693027925050004
C009522,B20,Memory_IC,CH-03,12.52418083423874,12.599880533561503,8.852434862567618,8.868263631589619,13.882812572369197,9.011326664352945,14.672557300438466,9.009455740253754,0.0143935886588678,0.0009805007546120532,0.7897447280692695,-0.0018709240991903187
C009523,B20,Memory_IC,CH-03,12.78615934555081,12.93668079768024,8.939200344517348,8.945166445141334,14.224214878864473,9.060438814899896,15.462838907824002,9.063228129290676,0.017542764653776133,0.0008198728065926561,1.2386240289595296,0.0027893143907800066
C009524,B20,Memory_IC,CH-03,10.310188146814518,10.52271381638116,8.579382676343345,8.592579651185604,11.046128979635068,8.705292466116925,13.537287290041956,8.723958025605482,0.020934538011533308,0.0009123498223602638,2.491158310406888,0.018665559488557193
C009525,B20,Memory_IC,CH-03,11.259362910826782,11.298349597917442,9.361888270491365,9.389852198369152,12.088458530772852,9.493955189217749,13.385067553262317,9.554610532245695,0.01449109691211719,0.0011441550963648837,1.2966090224894646,0.060655343027946174
C009526,B20,Memory_IC,CH-03,13.09781335398215,14.395205662041077,8.786129479385007,9.021775936585495,21.88216463859648,10.385514884766778,22.896328774251305,10.026974059611193,0.05903557716812659,0.006980542521011792,1.014164135654827,-0.3585408251555844
C009527,B20,Memory_IC,CH-03,11.71783460049322,12.003151966168232,9.067548685559698,9.03798067932196,13.006590475812482,9.135701765175574,15.226182811257784,9.173418329290284,0.022382158646455222,0.0009405392358911394,2.219592335445302,0.03771656411471014
C009528,B20,Memory_IC,CH-03,10.134328006201104,10.463911521892628,9.157791277254702,9.202882252284942,12.155659973161647,9.456334451001792,14.256677540549173,9.446188220418618,0.02633865290733712,0.0016896247787060819,2.101017567387526,-0.010146230583174543
C009529,B20,Memory_IC,CH-03,11.318259761281883,11.50919592102388,8.996970715545835,9.050795994314672,12.945309431609344,9.466967531355929,14.312797668608475,9.319433313347234,0.01946945658044858,0.001865536937726126,1.3674882369991312,-0.14753421800869404
C009530,B20,Memory_IC,CH-03,11.790327635325378,13.363994471665196,9.461927590593506,9.656584848358063,25.058616940260062,10.710080418739976,23.966096073661983,10.53032176274381,0.07362570556942213,0.00606761746101213,-1.092520866598079,-0.17975865599616547
C009531,B20,Memory_IC,CH-03,11.658045441791838,11.676348194678704,8.835446362735665,8.863799097144904,12.22633563388616,8.974981676079178,13.463276470631182,9.034093554741299,0.012409224138558876,0.0011826003999749633,1.2369408367450223,0.05911187866212053
C009532,B20,Memory_IC,CH-03,13.1766504072446,14.302365748470113,9.34217532908894,9.414101252728342,19.54795365451369,9.704823679825012,22.375553509951537,9.854045579752237,0.05606380389917656,0.003055168937665936,2.827599855437846,0.149221899927225
C009533,B20,Memory_IC,CH-03,11.517652373343608,11.808771931828412,9.116770922100974,9.110499446133648,28.69895121461495,9.325249919562934,15.281389581664335,9.219631746463415,0.0241154003460828,0.0007578631967344935,-13.417561632950616,-0.10561817309951849
C009534,B20,Memory_IC,CH-03,12.577510856677396,13.714139786457164,8.63913807145039,8.779939112868915,19.937557241095224,9.735695010013186,21.531538443528255,9.450987545110788,0.0542874906741048,0.004660058557235231,1.5939812024330315,-0.2847074649023984
C009535,B20,Memory_IC,CH-03,11.954712965731618,12.070506439438851,9.186357209867849,9.247443527635795,27.52053140526564,9.41444539634998,14.414997423574176,9.535368220968548,0.016281187389828644,0.001999477037033009,-13.105533981691464,0.12092282461856918
C009536,B20,Memory_IC,CH-03,11.497362002551176,11.49489410910214,9.150015492753248,9.182402595581404,12.484795710432888,9.278893240943344,13.26886841198744,9.36030665393339,0.012319265992259028,0.0012354448496665709,0.7840727015545514,0.08141341299004701
C009537,B20,Memory_IC,CH-03,10.427606451582813,10.58356965269177,9.167943472614247,9.15138970250071,11.54084143875728,9.251879771828149,13.310858820070514,9.24828800335234,0.018939508106796836,0.0006729048670252036,1.7700173813132345,-0.0035917684758093316
C009538,B20,Memory_IC,CH-03,12.08890333909309,12.352520438084982,8.340680138360462,8.323727574129038,13.376390031849487,8.40022706337541,15.322301643428897,8.455345939577525,0.02062348059266608,0.0009140164267256044,1.94591161157941,0.055118876202113753
C009539,B20,Memory_IC,CH-03,13.528951780289304,11.676577507898743,9.06755953693668,8.892044435935045,10.55085609270642,8.824511765853618,11.957310360761868,8.828152271886157,0.001949533700438365,-0.00044369558367282933,1.4064542680554482,0.0036405060325392924
C009540,B20,Memory_IC,CH-03,10.486110875272685,10.981822548227358,9.214068293856522,9.220507736880158,14.879284341555428,9.48642427865974,15.807305257327016,9.356228989271026,0.03351029659096985,0.0009425086971588023,0.9280209157715884,-0.13019528938871439
C009541,B20,Memory_IC,CH-03,12.048724062466832,12.291797384245516,9.01976991702937,9.029188484507106,54.66384903284597,9.184035580659696,15.43665099751287,9.162383393842305,0.021839261203245516,0.0009249646481611023,-39.227198035333096,-0.02165218681739134
C009542,B20,Memory_IC,CH-03,13.523782491813687,13.726617109919752,8.93398798197507,8.99747931980942,14.806932604819457,9.089288443774535,16.34466132310504,9.316738006191601,0.018180862591564498,0.0022170742109873676,1.5377287182855834,0.22744956241706582
C009543,B20,Memory_IC,CH-03,13.012035259796304,13.226772513287194,9.06926323393703,9.120074794109524,14.160387257581611,9.250477171143755,16.031401659872962,9.39373577009819,0.019476591295734497,0.0019004234443657324,1.871014402291351,0.14325859895443394
C009544,B20,Memory_IC,CH-03,11.434295606209302,11.410035291916376,9.5488360258221,9.573435729146231,11.666315707977084,9.801421650282766,13.336334551101842,9.718569532204745,0.01337707818878796,0.0010078736323507877,1.6700188431247582,-0.08285211807802106
C009545,B20,Memory_IC,CH-03,13.85452504554721,14.823163417944755,8.602155890577366,8.609483708061541,20.54106737427761,8.968993929556564,21.86682277296253,8.830875194136524,0.04891430107651232,0.0015374408755207186,1.3257553986849189,-0.13811873542003994
C009546,B20,Memory_IC,CH-03,12.06663584286436,13.905908898835875,8.83574387787777,9.026907879044488,25.677438440274184,10.00952190063581,25.789989823530895,9.930882882255087,0.08252833975482653,0.006277604188962492,0.11255138325671155,-0.07863901838072351
C009547,B20,Memory_IC,CH-03,13.51731347595746,13.549245544071963,8.795269897853103,8.786607846318452,14.29726716115464,8.829168142089474,15.230700172755485,8.88863187623114,0.01167676825474668,0.0007085002077269969,0.9334330116008456,0.059463734141665725
C009548,B20,Memory_IC,CH-03,11.343409988229562,13.386679800301154,9.133240042596006,9.413929158534106,26.42336225100017,11.092517630298136,26.453413074887933,10.620013225617482,0.09074120329574152,0.00837558379919011,0.03005082388776259,-0.47250440468065413
C009549,B20,Memory_IC,CH-03,10.94914585143257,11.207668477781482,9.369865694038529,9.3872456035478,12.039446915771622,9.696963605924555,14.62344019856433,9.537583420102376,0.02372063694988089,0.0010440126149623295,2.583993282792708,-0.1593801858221795
C009550,B20,Memory_IC,CH-03,11.507517389235566,11.932047949130656,9.092783266708702,9.07336791706046,13.27303680933128,9.284297894681949,16.069415852847825,9.21044069219948,0.028731721553591456,0.0009518942717987465,2.796379043516545,-0.07385720248246841
C009551,B20,Memory_IC,CH-03,12.648399315010774,12.835703813453252,9.560767698044284,9.565491316532382,14.43208251423761,9.666914091902292,15.748959199158994,9.679169733716257,0.0202309401785121,0.0007894334526657998,1.3168766849213842,0.012255641813965212
C009552,B20,Memory_IC,CH-03,12.564443375941382,13.480783158259396,8.985863668261711,9.14515417338164,18.938768654357297,10.203373077620972,20.101698199940166,9.848574610945619,0.045978576678338684,0.004884864149749856,1.1629295455828697,-0.3547984666753532
C009553,B20,Memory_IC,CH-03,10.971463611137912,11.291528156873811,8.830806832680738,8.855184092922523,12.061614135489735,8.924772127630067,14.90376015086241,9.03837380701783,0.02508494440269861,0.0012721507923285265,2.842146015372675,0.113601679387763
C009554,B20,Memory_IC,CH-03,11.967753137337722,12.213742078906373,9.027783094095916,9.0593129177591,13.4786854313288,9.183557731438494,15.333790289900909,9.26501280871937,0.021667001465239834,0.0014284714650018755,1.8551048585721084,0.08145507728087509
C009555,B20,Memory_IC,CH-03,11.443880869117232,11.528443785634469,9.09362846466543,9.12257566799228,12.168981507533784,9.358833294596876,13.78778648959247,9.298428567151108,0.01568987988859723,0.0012212006886029734,1.6188049820586858,-0.06040472744576775
C009556,B20,Memory_IC,CH-03,11.578540331993386,12.715145337962596,8.558696756658106,8.643309154207955,19.35317368930248,9.289234712722076,20.76674722276781,9.118853543183247,0.05591390197781397,0.0033023915901061957,1.4135735334653283,-0.1703811695388282
C009557,B20,Memory_IC,CH-03,11.631058153386412,11.811148829302576,9.14982207763942,9.186897206153803,12.080325229775449,9.384783184852092,14.60290871565241,9.400476639076503,0.019387221432984953,0.0014831905064076364,2.522583485876961,0.015693454224411596
C009558,B20,Memory_IC,CH-03,10.171812734127288,10.395806116554384,8.77602891955055,8.82719136544621,11.35916654230086,8.926574258279041,13.447565668991238,9.083274682702628,0.021192774669700376,0.0017783563698362413,2.088399126690378,0.15670042442358678
C009559,B20,Memory_IC,CH-03,11.26857986363038,11.25033348886866,9.39300970690586,9.389763857383278,11.82999530194644,9.5464088114417,13.173473067872187,9.45835848476644,0.01335513596530227,0.00047635157904974475,1.3434777659257477,-0.08805032667525836
C009560,B20,Memory_IC,CH-03,10.28764652636563,10.431004441398112,8.686583515332554,8.685775025007331,11.387133779601008,8.823677683414587,13.100041596338842,8.766574378447354,0.018534980242643957,0.00056110662111127,1.7129078167378342,-0.05710330496723337
C009561,B20,Memory_IC,CH-03,10.36496379595719,10.496079457318304,8.824577342389032,8.891019802795173,11.07178010100243,9.111078511449303,12.964199800536697,9.18939956072291,0.017139724605683287,0.002072081652275953,1.8924196995342673,0.07832104927360639
C009562,B20,Memory_IC,CH-03,11.558661667036604,12.269323539428488,8.634671136083222,8.695641586969375,13.241293922394636,8.87919466033126,17.939316573188634,9.047171714106696,0.03937495162333435,0.0024411814384536212,4.698022650793998,0.16797705377543615
C009563,B20,Memory_IC,CH-03,11.981254713463844,12.854908641034504,9.043224867384412,9.067746207415093,13.243470405475636,9.213032289636848,19.62635984317069,9.316422459467113,0.04702396668150129,0.0017269184170279155,6.382889437695054,0.10339016983026461
C009564,B20,Memory_IC,CH-03,11.978840111035767,12.218369776986671,8.680484081649189,8.757994666185787,13.393226274876564,8.960024172120598,15.088115121008745,9.118149047529366,0.019928787111264397,0.00250107209266374,1.69488884613218,0.15812487540876852
C009565,B20,Memory_IC,CH-03,16.52720864100188,16.501089453924383,9.07600120656198,9.086947102863943,17.394648358688368,9.69916661460046,17.807108906100268,9.227258499272049,0.009069579528999203,0.0009743846972785075,0.4124605474119001,-0.4719081153284108
C009566,B20,Memory_IC,CH-03,11.686791167378576,12.022198952498549,9.194436767142513,9.194022081199334,13.65513945647209,9.373660897679768,15.8002168864303,9.302589803288386,0.026236235652303833,0.0007539425145073084,2.14507742995821,-0.0710710943913817
C009567,B20,Memory_IC,CH-03,11.962087260158787,13.702646112910866,8.589529987995418,8.935293209108721,21.67565214898376,10.48145840479536,24.532504701438015,10.346421547289625,0.07520735130921631,0.009799502348478496,2.856852552454253,-0.13503685750573524
C009568,B20,Memory_IC,CH-03,12.25799205115788,13.488022179578635,8.378607658876634,8.358369257046004,13.652828127131306,8.431957815971193,22.01161380865694,8.59764695395955,0.059191608535266,0.001661650673010742,8.358785681525633,0.16568913798835716
C009569,B20,Memory_IC,CH-03,11.262432061557456,11.273085772619664,8.574840233598595,8.628957312425701,11.813839445444296,8.787911821876172,12.914587800596726,8.883060459104133,0.011399319638729595,0.0017646051852668876,1.1007483551524295,0.09514863722796107
C009570,B20,Memory_IC,CH-03,12.123552617882416,12.279148639570668,9.1153896192733,9.121074414988865,12.877415941090392,9.24837063518297,14.943893316057725,9.232816393501452,0.018505171364493454,0.000775985961892964,2.0664773749673326,-0.015554241681519088
C009571,B20,Memory_IC,CH-03,13.380807897476297,13.524210447221725,8.805511826881272,8.838485476972537,14.508934103103726,9.048686758720311,15.851478458912025,9.05037326444683,0.016161583414515974,0.001471442968571478,1.3425443558082986,0.0016865057265178507
C009572,B20,Memory_IC,CH-03,13.792988229911082,14.64809552736167,9.339539491270326,9.516837757951318,19.57693950332028,10.64465433766048,20.867607075533094,10.278254147938418,0.04319105241785711,0.005287613819354855,1.290667572212815,-0.36640018972206256
C009573,B20,Memory_IC,CH-03,11.043930467907511,11.115293625692653,8.674107612070248,8.731812503443068,31.20728159751442,8.911439552870467,13.14909503276966,9.001625891074891,0.014123620882479216,0.0018737040807765466,-18.05818656474476,0.09018633820442368
C009574,B20,Memory_IC,CH-03,11.260659092010568,11.174570719882537,8.900674179215928,8.884891402302442,12.012185952248087,9.092648423334238,12.950833368035129,8.957637201338008,0.012335157278837446,0.0005051791599692083,0.9386474157870417,-0.13501122199622984
C009575,B20,Memory_IC,CH-03,10.753101709348211,10.979131781395823,9.13671684432123,9.169549360221902,12.244407479135935,9.37667059189618,14.129223590061763,9.367193566733603,0.021875637560180135,0.0013725292118868095,1.8848161109258275,-0.009477025162578201
C009576,B20,Memory_IC,CH-03,11.97692597063643,11.9507856159222,9.048900517923006,9.119351077522596,12.878244797098125,9.363116487073375,13.580989423307743,9.42234644494687,0.011320859773510716,0.002104134496001898,0.7027446262096184,0.0592299578734945
C009577,B20,Memory_IC,CH-03,10.694231421183476,10.88457244689244,9.002591358989585,9.02789159237176,12.209254691197842,9.214360684862584,13.814222654347978,9.197520245306984,0.020344793107330124,0.0011779767564946081,1.604967963150136,-0.016840439555599218
C009578,B20,Memory_IC,CH-03,13.517593081509244,13.266103089223252,8.40980741328322,8.530675463919282,13.455108627654145,8.852524952633145,14.41053253233941,8.978395337658263,0.00794742668830665,0.0031091657898540343,0.9554239046852651,0.12587038502511838
C009579,B20,Memory_IC,CH-03,12.357232363412354,12.688399873461671,9.193679355146536,9.212895592602326,13.513187260340558,9.30823612875378,16.335233262926295,9.389078740347781,0.025325231871282106,0.0012234940815656595,2.8220460025857363,0.08084261159400086
C009580,B20,Memory_IC,CH-03,13.615610593189894,18.180945588950767,8.888814469948807,9.03286991029063,47.72358981869209,9.574867214777251,45.709187269330975,10.09235215890251,0.19116834500264035,0.007357515615360281,-2.0144025493611153,0.5174849441252594
C009581,B20,Memory_IC,CH-03,10.62012016512258,10.824027947862426,8.97785185892504,9.007726753389449,12.512502696836023,9.244386793487635,13.822376506961769,9.193412747263315,0.020821864993745436,0.0012894860685685153,1.3098738101257457,-0.050974046224320446
C009582,B20,Memory_IC,CH-03,12.648371013775952,12.837717027552351,9.019360473537136,9.03350104689136,13.030534831609678,9.196185940356427,15.602653142434809,9.18119081790617,0.01920094524223929,0.0010256234098250754,2.5721183108251306,-0.014995122450256915
C009583,B20,Memory_IC,CH-03,11.938010246392698,13.600802227952258,8.301001362741719,8.351200784087307,22.90406202695945,8.969028815786189,24.673016428644647,8.77329236850558,0.07689037639369715,0.002931191558460222,1.7689544016851961,-0.19573644728060913
C009584,B20,Memory_IC,CH-03,12.556384552809154,12.663946415387777,8.451853110410473,8.537823688368583,13.301355094704029,8.745489669539467,14.622682585957708,8.919030867906297,0.013602334517846747,0.0026472720801230163,1.3213274912536797,0.17354119836683068
C009585,B20,Memory_IC,CH-03,11.654828932841298,11.780180926499296,8.850521360264505,8.907448100071589,12.918917546638644,9.10787427668351,14.121781388482418,9.183319698411246,0.016261114319327235,0.0019157749884698427,1.202863841843774,0.0754454217277356
C009586,B20,Memory_IC,CH-03,12.399189255806029,12.40785709100236,9.06175518643772,9.094997848793636,13.072296933587094,9.212701499185922,14.119453940767084,9.2842759367456,0.011886089234477253,0.0013144311663330817,1.0471570071799903,0.0715744375596774
C009587,B20,Memory_IC,CH-03,12.99590269118138,13.321038286637345,9.233946906275143,9.14338933513896,14.245912226209468,9.21357336959036,16.21743736817197,9.351525399784805,0.02011388251065713,0.0014453893378183727,1.9715251419625037,0.13795203019444457
C009588,B20,Memory_IC,CH-03,12.136829128682251,12.368146987195804,8.991048000486169,9.014042378153976,63.22664193592333,9.136925066301488,15.396968938944037,9.191612683082395,0.021033485776029395,0.0012331271175584696,-47.8296729969793,0.05468761678090672
C009589,B20,Memory_IC,CH-03,10.832403307618511,10.894560261493158,8.743589321810932,8.819075857298335,11.397998651609615,8.900312790266769,12.870366387026124,9.144699371165068,0.013720875871756707,0.002261274401852309,1.4723677354165083,0.2443865808982988
C009590,B20,Memory_IC,CH-03,18.62225754276565,18.841743744195043,9.18355919897208,9.200344778931088,19.598108244031817,9.755802772460235,21.245704151122524,9.404157051167697,0.016694169492551956,0.0014153630016431205,1.6475959070907074,-0.3516457212925381
C009591,B20,Memory_IC,CH-03,12.37134844797544,12.5231010683948,9.030549398791608,9.038215309128454,13.676661518048094,9.163020101055547,15.115519400262064,9.158397518346824,0.01800290508241156,0.0008345986751275723,1.43885788221397,-0.0046225827087233995
C009592,B20,Memory_IC,CH-03,11.914604926137995,12.12270154969939,9.434823314872808,9.498950632552512,13.180533744332664,9.788884766998844,15.070133790431061,9.804089877559981,0.0204682794495255,0.0021190225347740904,1.8896000460983977,0.015205110561137047
C009593,B20,Memory_IC,CH-03,11.583223869197132,11.799362864532023,9.11735545000097,9.121931811495,11.795097749733303,9.294609219400426,14.869949890484333,9.232221597782987,0.02132352101355771,0.0007659012936665796,3.0748521407510303,-0.06238762161743949
C009594,B20,Memory_IC,CH-03,12.279620951393447,12.45838716258904,8.80298111509535,8.844665313189225,13.026825605187044,9.120342253286632,15.07310521849093,9.080852362365953,0.018157764277096464,0.0016401878415050536,2.046279613303886,-0.039489890920679116
C009595,B20,Memory_IC,CH-03,11.524097398383908,11.68697392156849,8.651708766117167,8.748295248342352,12.003291386924706,9.01192346195018,14.099205697900146,9.160568299699127,0.01675160955785873,0.0028630073010887194,2.0959143109754397,0.14864483774894666
C009596,B20,Memory_IC,CH-03,12.291576110203897,12.50203139518433,9.21316334682244,9.27635545098922,13.608322207570092,9.51655383113243,15.364680370213781,9.583520283872545,0.019879506771037853,0.0021330891172453136,1.7563581626436893,0.06696645274011459
C009597,B20,Memory_IC,CH-03,11.041664054562402,11.293867612444227,9.20889348932219,9.213693888689225,11.95556884241389,9.262436909286423,14.649644071501719,9.323748493803645,0.023304003187899245,0.0007642680910723657,2.6940752290878294,0.06131158451722207
C009598,B20,Memory_IC,CH-03,11.335236763594336,11.227587861326969,8.660250709928947,8.659925201042716,11.859518109825688,8.894540983529579,13.079195880729266,8.712619588325403,0.012858389023627063,0.000365933245018657,1.2196777709035782,-0.18192139520417605
C009599,B20,Memory_IC,CH-03,11.959744724925583,12.13482396006834,9.51359516098188,9.571390004664586,12.934275845368854,9.69518957932295,14.922460173968332,9.852046746645932,0.019358584818749944,0.0019490051526482371,1.9881843285994787,0.1568571673229826
C009600,B20,Memory_IC,CH-03,13.13743599416184,14.16706263107658,8.945237940324871,9.107173977518144,21.225740349180217,10.16994999014424,21.35880886463846,9.837297085005074,0.04994268217751304,0.005070299357548127,0.13306851545824117,-0.3326529051391649
C009601,B20,Memory_IC,CH-03,10.666926541645916,10.059153599088264,8.465033081570644,8.39406311669186,10.636372952480023,8.898020715626103,12.144058677963107,8.43864698924967,0.014478507492186413,0.0003096102260958923,1.5076857254830838,-0.4593737263764339
C009602,B20,Memory_IC,CH-03,12.902084481805732,12.897566557011553,8.916792808294268,8.972460657231926,13.296633681988526,9.149554326494096,14.420091066991573,9.238723375880571,0.010573086874861248,0.0018490466572822618,1.1234573850030465,0.08916904938647541
C009603,B20,Memory_IC,CH-03,12.745849855698388,12.877399346087811,8.9240831019054,8.94903523623588,13.210921782007444,9.09137117443271,15.248460326969214,9.127548122886205,0.016465701256120853,0.0012396728239605975,2.0375385449617696,0.03617694845349462
C009604,B20,Memory_IC,CH-03,11.789750267128294,12.0008202897082,9.003268258553128,9.016211719059765,13.348675203403388,9.189214979257518,14.97314974222007,9.155743077781873,0.020641176753554653,0.0009689677689035268,1.6244745388166812,-0.03347190147564483
C009605,B20,Memory_IC,CH-03,10.374864731528424,10.589226742110704,9.200046624334568,9.2638969402789,11.835873153903078,9.47528434171896,13.656574019047202,9.558816423714923,0.02130102275650346,0.0020480519683057086,1.8207008651441239,0.08353208199596374
C009606,B20,Memory_IC,CH-03,13.884959918046084,14.14472808092172,9.082097472239942,9.083225867292509,14.910333690244135,9.254386769285484,17.242482151352064,9.204786559418833,0.02151218104465517,0.0008441714730994779,2.332148461107929,-0.04960020986665015
C009607,B20,Memory_IC,CH-03,11.776335117903876,11.899180372794447,8.78686040595484,8.80613063452008,12.627976076034107,8.862545394175184,14.289866994948946,8.958492893547287,0.016601990431628466,0.0010580712432444923,1.661890918914839,0.09594749937210345
C009608,B20,Memory_IC,CH-03,12.404300465983132,12.50380616384818,8.716020936682028,8.744913041223052,13.464045902713927,8.90162479953567,14.656558140669983,8.931877408344354,0.014949666505706961,0.0012983636605645968,1.1925122379560555,0.0302526088086843
C009609,B20,Memory_IC,CH-03,12.041577696500273,12.245007455600632,9.229316205075962,9.25474142554524,13.137488590440324,9.420724362505387,15.179715405006887,9.435117155921233,0.02037991631532121,0.0012526092387221811,2.042226814566563,0.014392793415845873
C009610,B20,Memory_IC,CH-03,12.557441977879826,11.855430337663536,9.017363286026578,9.160954001471682,11.52771029262002,9.26740441624219,13.54551379783622,9.58324760785205,0.011736690695643636,0.002932594488752555,2.0178035052162,0.31584319160985963
C009611,B20,Memory_IC,CH-03,12.256989438852605,12.51996105521417,8.919760433607795,8.909864458064673,13.764666179492878,9.076892125859269,15.677572999020693,9.027440214744662,0.02192786072087864,0.0008164983102776974,1.9129068195278158,-0.04945191111460723
C009612,B20,Memory_IC,CH-03,12.859912833838845,12.910140044142388,8.984714367712236,9.016036717274686,13.17881751527952,9.09549152636349,14.80214253168183,9.207323225393125,0.013138906163468344,0.0013283785286002752,1.6233250164023083,0.11183169902963463
C009613,B20,Memory_IC,CH-03,11.042573189811074,11.116897690946546,8.578585603575533,8.656726752503108,12.462740797918492,8.946846282479969,13.086765565690602,8.995679069678909,0.013679638019055942,0.0023538355359430632,0.6240247677721094,0.0488327871989398
C009614,B20,Memory_IC,CH-03,12.166667079355122,12.542370752649882,8.042279423078813,8.086135669423358,13.632616392497937,8.310011633370616,16.08662979063167,8.355632905928589,0.02461290998598463,0.0018715085868418807,2.454013398133732,0.045621272557973214
C009615,B20,Memory_IC,CH-03,11.43230317021189,11.673618730872366,9.184686248025791,9.19897454796062,12.397032680996968,9.33020018170189,14.900280810379083,9.342276026508879,0.022407375552129977,0.0009951491565851252,2.503248129382115,0.0120758448069882
C009616,B20,Memory_IC,CH-03,12.039748258600255,12.10997989251099,9.406087100371357,9.441274229265945,13.00671058944046,9.594905845589372,14.300656273191205,9.638412903213982,0.015213030421390376,0.0013690185690835948,1.293945683750744,0.04350705762461082
C009617,B20,Memory_IC,CH-03,11.564471252224294,11.6441290841987,8.829413864396951,,11.692247465958394,9.071728913871487,13.743170578798052,9.140571200410704,0.01457667704582883,,2.0509231128396586,0.06884228653921731
C009618,B20,Memory_IC,CH-03,9.708434322267694,9.357829767256227,8.911695724396028,8.933432565161729,11.586252653369844,9.1905640550303,12.031964531106317,8.993985196309493,0.01857038030451451,0.0004205043829705879,0.44571187773647303,-0.19657885872080705
C009619,B20,Memory_IC,CH-03,14.558852165672295,12.520471543517564,9.526025328792953,9.429690571868584,11.191397963130408,9.243587425691368,12.665818179595384,9.242175918571707,0.0010093516394293037,-0.001302185092339419,1.474420216464976,-0.0014115071196609819
C009620,B20,Memory_IC,CH-03,11.639823003576048,11.685065968414552,8.833373181492222,8.819266617939148,12.099738893759916,8.915898617863435,13.585883335852863,8.914967332087722,0.013200120607210493,0.0006645882926984302,1.4861444420929466,-0.0009312857757137749
C009621,B20,Memory_IC,CH-03,12.764459053074052,12.728269840118555,8.977360455700573,9.04870876144477,13.221471984426554,9.249748065285347,14.255211142986692,9.359289236651918,0.010603759047695394,0.0021568088556051957,1.033739158560138,0.10954117136657082
C009622,B20,Memory_IC,CH-03,13.195996373200634,13.09912427773863,8.967013378250956,8.999701375232478,13.818718581578882,9.251524358124437,14.67702303874652,9.174827868094505,0.010957630284777019,0.0012161562004307453,0.8583044571676393,-0.0766964900299314
C009623,B20,Memory_IC,CH-03,11.945673098135364,15.414113800389703,8.852072257718376,8.999029571574987,39.70615118970524,9.842864058221506,36.85664389375975,9.92649538457013,0.14890645898173646,0.0064407348124662705,-2.849507295945486,0.08363132634862325
C009624,B20,Memory_IC,CH-03,10.649064353731044,10.929336066137605,9.31408482513914,9.287197066086865,11.197000174203174,9.395597659142055,14.31600361569582,9.4068517667531,0.023518524649709827,0.0008309354212932983,3.119003441492646,0.011254107611044617
C009625,B20,Memory_IC,CH-03,11.634412495367965,11.809740282163196,9.437059147688313,9.410014779162315,11.855017546935583,9.578539271411652,14.521998384587814,9.524830834423994,0.018835125711282073,0.0007973337170949933,2.666980837652231,-0.05370843698765704
C009626,B20,Memory_IC,CH-03,11.30572778697933,13.110879420604313,8.813821459225904,9.008670363139888,22.95767077784659,10.658507590942571,24.878430266772817,9.912963987616012,0.08171910309839239,0.006279816836639745,1.920759488926226,-0.7455436033265599
C009627,B20,Memory_IC,CH-03,11.838622298992792,11.947194093165743,8.66179184436392,8.669490649875762,12.93807698768995,8.935057318848788,14.245864412912967,8.783166981408664,0.015962988331577943,0.0007894189689784885,1.307787425223017,-0.1518903374401237
C009628,B20,Memory_IC,CH-03,11.483968598509191,11.565513282562932,8.576935074853456,8.5199289642669,11.978768435400491,8.698819564419633,13.27480423992593,8.676341429494546,0.01187007609279859,0.0010861976751919873,1.296035804525438,-0.022478134925087545
C009629,B20,Memory_IC,CH-03,11.495964343995082,11.806145557733798,8.576376682603499,8.626800788418736,13.037437462362456,8.718379787079332,15.172131638248093,8.901505709549925,0.023374903336904826,0.0019076730634110344,2.1346941758856364,0.18312592247059278
C009630,B20,Memory_IC,CH-03,11.90316445227051,12.79754651678102,9.090727801952395,9.2570464983514,17.55226885025465,9.988826126178152,19.38423457232485,9.973621849472785,0.045740889274609925,0.004976217716120729,1.8319657220702013,-0.015204276705366837
C009631,B20,Memory_IC,CH-03,10.78888603401212,10.990154160119436,8.76687716633223,8.810285699804998,11.972660480926784,8.842891485227204,13.86567414519801,9.043305067777386,0.019968888785267876,0.0016181900553638008,1.8930136642712263,0.2004135825501816
C009632,B20,Memory_IC,CH-03,10.993491844618765,11.200184801081717,9.271172837555952,9.368609055845656,12.20862758694918,9.690911352866085,14.109033373611222,9.777137478659313,0.020200337309232676,0.002837002936205948,1.9004057866620414,0.08622612579322819
C009633,B20,Memory_IC,CH-03,11.13597516357784,11.274596505741725,8.96786881107974,9.013469627476168,12.776983232677448,9.230649477786672,13.803522994321373,9.248398174837574,0.017561989504025335,0.0016314482455653196,1.0265397616439245,0.01774869705090154
C009634,B20,Memory_IC,CH-03,13.459211869194606,13.725434052905037,8.679323763387224,8.673740408188339,14.288980376367627,8.735299810840669,16.757433589715678,8.797858618887174,0.021055552338962787,0.0008619320187419128,2.4684532133480506,0.06255880804650538
C009635,B20,Memory_IC,CH-03,16.73915329732479,16.7309144615495,9.009277617704733,9.043367970911657,56.67993231560545,9.276875082685676,17.962905050082647,9.265002336113135,0.008555490198146855,0.0015391275361213738,-38.7170272655228,-0.011872746572541004
C009636,B20,Memory_IC,CH-03,15.170295668557978,14.941815987729411,9.436758523013944,9.46291211206567,16.1690697965677,10.069321523676408,16.32737181694407,9.605114438131412,0.009621915480657347,0.0009875161532343234,0.1583020203763681,-0.4642070855449951
C009637,B20,Memory_IC,CH-03,12.914105992883986,12.839058798777303,8.78288185233783,8.75934918535729,12.873898817409032,8.80110022959565,14.291198366068683,8.857472184798235,0.010084302550634576,0.0006814097183398907,1.417299548659651,0.05637195520258409
C009638,B20,Memory_IC,CH-03,12.90441428521278,13.458121010339651,9.903235741061204,9.967377251807424,17.760869153880407,10.383015860243653,18.437965942197355,10.313228204224108,0.03458225647123406,0.0024017427251158655,0.6770967883169483,-0.06978765601954429
C009639,B20,Memory_IC,CH-03,11.62600225660439,11.868187865902224,8.982648879825435,9.068438357042014,12.987235481738308,9.29940810802066,14.85919322740568,9.450365970039979,0.020770870565996222,0.0026522750902636424,1.8719577456673715,0.15095786201931816
C009640,B20,Memory_IC,CH-03,11.632011409499814,11.864150095421635,8.45377632907827,8.478831826262606,13.27218572226087,8.669677125953326,14.797940273577447,8.662883235879425,0.020373542903859804,0.0012781347890056865,1.5257545513165773,-0.0067938900739008545
C009641,B20,Memory_IC,CH-03,11.498648902421465,11.616727328443334,8.61658749268701,8.680761908544655,13.002706238246882,8.847874394436804,13.8447614779346,8.980845311363206,0.015472459371467129,0.0020839125195732697,0.8420552396877188,0.13297091692640173
C009642,B20,Memory_IC,CH-03,12.91905772699707,12.9392696155426,8.905576583704676,9.122701177220796,14.18278546268972,9.251691015692304,14.18311495097465,9.925621722617082,0.008637814829389238,0.005575837120807546,0.00032948828492962434,0.6739307069247786
C009643,B20,Memory_IC,CH-03,11.147415556245022,11.311327608563165,9.255760686847829,9.279082149818922,26.4785747738378,9.33580132371398,14.115387461232114,9.441382019959716,0.019472637865756592,0.0011270824315332921,-12.363187312605685,0.1055806962457364
C009644,B20,Memory_IC,CH-03,13.047464614883737,13.0274479477278,8.978481456933523,9.03393918145012,13.566728023118634,9.094624815631128,14.55771701018688,9.297176327899795,0.010626868489299156,0.0018280357392338464,0.9909889870682456,0.2025515122686663
C009645,B20,Memory_IC,CH-03,10.819577500871642,11.03382318096986,8.593357716370738,8.62735882426628,12.223467943427869,8.86273110640319,13.957639406034868,8.83202837741153,0.020304279340729228,0.0014213163412864678,1.7341714626069997,-0.03070272899165971
C009646,B20,Memory_IC,CH-03,10.869499245573897,11.664552300854508,9.247748554647028,9.312218326138966,17.48337732017979,9.847369092962266,18.06945228333545,9.672213435059179,0.044478472100562105,0.002499966034168145,0.5860749631556601,-0.17515565790308685
C009647,B20,Memory_IC,CH-03,13.623161116183692,14.585647085333948,8.613332805344246,8.816558925220535,21.78075331871556,10.14166761791748,21.11282981735651,9.68640382024134,0.04532765786126779,0.006040589548755588,-0.6679235013590521,-0.45526379767614067
C009648,B20,Memory_IC,CH-03,11.947697904890171,12.094422121433078,8.656408121919311,8.697326289432294,13.30765690956805,8.826435278186315,14.516797465608233,8.926192748793824,0.01682205100121635,0.0015893504122328483,1.2091405560401824,0.09975747060750884
C009649,B20,Memory_IC,CH-03,11.004703440880192,11.019977873429804,9.381209424178756,9.407302593511556,11.629833893270746,9.523473744906608,13.002121607265101,9.56149484061037,0.013764887040522897,0.0010707794937417667,1.3722877139943552,0.03802109570376189
C009650,B20,Memory_IC,CH-03,11.956603121601027,11.517831198609692,8.530554560707266,8.715834939419418,13.222721861680713,8.948615179661068,13.000936334454442,9.32781351968578,0.010299341221144101,0.0042498512518497344,-0.22178552722627032,0.3791983400247112
C009651,B20,Memory_IC,CH-03,11.91436025514114,12.06428862022155,8.658511007578495,8.673184940280306,12.570749157796504,8.717013394997634,14.576369306284445,8.814959577032058,0.01744500476432566,0.0009845460885538307,2.0056201484879406,0.0979461820344234
C009652,B20,Memory_IC,CH-03,12.358496717785346,12.462131848504832,9.275315422760704,9.316360983088604,12.974383235860447,9.578323229519247,14.767346375549211,9.539530282912377,0.016008434215585968,0.0015497868043317592,1.792963139688764,-0.03879294660687016
C009653,B20,Memory_IC,CH-03,11.582860068639617,11.69723763047659,8.218609392805845,8.285482762905211,12.611814766469733,8.482108832096591,13.770001040395263,8.598710959181679,0.014394190346657454,0.0021751958074754693,1.15818627392553,0.11660212708508766
C009654,B20,Memory_IC,CH-03,10.39570633677886,10.564215380212469,8.90287641775411,8.934678611126607,11.277507030185054,9.073763245265944,13.353600635312967,9.121896413497414,0.019370730938197904,0.0013001236275750462,2.0760936051279124,0.048133168231469625
C009655,B20,Memory_IC,CH-03,11.780048497700928,11.925996214322977,8.537718240473078,8.531059073399836,12.902246061094822,8.529067035844582,14.380664058211721,8.631934290836414,0.017046304471449614,0.0007005223433095656,1.4784179971168996,0.10286725499183191
C009656,B20,Memory_IC,CH-03,13.043947501882757,12.328664909853762,8.746879915688941,8.78373387078472,13.850564514795236,8.771708802758376,13.994665410336069,8.858692574796333,0.011569447920016018,0.0005205465556361958,0.1441008955408325,0.08698377203795715
C009657,B20,Memory_IC,CH-03,12.59874445430787,16.543327494688462,8.670760674805885,8.838227097051968,42.048441623932064,9.44302279311801,40.519261774931884,9.896694253385514,0.16649954361280153,0.007350466363427399,-1.5291798490001796,0.45367146026750405
C009658,B20,Memory_IC,CH-03,11.777218815485783,11.840153773694668,8.703566343993783,8.714719751072044,12.463252609922648,8.9720651429748,13.882385347655179,8.834390682989723,0.0141821637080591,0.0008310481383172105,1.4191327377325305,-0.1376744599850781
C009659,B20,Memory_IC,CH-03,11.493079009607904,11.673168742783965,9.239500881674676,9.297999229813282,12.303071179766755,9.473406744590514,14.4554363990376,9.58019011396542,0.019321303168428023,0.0019596589177231813,2.1523652192708447,0.10678336937490585
C009660,B20,Memory_IC,CH-03,12.118325653496356,13.884457795893416,8.726672343577278,8.918388794769115,25.608582317543217,10.29406379439495,25.296773759808396,9.819028400906545,0.07925219419385403,0.006254441709287708,-0.3118085577348211,-0.4750353934884046
C009661,B20,Memory_IC,CH-03,11.563149967330643,11.642749293012166,8.656391117032072,8.736132196755506,12.374893484680056,8.92435068382992,13.613361046966087,9.08401429908112,0.013684803846902231,0.00241584793281677,1.238467562286031,0.1596636152512012
C009662,B20,Memory_IC,CH-03,11.5641495262941,11.67550192228989,8.842851050190147,8.85286927015698,28.0997192454826,9.018217419089709,14.057352944790349,8.971480798520934,0.016540632100697634,0.0008236911691941308,-14.042366300692251,-0.046736620568774256
C009663,B20,Memory_IC,CH-03,13.01307841886217,13.12886183401639,8.952513021199666,8.953091413491098,14.276201149844145,9.037600933848124,15.449149667400984,9.051285612554821,0.01611310995405968,0.0006819041601647443,1.17294851755684,0.01368467870669754
C009664,B20,Memory_IC,CH-03,14.570058236865252,12.755115241278594,9.3703135787742,9.221774738384733,11.486405335643298,9.105923605482912,12.52696290504085,9.130543183461926,-0.001584391223873216,-0.0006335524647417144,1.0405575693975528,0.024619577979013485
C009665,B20,Memory_IC,CH-03,11.41923963137726,11.35162625800964,9.08458648137,9.061534541272293,11.808988387280133,9.17233995195456,13.076527468206471,9.144692002852844,0.011978480626366885,0.0005774823720871631,1.2675390809263387,-0.027647949101716307
C009666,B20,Memory_IC,CH-03,11.470380032116989,11.50132167840168,8.597949037052228,8.586642657985726,11.696879971802954,8.681869325120537,13.29667423611588,8.67865184380275,0.012467726095237497,0.0006389526792848951,1.5997942643129264,-0.0032174813177867634
C009667,B20,Memory_IC,CH-03,14.992630125174278,13.717948529698347,9.055787262045282,8.893339786570047,11.277290968512308,8.782184642408133,13.258116615859722,8.939087997323558,-0.0031932771794348997,0.00031769590801048836,1.9808256473474142,0.15690335491542484
C009668,B20,Memory_IC,CH-03,10.543216395631228,10.819936710980055,8.892948401815177,8.946186326456509,11.265854931316476,9.147735819998974,14.169951419121556,9.216461062278782,0.023263991028760422,0.0018769078876546736,2.904096487805081,0.06872524227980747
C009669,B20,Memory_IC,CH-03,11.960486371241997,12.060939872084171,8.91857135327842,8.95013174314343,12.762933788868182,9.174157346999158,14.309726063609114,9.14131622173421,0.015616570774478767,0.0013276699902137448,1.5467922747409322,-0.03284112526494809
C009670,B20,Memory_IC,CH-03,11.838325901411292,12.425619512064484,9.283944592688409,9.336272020956176,16.588144114776924,9.670748140997034,17.558212952784412,9.643236794287276,0.035643010004999504,0.0021316998147993013,0.9700688380074887,-0.0275113467097583
C009671,B20,Memory_IC,CH-03,,12.100486307092016,9.214179449467284,9.287460026480076,12.840410415092313,9.486643993628384,15.019158377850435,9.629244133311865,0.020268556046933464,0.0023735007418874193,2.1787479627581217,0.14260013968348062
C009672,B20,Memory_IC,CH-03,11.72069783201103,11.749941379708098,8.226309454253823,8.243337444827723,12.955823840018011,8.314931857735365,13.461496213295513,8.381449594755134,0.011885797455468163,0.000959112152273684,0.5056723732775019,0.06651773701976893
C009673,B20,Memory_IC,CH-03,12.319309604417768,12.66978358146503,8.92861772816298,8.959179317778592,29.92163562397144,9.092305301650724,16.334877381514193,9.176176129617659,0.02545204027811919,0.0015069223044379657,-13.586758242457247,0.08387082796693512
C009674,B20,Memory_IC,CH-03,11.196018756729986,11.978182243096592,9.090009924238576,9.23304640405137,16.346263634663448,10.089976888188326,18.045720433632994,9.854767310787437,0.04213568187872501,0.004317506296778246,1.6994567989695462,-0.2352095774008891
C009675,B20,Memory_IC,CH-03,12.311987820711622,12.311109461165742,9.454563640105006,9.516690962804796,12.830430530848476,9.687350620807957,14.027361839230426,9.795970655161211,0.011918419292115864,0.0019394423080306576,1.1969313083819504,0.10862003435325462
C009676,B20,Memory_IC,CH-03,13.066754245212058,13.556939067450514,8.984092450777842,8.993785118284356,14.468622361960854,9.054523433925842,18.01817590540649,9.162513137375527,0.03098081137469428,0.0011717223547997992,3.5495535434456364,0.10798970344968417
C009677,B20,Memory_IC,CH-03,11.492583939055224,11.628486446286876,8.756242612976509,8.791493308992477,20.34085493325444,9.13242214440731,14.073886698601477,8.996222608685823,0.01698194619662917,0.0014217312478704588,-6.266968234652964,-0.13619953572148624
C009678,B20,Memory_IC,CH-03,10.958812742339967,10.93719420808152,9.014763503719388,9.068856687889983,11.27562119365754,9.17860080591943,12.699909428331328,9.311591629215817,0.012241077918401443,0.0016856593147627343,1.4242882346737868,0.132990823296387
C009679,B20,Memory_IC,CH-03,13.01236011767573,12.672934777973891,8.902012266283688,8.920322156415805,14.269718027440843,8.993664179642675,14.350274065943559,9.002103151717101,0.011648189499789359,0.0005679235784812207,0.08055603850271531,0.008438972074426232
C009680,B20,Memory_IC,CH-03,12.17061246914258,12.372724820586216,9.31044645815176,9.328002798516508,13.59777721388914,9.564473050385336,15.326038850795303,9.482923900339367,0.02050912520978533,0.0010758409848809676,1.7282616369061632,-0.0815491500459693
C009681,B20,Memory_IC,CH-03,17.392974913796756,17.482759967567784,8.596784679107008,8.689206855060947,18.21709776005581,9.264722105726396,18.910708304207468,9.124133628789195,0.009916307893331137,0.0030203248175572814,0.6936105441516567,-0.1405884769372001
C009682,B20,Memory_IC,CH-03,11.564179133928098,12.616788027365107,8.916525368851831,9.145387164521754,54.13703441913781,10.524135468878717,19.946192623353262,10.08465937429937,0.05089864302769552,0.006522723679011226,-34.19084179578455,-0.4394760945793461
C009683,B20,Memory_IC,CH-03,11.890239952965477,11.907749972355946,8.686349243432407,8.66815102217506,12.480396555824154,8.725489722452815,13.553086351360042,8.769473698266582,0.011425947076417333,0.0007036296950800139,1.0726897955358883,0.04398397581376656
C009684,B20,Memory_IC,CH-03,12.146783324312064,12.89508876514723,9.323877769360257,9.424311390068922,17.564737950393376,10.0424352068419,18.833907364156936,9.908232234537051,0.04124179582645629,0.00336056141991756,1.26916941376356,-0.13420297230484834
C009685,B20,Memory_IC,CH-03,12.296165155056682,14.691658024937508,9.03207386955336,9.401619208592845,26.89649705194456,10.988836682719157,29.418405197350452,10.951450539997843,0.102269077586201,0.01076271757920138,2.5219081454058916,-0.037386142721313576
C009686,B20,Memory_IC,CH-03,10.449841376666848,10.432522896040382,8.882902283184418,8.881425701161197,10.908275107544132,8.875426622569211,12.324552298045235,8.945253545665903,0.013139093069478148,0.0004432489201715696,1.4162771905011038,0.06982692309669147
C009687,B20,Memory_IC,CH-03,9.95653468105932,10.133032564945644,9.36681189376098,9.415691526821508,19.06675126729196,9.680088141345552,13.101029435601236,9.653035430776455,0.020611089379552718,0.0016482215552426904,-5.965721831690724,-0.027052710569096305
C009688,B20,Memory_IC,CH-03,12.318369298041803,12.414435568343944,9.172814455159545,9.209579061891354,12.991877256880256,9.329278149906456,14.661068674090266,9.418334008619304,0.015601618789905021,0.0014496871300552093,1.6691914172100102,0.08905585871284849
C009689,B20,Memory_IC,CH-03,13.24698657365568,13.558106692121743,8.685014282529666,8.728849827377157,14.767837971838311,8.982267001792284,16.804452407121122,8.994711849718772,0.022544067465273463,0.0018462640440389934,2.036614435282811,0.012444847926488478
C009690,B20,Memory_IC,CH-03,11.899915551359172,12.16819918271826,8.633770076530988,8.696148545318605,13.307119729498032,8.789738158834577,15.237044284751637,9.008910621935819,0.02131142431967623,0.002171958865397314,1.9299245552536046,0.21917246310124128
C009691,B20,Memory_IC,CH-03,12.326310219407082,12.529876348860332,9.7789804691843,9.796880481411703,13.777128873119512,9.955818035817154,15.598490473308622,9.951540081367474,0.02130982030866868,0.0010740249996928537,1.8213616001891104,-0.004277954449680266
C009692,B20,Memory_IC,CH-03,11.43970432681216,11.777974238884708,9.019260127141392,9.076384202886372,12.663625740163123,9.220144198066594,15.422569580051274,9.371974207591474,0.025309689869212264,0.002052708366007658,2.7589438398881505,0.1518300095248808
C009693,B20,Memory_IC,CH-03,15.145651886513267,12.281449111148104,8.75139521653459,8.652908081301197,11.154801630991551,8.518847546113182,11.232319614530697,8.363807292233574,-0.007285621504287552,-0.0020076443685251607,0.07751798353914552,-0.15504025387960851
C009694,B20,Memory_IC,CH-03,,12.150482488856449,9.429990667471028,9.491034376562244,13.106225607992954,9.71678161463648,15.17524925007054,9.792093961340347,0.021005324730653405,0.0020906915609590535,2.0690236420775854,0.07531234670386766
C009695,B20,Memory_IC,CH-03,12.04088320069409,12.094223826243104,8.659278646236773,8.720753016339621,12.855658084320291,8.934481965932978,13.915400913909139,9.008730429967109,0.01264706310879191,0.0019998431501908856,1.0597428295888474,0.07424846403413099
C009696,B20,Memory_IC,CH-03,12.745999068354188,12.906317527528923,9.459631864780263,9.507384476943814,12.67944554286218,9.727781279655431,15.538678978677638,9.76008144972839,0.018280287855199404,0.0017548400887817703,2.859233435815458,0.03230017007295771
C009697,B20,Memory_IC,CH-03,16.689536530145507,16.59995960416663,8.691747552199494,8.771264010705764,17.20049090556058,9.30938254420158,17.549549384738683,9.131467132479154,0.006594373476194799,0.002501410567870763,0.34905847917810107,-0.17791541172242553
C009698,B20,Memory_IC,CH-03,11.627593252008367,13.235532302591013,9.23188791713416,9.504751437439818,23.841065377026684,10.862292373929774,23.79996313752593,10.64087470374313,0.07336410302038136,0.007889744904884107,-0.041102239500755644,-0.2214176701866446
C009699,B20,Memory_IC,CH-03,11.014557157800466,10.915613878733163,9.07092034795768,9.122405550644231,23.842008784764943,9.369082264884804,12.794050189794657,9.34143352435055,0.013044696604593706,0.0015210275951827753,-11.047958594970286,-0.02764874053425359
C009700,B20,Memory_IC,CH-03,11.354853090870472,12.4455152370311,8.950997751354006,9.122303720705078,19.241095496111832,10.105105349202232,20.170320347906177,9.872803607415873,0.053644479936632475,0.005211804768824966,0.9292248517943449,-0.2323017417863582
C009701,B20,Memory_IC,CH-03,11.891986605217571,16.53537073035285,8.537445498257277,8.628622040896747,44.57631960434258,9.31050986404505,44.826093733440274,9.497781106419769,0.19646335418810712,0.006035826843909871,0.2497741290976947,0.18727124237471848
C009702,B20,Memory_IC,CH-03,12.260501779080451,12.435956258526458,8.862386848609427,8.854173676594,13.260713337365535,8.971862145866748,15.085878960453531,8.961083539720011,0.018402240985604675,0.0007424296050417464,1.8251656230879956,-0.010778606146736536
C009703,B20,Memory_IC,CH-03,11.68129709267402,11.646632264532125,9.631684029142482,9.64347192395889,12.484243565163588,9.693814594031252,13.603440633979723,9.746180713359252,0.013588947010052766,0.0007132554819469567,1.1191970688161348,0.05236611932799917
C009704,B20,Memory_IC,CH-03,10.815530258357803,10.823791018397287,9.1981440450135,9.244140059941987,11.851287227128111,9.410622951547325,12.689472005973785,9.46278063771328,0.012956117969281237,0.0015183373456339774,0.8381847788456742,0.0521576861659554
C009705,B20,Memory_IC,CH-03,11.842503282044156,14.124021916485606,8.855230239150664,8.983065545014707,26.817050760348515,9.626502193260364,28.75906194824931,9.721129388683464,0.10163222244280351,0.0051254433588108095,1.9420111879007962,0.09462719542309905
C009706,B20,Memory_IC,CH-03,10.83310465754796,12.17536543792556,8.859376954796913,8.938028335358515,19.79202635132357,9.370347901243118,21.61651354709811,9.404169337438843,0.06556352853592047,0.0032370902922244957,1.8244871957745374,0.03382143619572453
C009707,B20,Memory_IC,CH-03,12.067494678272917,13.179811649469483,9.49478872149819,9.5942959116612,19.303336234030127,10.369805909523595,21.28753271984944,10.11101186684968,0.05630361854430526,0.0035883052443644375,1.9841964858193144,-0.2587940426739159
C009708,B20,Memory_IC,CH-03,11.973347574065766,12.022896146413816,8.787720622577892,8.819207183251983,12.53775842291785,9.024880719545068,13.940463500288681,9.005795796910625,0.013316439957464343,0.001295754261518351,1.4027050773708307,-0.019084922634442947
C009709,B20,Memory_IC,CH-03,12.951640004217404,13.152092287987973,9.07666559076572,9.082231135801331,14.007996863480043,9.157534650628516,15.986623786078342,9.20486404547234,0.019684246514516453,0.0008516174282708899,1.9786269225982984,0.047329394843822925
C009710,B20,Memory_IC,CH-03,11.75532591999732,11.715948299138226,9.517601570233158,9.560544737672826,12.62597926496788,9.642238637674463,13.574861181740024,9.765256507102306,0.012909117240290265,0.0014216095099269428,0.9488819167721445,0.12301786942784254
C009711,B20,Memory_IC,CH-03,11.500536362561286,11.922419743273585,9.093570464277953,9.158901685736636,13.483161676912347,9.35719243205507,16.047994855620047,9.490072033635384,0.028649827169072654,0.002299794082630196,2.5648331787076994,0.13287960158031353
C009712,B20,Memory_IC,CH-03,10.92784095418339,10.934116295056908,9.531217909850689,9.61800548563611,11.607430939356837,9.75472413369862,12.786695762066902,9.967883614461217,0.0128651351875694,0.0024297092279521345,1.1792648227100653,0.21315948076259694
C009713,B20,Memory_IC,CH-03,13.252668070353415,13.543495570790816,9.084210330155868,9.108113685091787,14.247726850746076,9.299190744088392,16.82975227246795,9.303112884316285,0.022821227094980096,0.001354161105725677,2.582025421721873,0.003922140227892612
C009714,B20,Memory_IC,CH-03,10.612117591103509,10.606242859253909,8.827384231840766,8.892386947799169,11.209352229268095,9.153022488341437,12.301427248085464,9.173345491976454,0.011772113811330242,0.001951101001231143,1.0920750188173685,0.020323003635017045
C009715,B20,Memory_IC,CH-03,16.751410134552586,15.014512558294758,9.190883743272028,9.099556434517767,13.878301439764918,8.94791210998516,13.82996578384549,9.002071616269523,-0.008226019267008809,-0.0006769779045016941,-0.04833565591942879,0.054159506284364056
C009716,B20,Memory_IC,CH-03,12.550614235982176,12.624232327799,9.119489153242206,9.246814753679663,13.73822825506795,9.473487060554598,14.497883786352375,9.753217183744576,0.01301146846217622,0.0035166835421174517,0.7596555312844249,0.27973012318997803
C009717,B20,Memory_IC,CH-03,11.677286987293758,,9.173294308246811,9.157960623513816,12.985604989930184,9.291435904983985,14.415488813929995,9.260047696354487,,0.0007089380058379952,1.4298838239998108,-0.03138820862949743
C009718,B20,Memory_IC,CH-03,11.372022769648575,11.4897641440486,8.778452360502815,8.807270866766807,12.572859797826744,8.875591749972347,13.863543651658219,8.987730088414375,0.016484579913955688,0.0012531890392192269,1.2906838538314744,0.11213833844202803
C009719,B20,Memory_IC,CH-03,11.62243874100616,11.821419313711788,8.727140049003145,8.739521843807173,12.277143159270086,8.890710460299491,14.669516990120192,8.876198370896036,0.019778456086169474,0.0009491425492282138,2.392373830850106,-0.014512089403455164
C009720,B20,Memory_IC,CH-03,11.158655233337528,11.377939679369058,9.012659749275969,9.002472661120876,12.160819509436063,9.137768023192107,14.41173698299064,9.106374246512763,0.021068036830705423,0.0007215387874436566,2.2509174735545763,-0.0313937766793444
C009721,B20,Memory_IC,CH-03,12.648700492117198,17.509910172283252,9.28412880245302,9.444194577416823,49.49341927931368,10.327061555077387,47.00461612504279,10.567098690750905,0.20482434689416343,0.007797945231486679,-2.48880315427089,0.2400371356735178
C009722,B20,Memory_IC,CH-03,11.729002906475698,11.773698794900367,9.174040125888544,9.474941793538164,13.321941544687467,9.632379119040763,13.184767473344731,10.54192317925962,0.009799088044752527,0.0074095929563989926,-0.13717407134273607,0.909544060218856
C009723,B20,Memory_IC,CH-03,11.160139493131895,11.258755319807142,9.64461510454258,9.674596358615458,12.19968086505804,9.850526539775167,13.772462102908433,9.849533440707392,0.01745629710487008,0.001214840847860647,1.5727812378503927,-0.0009930990677755602
C009724,B20,Memory_IC,CH-03,12.300310151180897,12.884280347074885,8.382137455686324,8.468470769530244,15.163164213739204,8.923818942011556,17.59878294924457,8.900230247352308,0.03273960140395614,0.002998329707097668,2.435618735505365,-0.023588694659247622
C009725,B20,Memory_IC,CH-03,17.511807871992445,17.63807361898924,8.332014387530748,8.438150245024387,18.05895439656805,8.662097950896486,19.141637578901662,8.927071814216243,0.010441416388280715,0.003395288674943443,1.0826831823336107,0.2649738633197565
C009726,B20,Memory_IC,CH-03,12.32116815221286,12.306842967334967,9.393105125172411,9.443363800385216,12.225317365100809,9.752454615523687,14.037425327228583,9.681865233612996,0.012017933054816774,0.0016562599529706956,1.812107962127774,-0.07058938191069153
C009727,B20,Memory_IC,CH-03,11.360518957938533,11.50573688715874,8.84350045882476,8.810136742747966,12.72390559486158,8.981143871300516,13.861171022839835,8.936519774366012,0.016357181497785384,0.0008776599417919836,1.1372654279782548,-0.044624096934503754
C009728,B20,Memory_IC,CH-03,11.904383835312112,12.580255653778451,8.688698828753605,8.812949239552657,13.176124189678475,8.760888648205723,17.866391069183138,9.373420912346216,0.0367092737180881,0.003892164394399717,4.690266879504662,0.6125322641404924
C009729,B20,Memory_IC,CH-03,13.219371756806384,17.707702261706245,9.011086232649918,9.165054871136046,61.07373784313432,10.173404317791237,44.874365226536405,10.241140390787717,0.18865738170020943,0.0074728161086921535,-16.199372616597913,0.06773607299647999
C009730,B20,Memory_IC,CH-03,12.484921260108909,12.64335407713432,9.039503913470154,9.06776216215342,13.23074418051944,9.19190880792266,15.217812619311363,9.257318231884302,0.01787818432067391,0.0013163615953533474,1.9870684387919226,0.06540942396164162
C009731,B20,Memory_IC,CH-03,10.612603036949343,10.79555836884623,9.614491231059338,9.64384698024416,11.411610804135565,9.95027733821406,13.845229411670177,9.821414143237487,0.021178271130721855,0.0012331052985647714,2.433618607534612,-0.12886319497657261
C009732,B20,Memory_IC,CH-03,12.481906803818449,12.695130588210102,8.49137386481213,8.467030229662557,13.99136377363254,8.52207261082994,15.314204323467512,8.604216981955398,0.018188012050398685,0.000952685779811397,1.3228405498349733,0.0821443711254588
C009733,B20,Memory_IC,CH-03,13.269830971323984,13.486949503409656,9.0862510701976,9.093017307404471,14.42569388684011,9.35346750237981,16.386585580387994,9.223778290393952,0.0201363616456829,0.0009080623818713921,1.9608916935478842,-0.12968921198585903
C009734,B20,Memory_IC,CH-03,12.214340367142745,12.323513689991612,8.791680810043042,8.79834935439142,12.64835355180148,8.961555968968765,14.625850371690952,8.910803350124684,0.01598844917846763,0.000780930525925452,1.9774968198894722,-0.050752618844081
C009735,B20,Memory_IC,CH-03,11.944596941544589,12.192533976197334,8.941932683952055,9.02537562694446,13.626858566725607,9.263609557119032,15.17883439270474,9.4030787541908,0.020738197336856987,0.002622938383655139,1.5519758259791328,0.13946919707176697
C009736,B20,Memory_IC,CH-03,12.416709167223942,13.847845880815177,9.333776663951744,9.439474609857402,20.89416894888538,9.77286314599242,23.695643117732203,10.015412933788665,0.06838748081192379,0.003999571693967104,2.8014741688468234,0.24254978779624636
C009737,B20,Memory_IC,CH-03,12.00918403996271,12.323105935481088,8.928190728679372,8.962312530023668,13.929426059721294,9.16740470414865,15.798940451023563,9.184736307095378,0.024137739691267188,0.0015446095629979809,1.8695143913022694,0.017331602946727642
C009738,B20,Memory_IC,CH-03,11.60727215934802,12.004187586749351,8.941130441469198,9.050356550217858,11.525510064509431,9.321212911130033,15.824928526389941,9.526107156121851,0.02653292319194854,0.003303823652111065,4.29941846188051,0.2048942449918183
C009739,B20,Memory_IC,CH-03,12.813306177630404,12.977092927190226,9.067273185879507,9.143895236285044,13.430206236213326,9.334819346605329,15.446579708143318,9.495596258746584,0.017149213756618695,0.0024423682115384754,2.0163734719299917,0.16077691214125522
C009740,B20,Memory_IC,CH-03,11.96932133075106,12.877516740138953,9.17223192058208,9.296739690292975,17.742014506561212,10.11069028440736,19.659487770449303,9.876710201828198,0.04709702104382188,0.004027572996772378,1.9174732638880911,-0.23398008257916203
C009741,B20,Memory_IC,CH-03,11.620712301868906,11.853308527283223,9.10292516719024,9.142869724325474,12.170393411827538,9.269397996520905,14.930851974190128,9.371633416510953,0.02137182949240906,0.0015886367512880516,2.76045856236259,0.10223541999004837
C009742,B20,Memory_IC,CH-03,12.098279932646616,12.178456115133535,8.600680984540057,8.635105775737253,13.06064124623111,8.819133676757323,14.202779530899704,8.836932001121276,0.014057801498376174,0.0014015710096112713,1.1421382846685937,0.017798324363953455
C009743,B20,Memory_IC,CH-03,12.763271111324112,12.79704610359604,9.014736287209576,9.062627901814286,13.098209320998844,9.087719853536225,14.572456268149523,9.305860636487614,0.01232923725384363,0.001689116213009218,1.4742469471506787,0.21814078295138906
C009744,B20,Memory_IC,CH-03,15.685693245054589,15.678803488512555,9.165497010105256,9.189649329754852,16.25933362665078,9.472323777149075,17.07748125639379,9.370082813941991,0.009713040054730789,0.0012530103068551328,0.8181476297430095,-0.10224096320708398
C009745,B20,Memory_IC,CH-03,10.164313359187425,10.318555606455138,8.50591000433723,8.52684381001513,11.436974676749935,8.720741982814285,12.968065425692028,8.67741037586695,0.018399373744700624,0.0010456011517487502,1.531090748942093,-0.04333160694733529
C009746,B20,Memory_IC,CH-03,11.628890764127542,11.629500730806525,8.785043746745254,8.864537167188887,12.41345850548552,9.105525938550018,13.175902488552058,9.202496385900817,0.010738901095455092,0.0023469390188328473,0.7624439830665377,0.09697044735079885
C009747,B20,Memory_IC,CH-03,13.655771973864754,13.58788433775706,8.829449969006852,8.861774440493273,14.861960144279177,9.037712439062933,15.068730262689838,9.045466550293058,0.010283652256477625,0.001275639651387402,0.2067701184106614,0.007754111230125815
C009748,B20,Memory_IC,CH-03,11.74893554631612,12.06688589834972,8.18390815500008,8.211221192267004,13.265026870044965,8.402802892063441,15.406803793691006,8.414568866416328,0.023193874273203383,0.0014121366260369712,2.1417769236460416,0.011765974352886843
C009749,B20,Memory_IC,CH-03,17.221584474756796,17.277930387301584,9.077765687693876,9.09571138101027,17.935907821836878,9.325262091241015,18.851751513872436,9.27501906918058,0.010929313378964252,0.0012451922789604843,0.9158436920355584,-0.050243022060435294
C009750,B20,Memory_IC,CH-03,12.618722472556296,12.634626412340191,8.61951398855902,8.497496075945257,13.867982256267371,8.792452927634038,13.340957790474064,8.736432547295003,0.004905079014818564,0.001659281051039901,-0.527024465793307,-0.056020380339035114
C009751,B20,Memory_IC,CH-03,10.067040471997972,10.033876409007885,9.407113944572606,9.334779257166057,10.51513402676656,9.464577691878327,11.583614277364294,9.456038245527955,0.010762068530252843,0.0008420763080687374,1.0684802505977338,-0.008539446350372515
C009753,B20,Memory_IC,CH-03,11.598434605467768,11.759737928939524,8.621376556920083,8.63113722695882,12.203683783146776,8.745967696716383,14.371109776112686,8.75558288861531,0.01813452671648029,0.0008642059837256201,2.16742599296591,0.009615191898927122
C009754,B20,Memory_IC,CH-03,11.019975013228915,11.954301046401396,8.683078523385467,8.69529645741481,17.684710996245997,8.970545374192195,19.119856620720526,8.902737993750627,0.04976080259943841,0.0014405662245542776,1.4351456244745293,-0.0678073804415682
C009755,B20,Memory_IC,CH-03,12.686836845874335,12.942966918618843,9.02318796832868,9.047985120347573,14.159235909904735,9.133260278947082,16.065899402137696,9.238197620375905,0.021687031135547583,0.0013209201390856412,1.9066634922329602,0.1049373414288226
C009756,B20,Memory_IC,CH-03,9.612477422422277,9.61070689097347,8.860863316170743,8.922318543893017,10.066543682516151,9.19745346048393,11.412483347290369,9.184768238189696,0.01251233650220069,0.001822567321504715,1.3459396647742174,-0.012685222294233967
C009757,B20,Memory_IC,CH-03,11.51287689347682,11.610656928310974,8.485313900290208,8.536342778270125,12.676528320027469,8.69265358116164,13.716189001201023,8.791842088642843,0.0146217505061809,0.001774300766477209,1.0396606811735545,0.09918850748120356
C009758,B20,Memory_IC,CH-03,10.847561114974562,11.016711381469642,8.54477936348287,8.581142035172812,12.26430591958114,8.775633715115234,13.656160768466032,8.789622979601656,0.018329509631919372,0.0014477843363114183,1.3918548488848916,0.01398926448642257
C009759,B20,Memory_IC,CH-03,11.026492921047543,11.702335660939324,8.5558879172983,8.561572426275436,16.075052863346794,8.879052214387208,17.350387522520695,8.721427551835845,0.03922258237209285,0.0011101050386139485,1.2753346591739003,-0.15762466255136331
C009760,B20,Memory_IC,CH-03,11.28441872603128,12.581625953836475,8.97941476579905,9.262466021534824,21.5169126524935,10.757199890604063,21.25852764729035,10.401853614201205,0.06025626176009635,0.007912413837960978,-0.25838500520314867,-0.35534627640285876
C009761,B20,Memory_IC,CH-03,15.698771071606224,14.220761793603314,9.58670599423908,9.54540121078867,12.027857053574694,9.350951197181985,14.353323099752153,9.421629996536815,0.0009205646260336017,-0.0008595223211934374,2.325466046177459,0.07067879935483035
C009762,B20,Memory_IC,CH-03,12.005722594298623,12.089567237156611,9.255418689326422,9.286368234567751,12.81888524496168,9.555007323913305,14.33057639109931,9.471832867807432,0.015562563569046518,0.0012879488419422274,1.5116911461376308,-0.08317445610587271
C009763,B20,Memory_IC,CH-03,10.702505516009396,10.886472586279368,8.645898445444617,8.683245369943466,11.548410203566135,8.863931686844172,13.651567381147649,8.894637604320591,0.019202047186585285,0.0014680016276189286,2.1031571775815134,0.030705917476419486
C009764,B20,Memory_IC,CH-03,11.198813316249804,11.252370582149652,8.351760429180432,8.363980138513446,12.357615163051404,8.516167960595942,13.200483782890215,8.483931930932192,0.013528563894031688,0.0008329985584635145,0.8428686198388107,-0.03223602966374983
C009765,B20,Memory_IC,CH-03,12.41296858613556,12.73983265493648,8.838719459129617,8.89971571129624,14.26392732714053,9.068364068902094,16.16015905777044,9.216262658773363,0.02375226668634694,0.0021982426908133557,1.8962317306299088,0.1478985898712697
C009766,B20,Memory_IC,CH-03,12.429522937460025,12.468323497314318,9.130294173015308,9.1468645193167,12.810756763754055,9.359537070931935,14.407798804887427,9.284251435361584,0.013468578524813264,0.0009540758058672481,1.5970420411333723,-0.07528563557035106
C009767,B20,Memory_IC,CH-03,13.377825492776385,13.730904363478013,8.618378641043947,8.68528919697409,14.34209799191234,8.910233127487254,17.12769450321635,9.033934074776683,0.023588820414849568,0.002421144984740232,2.7855965113040106,0.1237009472894286
C009768,B20,Memory_IC,CH-03,10.81579689588862,10.888831600014097,9.112785017130967,9.09271491588827,11.491954064025665,9.198134803159263,13.054554191919742,9.188445639286432,0.01503974022156698,0.0006647966902650163,1.5626001278940773,-0.009689163872831585
C009769,B20,Memory_IC,CH-03,11.554478669950296,11.807991904682003,9.416842077441972,9.489836452063818,12.644343672108787,9.704651789082249,15.029755901479948,9.826086553472152,0.022373361088874617,0.0023350701486689854,2.385412229371161,0.1214347643899032
C009770,B20,Memory_IC,CH-03,11.145444956548682,11.022408153712451,8.446418045486816,8.450917783548674,11.763833859071982,8.580419200293866,12.858998253438985,8.514765677334179,0.012754097914767596,0.0004433881512882302,1.0951643943670035,-0.0656535229596873
C009771,B20,Memory_IC,CH-03,10.804523834463016,10.767200600466818,9.125569553893554,9.121983071826072,11.37583777378804,9.154580534330876,12.69537422700143,9.185401207278776,0.013390094628712582,0.00044040371842155344,1.3195364532133897,0.030820672947900363
C009772,B20,Memory_IC,CH-03,10.761945492100937,11.010132809692688,8.80484151556542,8.802851097862249,12.408828366854848,8.922724423160023,14.263024053959626,8.898804043996442,0.02258952252963151,0.0006663399037096784,1.8541956871047773,-0.023920379163580918
C009773,B20,Memory_IC,CH-03,11.859954994597974,16.856704609593308,9.22877655941425,9.416067649261851,46.88588914351595,10.34643464068808,47.19922011559815,10.629681325759012,0.21071191323614474,0.008427872753452506,0.3133309720821984,0.28324668507093165
C009774,B20,Memory_IC,CH-03,11.923812707735095,12.188031849226917,8.634442099790318,8.644595888221806,13.703338483698843,8.8016473590545,15.366087192214831,8.783579280933312,0.022069828770749405,0.0009651624493854557,1.6627487085159878,-0.018068078121189046
C009775,B20,Memory_IC,CH-03,11.162007672545862,11.5449064192998,9.471669640704544,9.48532557168204,12.463707364102085,9.660514254749652,15.695847053641351,9.637440689735902,0.02882597662737189,0.001056354986485153,3.2321396895392667,-0.023073565013749686
C009776,B20,Memory_IC,CH-03,11.956781492676868,12.06324051119914,8.637348134729603,8.700022527630438,53.002874369307946,8.949047110029074,14.190245023587442,8.997156412147291,0.014770864669363207,0.002063429753589258,-38.8126293457205,0.048109302118216846
C009777,B20,Memory_IC,CH-03,10.599526610194024,10.691363335959553,8.794429445439754,8.803936661164112,11.622185631273451,8.858364720847739,13.040735733598975,8.911849275361778,0.016315086094718212,0.0007493931541504573,1.4185501023255238,0.05348455451403922
C009778,B20,Memory_IC,CH-03,11.868569294104246,12.310069048197192,9.073567818855286,9.100490048952082,16.268958416987903,9.37124675291338,16.59469725858643,9.310461005874336,0.029754362572147475,0.0014581316452934282,0.3257388415985254,-0.060785747039044935
C009779,B20,Memory_IC,CH-03,11.238415071680302,11.304853726214954,8.98792967716838,9.00550232236963,12.62981077869676,9.21211567048685,13.476911150289293,9.141133157410342,0.015083732111627354,0.0009418807988938398,0.8471003715925338,-0.07098251307650827
C009780,B20,Memory_IC,CH-03,10.800539508065818,10.73049361961885,8.320802117375113,8.326168604700706,10.98788412939576,8.443331449923487,12.51583009191788,8.401197957634754,0.01239816994652105,0.0005210371731531049,1.5279459625221214,-0.042133492288733976
C009781,B20,Memory_IC,CH-03,10.783037928047248,11.673252644586382,8.89944884521005,9.073602867558003,18.070306909583813,10.128533059751067,18.274834036033987,9.80809046660122,0.04584431521838614,0.0051006083266890035,0.20452712645017357,-0.32044259314984735
C009782,B20,Memory_IC,CH-03,12.428297339931758,12.650587446522806,9.329841049246369,9.3328450605602,13.88352461258002,9.356520667988963,15.732092028910394,9.444095022258862,0.02139933737769158,0.0007725691784629366,1.8485674163303738,0.08757435426989879
C009783,B20,Memory_IC,CH-03,18.51149203404856,18.600995618141148,8.841073793317795,8.919057868412887,19.18367040796622,9.43387098103695,20.03375975987101,9.311648552001062,0.009949750984235154,0.002726324191584547,0.8500893519047921,-0.12222242903588842
C009784,B20,Memory_IC,CH-03,12.21694849313692,12.400293478994906,9.263221947703483,9.308721869340078,13.811203674218294,9.652981626445074,15.166761428096436,9.553964415414754,0.019211582979871737,0.0017030732366296968,1.3555577538781414,-0.09901721103032024
C009785,B20,Memory_IC,CH-03,12.237607398411,12.637594756823988,8.981707781096743,9.011351428668876,13.442072658624722,8.928846881577822,16.613666362723272,9.229542901211449,0.027611608374300583,0.0015152185593234242,3.17159370409855,0.3006960196336266
C009786,B20,Memory_IC,CH-03,11.145550742525904,11.243133282960237,9.355023045635043,9.362902633326724,12.818525783019355,9.553639756512991,13.721921399290624,9.467145958045972,0.017213806363405464,0.0007239119772169955,0.9033956162712684,-0.08649379846701954
C009787,B20,Memory_IC,CH-03,18.455190607402663,18.362337071838624,8.771510923479545,,19.216926779272764,9.32154850886528,19.200255920481055,9.143514318912597,0.005818880893350216,,-0.016670858791709264,-0.17803418995268316
C009788,B20,Memory_IC,CH-03,13.369195164735086,13.525227422185186,8.766750555064087,8.762307501784678,14.2014063939475,8.870461896799094,15.962413653254899,8.871825510747612,0.016924904382428566,0.0007605417289092697,1.761007259307398,0.0013636139485182497
C009789,B20,Memory_IC,CH-03,10.847805582039369,10.822330999907766,9.169858529089876,9.267954746687884,11.331118489299673,9.509043040522917,12.547259082962704,9.652442586653951,0.011978667243437066,0.002670054444208795,1.216140593663031,0.14339954613103423
C009790,B20,Memory_IC,CH-03,12.336271154812309,12.439952273542325,9.245048916257575,9.233768705215176,13.237523774509857,9.449771952295404,14.742041336863961,9.3335664280694,0.015986729606400255,0.0006930397420432172,1.5045175623541045,-0.11620552422600383
C009791,B20,Memory_IC,CH-03,13.261230854150202,13.29793880933329,8.963110641202919,8.987435238222577,14.211156830575437,9.2481447517281,15.085034038731333,9.157274168796295,0.012410383537486407,0.0011794370178730418,0.8738772081558963,-0.09087058293180483
C009792,B20,Memory_IC,CH-03,11.552811177257295,13.007676799701468,9.224459360480193,9.455065983778097,23.3627313921478,10.904018994040085,22.785220556369318,10.435833626963772,0.06789960942130452,0.006810886411011636,-0.5775108357784831,-0.46818536707631253
C009793,B20,Memory_IC,CH-03,12.051206610612535,12.138738743950196,9.276306129965167,9.314999108915709,12.816260069942018,9.35795491765075,14.385439000439774,9.526447629745032,0.015602085114510963,0.0014683925057591913,1.5691789304977561,0.16849271209428274
C009794,B20,Memory_IC,CH-03,12.129487054175742,12.341142084516637,8.513257647746292,8.558137093354972,13.384717733728534,8.97153529054141,15.071090720291291,8.809547651063225,0.01895797663732399,0.0017459066507517556,1.6863729865627572,-0.16198763947818584
C009795,B20,Memory_IC,CH-03,9.793549778247122,9.993062439977434,9.067223546964124,9.152527756715294,11.58187538699131,9.32513029563296,12.94313025626586,9.513195531857347,0.020486582057558513,0.0025046373273753687,1.3612548692745499,0.18806523622438753
C009796,B20,Memory_IC,CH-03,12.76919381829472,12.80711136480767,8.947829499073652,8.935598752426626,13.45932923892453,9.038167557088803,14.604108195643223,9.035480405830215,0.012479144658580231,0.0006936225930804785,1.1447789567186923,-0.002687151258587761
C009797,B20,Memory_IC,CH-03,10.591632777622612,10.614768908168962,8.78824858532623,8.790804159942866,11.668753606766394,8.836267322732796,12.580970240324675,8.86867128185534,0.013654175917748004,0.00054074390216996,0.9122166335582804,0.03240395912254357
C009798,B20,Memory_IC,CH-03,10.644243049779408,10.780214545733802,8.834117099903198,8.877647792151881,12.124483080352574,9.144248219926876,13.308695948251135,9.102757224819294,0.017558898628592588,0.0015632599490792555,1.1842128678985606,-0.041490995107581696
C009799,B20,Memory_IC,CH-03,12.600574166792462,12.560795467230252,9.105674411129188,9.104705596537304,13.27067361618923,9.089762227080582,14.300960406004135,9.178423872203563,0.012084478741485303,0.0005119324699045772,1.0302867898149053,0.08866164512298091
C009800,B20,Memory_IC,CH-03,10.415673203982246,10.54246585846757,9.099848250914237,9.110224816807817,25.84173928780047,9.341634610711967,13.18970415739531,9.22149903694877,0.0183835992981093,0.0007727376398677377,-12.652035130405158,-0.12013557376319639
C009801,B20,Memory_IC,CH-03,12.312943509227,12.471767844831042,9.2568211015968,9.26657886965444,12.828757728737608,9.37703443034125,15.164168712925726,9.392735785882868,0.018697228250657522,0.0008760896960307512,2.335410984188117,0.015701355541617446
C009802,B20,Memory_IC,CH-03,11.997093134134342,12.103550234053694,8.756759858197418,8.774123601981357,12.995548988213455,8.937806681449173,14.375118845034928,8.920290971111324,0.015774782020703013,0.0010150511745136643,1.3795698568214725,-0.01751571033784849
C009803,B20,Memory_IC,CH-03,15.286425582483483,12.9749308548962,9.24603600985026,9.15595672252957,10.88288280780564,9.094373731194926,12.343523026960998,8.93560052609197,-0.00438477658288335,-0.0015302513641499951,1.4606402191553585,-0.15877320510295512
C009804,B20,Memory_IC,CH-03,13.22715607570704,13.379935993938872,9.180488236660011,9.225625499535427,13.91196034784877,9.29989519420472,15.85069001141592,9.474717938304062,0.01715801401025728,0.0017298086025599642,1.93872966356715,0.17482274409934284
C009805,B20,Memory_IC,CH-03,11.643250945077853,11.651751395837644,8.810445567828499,8.838216517710881,12.804305769094867,9.132509116476449,13.377959052558715,9.005621178740586,0.011987553171674104,0.001162532368261841,0.5736532834638481,-0.12688793773586227
C009806,B20,Memory_IC,CH-03,11.27126227065998,12.85668152467902,9.228943723660905,9.39511121120942,21.813941059265595,10.750465546090336,23.57100839590553,10.174752495955344,0.07440504771685076,0.005414175588513364,1.7570673366399348,-0.5757130501349916
C009807,B20,Memory_IC,CH-03,12.14810188162383,17.51602754906699,8.898920470459444,9.03615410136798,48.44393011951991,9.870678477734751,49.952411145218036,10.134398066674288,0.22525266386216003,0.007626694203516027,1.5084810256981243,0.2637195889395372
C009808,B20,Memory_IC,CH-03,12.688575682989242,13.975624023528994,8.920211874842138,9.174419811937234,21.732975399653505,10.47212519411685,22.472732366578327,10.233042117740581,0.05900769682673149,0.007351543790301019,0.7397569669248227,-0.2390830763762697
C009809,B20,Memory_IC,CH-03,12.527610689667153,12.576380871940897,8.84866379849315,8.90269183178244,13.510870226304068,9.114149174703083,14.398738139143136,9.167420430949754,0.01265525880001555,0.0018383930497730188,0.8878679128390683,0.05327125624667062
C009810,B20,Memory_IC,CH-03,10.447025035674756,10.555645864812597,9.25255064535511,9.337002106441345,11.126368862845885,9.658280660092643,12.970211928191327,9.688900349786257,0.016767819884574518,0.002443737801006337,1.8438430653454425,0.03061968969361395
C009811,B20,Memory_IC,CH-03,11.82943428651954,11.677724898559184,9.146595137150412,9.070012582469095,12.956706976003858,9.109886025812992,13.014413950329798,9.195001375031115,0.009282562859518154,0.0008679777261251366,0.05770697432594041,0.08511534921812292
C009812,B20,Memory_IC,CH-03,10.6938585309764,10.99033422807838,9.27167127209211,9.306319904543322,11.472249610570367,9.507159368477794,14.588457804984301,9.515720875034516,0.024986969284068898,0.001454173406188845,3.116208194413934,0.008561506556722165
C009813,B20,Memory_IC,CH-03,11.29339910232329,11.974752257827069,8.578847919926451,8.697126269361299,16.13173082815251,9.174122905868195,17.336917679941937,9.234407466863292,0.0372372598757977,0.0037311194270971773,1.2051868517894277,0.060284560995096825
C009814,B20,Memory_IC,CH-03,19.639304813480123,19.43409729231496,9.379796813867395,9.383426536353817,19.775678222034063,9.72623554753232,20.217353602123964,9.491022190642068,0.0054392799292292005,0.000747192043668416,0.4416753800899009,-0.23521335689025236
C009815,B20,Memory_IC,CH-03,12.267709782686596,12.456340151689991,8.878560003964939,8.84426316891695,13.694889329082974,8.859409272225987,14.97769833918838,8.982527741121801,0.017509431857627704,0.0009601706403114715,1.2828090101054066,0.12311846889581446
C009816,B20,Memory_IC,CH-03,11.80381759458932,10.937869059595764,8.823338073024644,8.781421299471479,11.456006485211104,8.935201537874876,13.055274371032993,8.741384177861422,0.014704203551647428,-0.00027803556673650705,1.5992678858218898,-0.19381736001345473
C009817,B20,Memory_IC,CH-03,9.927749722460538,10.370949635467284,8.805970498849415,8.588570027583716,10.575996139217926,8.757870148421633,13.116586920193917,8.95224853129457,0.0190669255883794,0.002525545164658712,2.5405907809759913,0.1943783828729373
C009818,B20,Memory_IC,CH-03,12.60510470570973,12.80732056668748,9.421820175916867,9.444853123573042,13.428682998087538,9.63607603942982,15.736818725021466,9.62038178565046,0.020343737210652683,0.0012189490422042956,2.308135726933928,-0.015694253779360068
C009819,B20,Memory_IC,CH-03,17.53580040640202,17.404822130035488,9.274752976477128,9.31301200314097,17.908334016222867,9.705398916630871,18.469516047695617,9.531258769924277,0.007393707761528676,0.001515602547106291,0.5611820314727503,-0.17414014670659483
C009820,B20,Memory_IC,CH-03,12.68241898504213,12.753172088406894,8.413162441648643,8.456991508006114,13.661823876028173,8.629124933561128,14.59044610643615,8.694932659420141,0.012758847347425396,0.0016523691070418562,0.9286222304079779,0.06580772585901329
C009821,B20,Memory_IC,CH-03,11.80096569957744,11.30562866108358,8.983428414836064,8.801150306181102,12.406438215287888,9.19193376384475,12.047910159825395,8.983382924969069,0.0051547326301515,0.001265504297138663,-0.358528055462493,-0.2085508388756807
C009822,B20,Memory_IC,CH-03,10.802312712983948,12.11201345870314,8.44001208556362,8.54076566232783,18.450300364618265,9.219446163002466,21.180441840449127,9.08137305912683,0.06297519709545824,0.0037542180333263917,2.7301414758308624,-0.13807310387563554
C009823,B20,Memory_IC,CH-03,12.234240619119255,12.732779843054727,8.799198393268561,8.856064558591054,55.8279551170462,8.978615556572377,17.162214331732507,9.17603575177765,0.030759961726929026,0.0022220221749069185,-38.665740785313695,0.19742019520527343
C009824,B20,Memory_IC,CH-03,12.96866620874363,13.609219774935363,8.637606056634343,8.84363005705196,17.742306131448156,9.908345602574316,18.351724119077772,9.681902955565574,0.032934057945433394,0.005821339573011206,0.609417987629616,-0.22644264700874217
C009825,B20,Memory_IC,CH-03,10.097377905167248,10.307204515558176,9.23802701372214,9.277038022392077,11.11363793522326,9.602812533797245,13.441470776053245,9.487445601612645,0.02176573792010465,0.0014611637445872806,2.327832840829986,-0.11536693218459959
C009826,B20,Memory_IC,CH-03,10.63822665605599,10.74919284301274,8.967777268318505,9.01526321410004,11.83637114218192,9.293673635940149,13.160767981934216,9.249793491481167,0.016747049575843585,0.0016286824818133841,1.3243968397522963,-0.04388014445898136
C009827,B20,Memory_IC,CH-03,12.745163249393345,12.811142415550654,8.329767136741324,8.390795541296134,13.128007855507258,8.564129596713384,14.543361522884771,8.686912157390058,0.012029299356486925,0.002056365389541138,1.415353667377513,0.12278256067667392
C009828,B20,Memory_IC,CH-03,11.919503440935754,11.785656663907034,9.186875665038556,9.35719206522008,12.215610756021247,9.440704286817274,13.32135247023454,9.966113980413532,0.010664554210607684,0.00422862441106564,1.105741714213293,0.5254096935962576
C009829,B20,Memory_IC,CH-03,11.660068733640864,12.303840510972227,9.145613985843728,9.236328765812708,16.39488227690173,9.936522895372171,17.656199034612982,9.675005898366313,0.03716915641417191,0.0030463689760667056,1.2613167577112527,-0.26151699700585773
C009830,B20,Memory_IC,CH-03,12.638911808854193,12.762589925325278,9.418821104793905,9.457188262716553,13.844684962959668,9.684764801870068,15.202073514217473,9.674779956412303,0.016940858256195797,0.0015110534284427102,1.357388551257804,-0.009984845457765346
C009831,B20,Memory_IC,CH-03,13.029959678521074,12.277539746369714,9.267686471082245,9.19331515257334,10.648180140466328,9.1509457003225,13.603419256136526,9.210222935173595,0.009207496595602863,0.00011741515694621254,2.9552391156701976,0.05927723485109482
C009832,B20,Memory_IC,CH-03,10.359208289483384,10.616794454927296,9.128560409285967,9.17719438352458,11.191125373362278,9.402389532847527,13.951296814436624,9.426948875225683,0.023156266385481444,0.0017344061923687784,2.7601714410743465,0.024559342378156046
C009833,B20,Memory_IC,CH-03,12.077868255323326,12.268975123486031,9.091131657827686,9.107402091039754,13.646168762306738,9.265333967253556,15.113006307984447,9.257510803097786,0.01975021655901678,0.001042421611514108,1.4668375456777092,-0.007823164155770002
C009834,B20,Memory_IC,CH-03,12.203604636224592,12.481800563529244,8.578465126591196,8.627757044375054,13.305225420928233,8.751204400574952,15.596196128206346,8.90092728079131,0.021627746976924316,0.0018970155306684432,2.290970707278113,0.14972288021635727
C009835,B20,Memory_IC,CH-03,13.802620893016934,14.03305055779795,8.673884440743329,8.566683892850595,14.778433594477876,8.923086012716952,16.001363969992816,8.815869539463284,0.01366884314024213,0.0017304558792547874,1.2229303755149399,-0.10721647325366845
C009836,B20,Memory_IC,CH-03,12.874048779195624,12.728937346719778,8.739397211218549,8.75892355777421,13.355174505364474,8.82661777119928,14.336172717926537,8.880591806120728,0.01116135674449138,0.0008449183912952648,0.9809982125620635,0.05397403492144903
C009837,B20,Memory_IC,CH-03,11.97862239709282,12.2607862349823,8.471203081070895,8.52833359698206,12.784013778642104,8.60131534261047,15.368554533100816,8.82719718474247,0.0215817242924897,0.0020754415816695137,2.584540754458713,0.2258818421320008
C009838,B20,Memory_IC,CH-03,10.656751970382704,10.718447993327432,9.00336602906869,9.045781556968404,11.506298601297752,9.255338124174235,12.863669211990434,9.258423870386002,0.014897369574048623,0.001476682732066655,1.3573706106926817,0.0030857462117666046
C009839,B20,Memory_IC,CH-03,11.252727941661355,11.43344663649415,9.038950780389843,9.08441940532043,12.10689472362898,9.25506245681184,14.215564613849224,9.323606156176721,0.019320263731632464,0.0016610191031686877,2.108669890220245,0.0685436993648807
C009840,B20,Memory_IC,CH-03,11.540535006173068,11.81084493384401,8.702815987236702,8.72191725820195,12.690299675947491,8.815557609711654,15.0569064210468,8.887830250540402,0.022542093661130493,0.0011521735579059162,2.3666067450993094,0.07227264082874818
C009841,B20,Memory_IC,CH-03,10.854933564692384,10.873547752210172,8.815372261569728,8.847805395808019,11.576924139051048,9.003300417588326,12.721974732339124,9.025900493949687,0.012836298473117723,0.0012367715148726946,1.145050593288076,0.02260007636136052
C009842,B20,Memory_IC,CH-03,12.004328700988358,12.201642560875303,8.987184878034109,8.998589500393088,26.824460853143407,9.116629325217572,15.072955140052647,9.133346784478986,0.019939670688731554,0.0009358144728187387,-11.75150571309076,0.016717459261414547
C009843,B20,Memory_IC,CH-03,12.42355018613944,12.653782562578336,9.417531311156235,9.414218250234155,14.0760220618392,9.860684031240227,15.784750968056926,9.519097348676516,0.02174283614915688,0.0007283270725163918,1.7087289062177256,-0.3415866825637117
C009844,B20,Memory_IC,CH-03,11.140290413896157,12.095182792883085,8.619524759123024,8.71452737035382,11.433349285324129,8.856059836568306,19.135241911884957,9.200781029501883,0.048889299437513,0.0033767615218615412,7.701892626560829,0.3447211929335765
C009845,B20,Memory_IC,CH-03,12.57497345552106,12.900612061682242,9.121188094531538,9.188285211316687,14.221373253949892,9.39109945878989,16.365635612734756,9.523554155989878,0.024062663548975793,0.0023282565602304895,2.1442623587848644,0.1324546971999876
C009846,B20,Memory_IC,CH-03,12.718404385972272,14.590854987767068,9.478738909319691,9.691669205578371,25.29099600654628,10.877192663868527,26.773291802514393,10.666524290147363,0.08460025565796753,0.006769826976173553,1.4822957959681133,-0.21066837372116431
C009847,B20,Memory_IC,CH-03,11.277081955243364,11.25640377989271,8.512555490768802,8.5490441007604,11.588596382557848,8.734288357259532,12.887076544913931,8.739965715176561,0.011324116423758487,0.0013258445445566795,1.2984801623560838,0.005677357917029724
C009848,B20,Memory_IC,CH-03,11.616670509078968,11.901233831548842,9.513304452103943,9.545611543832166,13.530125068328791,9.78263786503448,15.408798342276125,9.751849827359537,0.024358086880050575,0.0014322103022734118,1.8786732739473333,-0.030788037674943425
C009849,B20,Memory_IC,CH-03,12.675860173454842,12.87868835463317,8.534686354152822,8.56560185553736,13.17647233303354,8.61688765692731,15.547746591546424,8.773601708464097,0.018535126645230937,0.0014444434231023484,2.3712742585128836,0.1567140515367882
C009850,B20,Memory_IC,CH-03,11.085104607007432,11.118223531596698,9.031736740443373,9.071417962488429,11.283478551055858,9.159559867162187,13.071281313832047,9.275069323045141,0.013562901265523262,0.0014142455594216132,1.7878027627761899,0.11550945588295392
C009851,B20,Memory_IC,CH-03,12.486954918952122,12.621483816180854,9.03839107743866,9.079720882742672,13.87973066592608,9.224240533589732,15.026878297026203,9.30982955965527,0.01670412833920381,0.0015979769230041556,1.1471476311001219,0.08558902606553787
C009852,B20,Memory_IC,CH-03,13.741202528884555,13.793739607678408,8.666795957442302,8.706889054289649,14.648535177089506,8.819336745347545,15.507282596378424,8.936242349039007,0.011899604088194559,0.0015927312135372142,0.8587474192889175,0.11690560369146219
C009853,B20,Memory_IC,CH-03,12.582763774255524,13.626462932704673,9.22996956676906,9.311916569738486,20.442086764082664,9.808149041302949,21.23705827349601,9.77148615937537,0.052851356533273185,0.003191455483589468,0.7949715094133474,-0.036662881927579605
C009854,B20,Memory_IC,CH-03,12.226231859031248,12.445728460122217,8.481773473775284,8.47707832854053,13.647356142279778,8.607691527299298,15.284657659182617,8.58694574131086,0.019714786104586116,0.0007629681442383987,1.6373015169028395,-0.02074578598843857
C009855,B20,Memory_IC,CH-03,11.888343081353517,12.664780999217257,8.989619025856618,9.16263620385676,12.743932886285592,9.26012985686892,18.51900214274705,9.890366120487146,0.040654313496734665,0.005053679976599902,5.775069256461457,0.6302362636182259
C009856,B20,Memory_IC,CH-03,16.979276273804313,16.799200204600197,8.354846676959104,8.488542981998325,17.50410324825807,8.922249911715747,17.360515176571464,9.020055682059485,0.0038980206386893565,0.0036910604170913913,-0.14358807168660448,0.09780577034373827
C009857,B20,Memory_IC,CH-03,12.737443215100654,12.808109324226782,7.864762373231053,7.883709459241242,32.05484193466342,8.073431763521246,14.561608171676065,8.04243389815144,0.012177075329508909,0.001102253047987488,-17.49323376298736,-0.03099786536980531
C009858,B20,Memory_IC,CH-03,10.920996691248192,11.01151194036498,8.594180234317415,8.58895659655502,11.733375728100508,8.635038774855579,13.25305729075064,8.675307520900692,0.015566287155455974,0.0005996591968449408,1.5196815626501312,0.04026874604511299
C009859,B20,Memory_IC,CH-03,12.90125842249781,13.146877607826376,8.423243239953916,8.427703507309388,13.573760785567318,8.534505574284502,16.082728757963338,8.55448546457056,0.020387855209284458,0.0008804302587581322,2.50896797239602,0.01997989028605751
C009860,B20,Memory_IC,CH-03,11.406846005392447,15.11252489407807,8.875435055478572,9.05414435216245,41.50429590515108,9.983527439622229,37.94878661064748,10.10269363248005,0.1585851508095098,0.007281592224427776,-3.555509294503601,0.11916619285782026
C009861,B20,Memory_IC,CH-03,12.021106230420846,12.054293525667642,9.275135504610684,9.315711283825342,13.20403610685832,9.443330276416097,13.984953313294291,9.527394108513459,0.013407359636296171,0.0014700196158896988,0.7809172064359711,0.08406383209736212
C009862,B20,Memory_IC,CH-03,10.508338712815927,12.835796810016411,8.633210933760958,8.786143581696992,26.418853222579408,9.604411853100418,27.789578481162813,9.597991198402013,0.10384570604962778,0.005637830671562649,1.3707252585834055,-0.006420654698404249
C009863,B20,Memory_IC,CH-03,11.877669324054168,12.894877316384571,8.931663716701966,9.030702524384616,19.23636014587264,9.874968105100452,20.300466778613185,9.540287433195317,0.05142770459880982,0.003538784088963206,1.0641066327405433,-0.33468067190513473
C009864,B20,Memory_IC,CH-03,12.651979734221218,12.999574105667358,8.72533751531812,8.76342495212915,14.04713571049761,8.901902370394787,16.540825441851638,9.0091262741352,0.024592023167946384,0.0017062591805975741,2.493689731354028,0.10722390374041346
C009865,B20,Memory_IC,CH-03,11.330620781287337,11.52532942902708,8.639275316902534,8.710409393530574,12.20764100040911,8.868457776817195,14.202606399113623,9.040084974418948,0.01859220118115655,0.0022894137561692623,1.9949653987045135,0.1716271976017527
C009866,B20,Memory_IC,CH-03,10.589912113011524,10.698667920379767,8.847403703776214,8.849194779680788,11.166655637525928,9.0187401740197,13.179930126992032,8.932945649447749,0.0172309875459185,0.0005816032622705617,2.013274489466104,-0.08579452457195025
C009867,B20,Memory_IC,CH-03,11.827301966133552,11.245359991036183,8.631241505991552,8.686536730850117,12.389374849615566,8.8029567196636,13.261699590294214,8.836241116600629,0.014002358328180765,0.001039613789934113,0.8723247406786481,0.033284396937029115
C009868,B20,Memory_IC,CH-03,11.508233834233703,13.419110277036024,8.863505154368381,9.185321688477174,24.599784172040906,10.757120339172287,25.48219689084452,10.52192652302401,0.08377143481811455,0.009281978017686364,0.8824127188036144,-0.23519381614827672
C009869,B20,Memory_IC,CH-03,12.39574318652084,12.359864419974764,9.413443620720892,9.457213296918043,12.722041728193611,9.59939553687741,14.113715261866522,9.6708280354205,0.012179519735359431,0.0014834356840448413,1.3916735336729111,0.07143249854309097
C009870,B20,Memory_IC,CH-03,11.632311723879164,11.856453326957864,8.850991229036913,8.901524973292407,57.46728276575623,9.157793947458444,14.7883242322116,9.166398162922356,0.020360214619817615,0.0018393971502079776,-42.67895853354463,0.008604215463911657
C009871,B20,Memory_IC,CH-03,11.7460278736008,11.82017428699889,8.788993752690741,8.790744190361508,12.59433075836956,8.944863651997423,13.97579723171523,8.879740620888544,0.014969603782752361,0.0006180307675488618,1.3814664733456699,-0.06512303110887885
C009872,B20,Memory_IC,CH-03,11.743805627260125,11.877872794608338,9.076759473046987,9.075147948025336,12.317337147233289,9.251590126824462,14.4450025216277,9.16494805256187,0.01782728977096779,0.0006236118370592668,2.127665374394411,-0.08664207426259196
C009873,B20,Memory_IC,CH-03,11.495790861107457,11.633795584689382,9.4416267071526,9.484771650894311,12.51047752219928,9.724191589025072,14.261712082411659,9.71070348379397,0.018249420123071364,0.0015689710618031914,1.7512345602123798,-0.013488105231100889
C009874,B20,Memory_IC,CH-03,12.21267067689032,12.24907035874906,8.4336305848915,8.448466060771237,13.159307074848176,8.648262851993502,14.016631147805699,8.582357737090817,0.01227472770178221,0.0009298033077748618,0.8573240729575229,-0.06590511490268547
C009875,B20,Memory_IC,CH-03,10.883861570499386,11.179698686446397,9.184007231190948,9.177568552099329,12.81314413385138,9.347961871993292,14.758656799613242,9.281795837585369,0.02485387578588087,0.0007238005936530555,1.9455126657618624,-0.06616603440792268
C009876,B20,Memory_IC,CH-03,12.11687767692685,12.354991363231816,8.564661320324305,8.615979768654732,12.704168832014542,8.870348437600018,15.23679890240115,8.891097884348698,0.02001255235534259,0.0019105424700969825,2.532630070386608,0.02074944674867929
C009877,B20,Memory_IC,CH-03,10.372534857874928,11.212300216397308,9.176594492088336,9.28133188740422,11.380334924180532,9.410459527197016,17.822153800415446,9.774099993326772,0.04590176100012596,0.0034220007355732804,6.441818876234914,0.3636404661297554
C009878,B20,Memory_IC,CH-03,13.44697445817317,12.839373593151912,9.11259478923662,9.177673403344698,14.268902114989174,9.380015891653455,14.374455344724492,9.366654943744457,0.010660289941476251,0.0013123718083316582,0.10555322973531744,-0.013360947908998
C009879,B20,Memory_IC,CH-03,13.899210595164462,14.008670435950815,8.315687821068991,8.37901551939261,14.720483635253592,8.586665290277887,15.871822392987253,8.696215792365736,0.012938555257197485,0.0022027796734244895,1.1513387577336616,0.10955050208784911
C009880,B20,Memory_IC,CH-03,11.085454104360704,11.367730772918616,8.839488991431189,8.881311938434733,12.390665850482534,9.079093202319248,14.708716234119319,9.119186892029658,0.02320128792500488,0.0016519093999647597,2.318050383636784,0.040093689710410274
C009881,B20,Memory_IC,CH-03,11.04552054564324,11.154914335893627,8.957077428169079,8.96879819754293,12.092428990734945,9.10068302806046,13.600437163057887,9.088291778793828,0.01698279741086291,0.000829816536464572,1.508008172322942,-0.012391249266633153
C009882,B20,Memory_IC,CH-03,12.477787594747062,12.639236010335337,9.285663105190176,9.36425045619066,13.655924988089602,9.560237222458763,15.18792980198312,9.71748859833405,0.0176992624419985,0.0024530426537735395,1.5320048138935185,0.15725137587528693
C009883,B20,Memory_IC,CH-03,11.677815521686162,11.800940105463416,8.650902698894402,8.702323170312143,12.65066670104965,8.824001473204723,14.083983964164883,8.961598760161598,0.015854471240982406,0.0018005249295101056,1.4333172631152333,0.13759728695687556
C009884,B20,Memory_IC,CH-03,17.27530958035261,17.33891471602368,9.277568727071335,9.404845071340535,18.22805318345003,9.940089733810105,18.762174532526537,9.942756252874357,0.00988374872571428,0.003735494316207097,0.5341213490765071,0.002666519064252526
C009885,B20,Memory_IC,CH-03,11.824817217154056,11.8295010241627,8.747778899501261,8.784167497158403,13.520288240944154,9.15967321033427,13.478113743417314,8.981481665544871,0.011448699439268148,0.0013702372804615824,-0.04217449752684033,-0.17819154478939936
C009886,B20,Memory_IC,CH-03,11.12616622415186,11.332861721292376,8.851965020910965,8.889659904949552,12.056944901821472,9.062550591806778,14.244673452068877,9.106306333518807,0.020220914797059033,0.0015044890872864967,2.187728550247405,0.04375574171202956
C009887,B20,Memory_IC,CH-03,12.08980602477188,12.321166123372285,8.585830315694123,8.649620686123859,12.882157338407149,8.800576426244337,15.139998077405258,8.965120908991972,0.019575221903006756,0.002190973769917454,2.2578407389981088,0.164544482747635
C009888,B20,Memory_IC,CH-03,11.39226467386683,11.512758966773584,9.256603503737454,9.332883745835067,12.032805983020548,9.508643488872549,13.924949153213053,9.66630409027806,0.01675132073916298,0.0023154190586318992,1.8921431701925044,0.15766060140551197
C009889,B20,Memory_IC,CH-03,11.573752665990686,11.77110036593094,8.800024552567134,8.825560081370124,12.923498615005164,9.03024748870887,14.60085897218238,9.004831189625596,0.019651101432301667,0.0012449382517741119,1.677360357177216,-0.025416299083273586
C009890,B20,Memory_IC,CH-03,12.105456399456523,12.252799462137691,9.24293680737427,9.24179837859393,23.453951572376376,9.374113049596325,14.907847232920574,9.334356044739417,0.018437831741547797,0.0006427615704547677,-8.546104339455802,-0.039757004856907585
C009891,B20,Memory_IC,CH-03,11.771240886893924,11.949595522451087,8.938264705757735,9.001261519282131,13.065515969308146,9.21296137295919,14.597702550569114,9.302848923992503,0.01838963213970852,0.0020943569771553574,1.5321865812609676,0.08988755103331236
C009892,B20,Memory_IC,CH-03,12.090122862214786,12.165213495137555,8.818839863887462,8.857946238584525,12.777870481907778,9.005063010694037,14.209234537412145,9.073093785506304,0.014194590571351319,0.0014940801869567982,1.4313640555043676,0.06803077481226616
C009893,B20,Memory_IC,CH-03,13.154891059772684,13.34209229021918,8.36430721440712,8.41712792493703,24.977831177240905,8.467653185418127,15.767633572653557,8.701549110854474,0.016844036683572063,0.0019751471244266895,-9.210197604587348,0.23389592543634663
C009894,B20,Memory_IC,CH-03,12.397170648570016,12.461878826356688,8.938000975026435,8.994246857900977,13.191161507983512,9.208063966398672,14.408836499334654,9.266273303841475,0.01352053939568032,0.0018890725412534534,1.2176749913511422,0.05820933744280232
C009895,B20,Memory_IC,CH-03,11.451677931451572,11.547596294319318,8.886459895091155,8.911524760636247,12.465552892666942,9.134123345348524,13.8255361951475,9.077176511494967,0.015819027089084597,0.0011503593809633309,1.3599833024805577,-0.05694683385355681
C009896,B20,Memory_IC,CH-03,11.693825273305787,11.166434938162004,9.181248721749665,9.16079725208236,12.323368329453505,9.251847736527822,13.310774070259612,9.154136819901387,0.014891243972900056,-4.62530012567624e-05,0.987405740806107,-0.0977109166264345
C009897,B20,Memory_IC,CH-03,12.973350702111548,13.180741529264209,9.033796488574396,9.069308536638353,14.793769321334448,9.321788609588287,15.97239175794391,9.291756112751937,0.019386459921386816,0.0015447748341221128,1.1786224366094622,-0.03003249683635012
C009898,B20,Memory_IC,CH-03,12.903576336586116,13.106709408822182,9.044058157561528,9.02671613484392,13.329957413186031,9.17901472952591,15.82909331966966,9.149850221816354,0.01890544382532971,0.0008550978261974645,2.4991359064836285,-0.02916450770955592
C009899,B20,Memory_IC,CH-03,10.43261307641988,10.68435196421498,8.913681472683527,8.918359439949171,11.568565807857434,9.084676777304502,14.022759563132723,9.02462655559264,0.023183386103595445,0.000737966080857423,2.4541937552752895,-0.060050221711861695
C009900,B20,Memory_IC,CH-03,13.68870494826644,13.35235656143708,9.510693301730878,9.525040365846854,14.182415763667963,9.646402206323929,15.037742755163176,9.596635629463961,0.011704070789764555,0.000497189330674355,0.8553269914952129,-0.04976657685996777
C009901,B20,Memory_IC,CH-03,10.817383724469712,11.58611564760974,8.720466779077066,8.884559053567111,12.793174166231893,8.883762331018604,17.438487337547194,9.576573598182266,0.0406414700690101,0.004805656559827466,4.645313171315301,0.6928112671636626
C009902,B20,Memory_IC,CH-03,12.019024738892147,12.18018984401748,8.360102651408338,8.313619687835157,20.458389649317912,8.361974498557673,14.324421437774078,8.474708857068725,0.014890497178865258,0.0011186747863442229,-6.133968211543834,0.11273435851105162
C009903,B20,Memory_IC,CH-03,11.553379140376643,11.832070075827266,8.894072772661572,8.904843736912573,13.19611925471792,9.094248938538916,15.196139058691712,9.043033798894303,0.023361590158780872,0.0009596532082064568,2.0000198039737924,-0.05121513964461322
C009904,B20,Memory_IC,CH-03,10.422748914211336,10.681345502101893,8.760143483303272,8.746697373396493,12.098805288924366,8.858835792894688,13.924940850728795,8.85504931049717,0.022524967698797933,0.0007524440076435898,1.8261355618044295,-0.0037864823975173323
C009905,B20,Memory_IC,CH-03,12.676759101460023,13.048435955808063,8.630172613177464,,13.788564979002857,8.828594858974537,16.658217568198587,9.100462767866262,0.025067927863823083,,2.8696525891957307,0.27186790889172485
C009906,B20,Memory_IC,CH-03,11.976139916182111,16.46588768811398,9.404480400323353,9.611440043021496,41.542452127964815,10.70831463152968,43.87367523543627,10.835290072750428,0.19033185796751587,0.008498958539784255,2.331223107471452,0.12697544122074866
C009907,B20,Memory_IC,CH-03,11.278820649946724,11.493569813759406,8.620749638645112,8.621049823171683,13.188428621417362,8.840699021906298,14.470192457116458,8.717147122542166,0.020670990578868415,0.0006673423567394618,1.2817638356990955,-0.12355189936413247
C009908,B20,Memory_IC,CH-03,10.31931233781699,10.399983940841365,9.426365941639585,9.447196592888806,11.574668202408612,9.685248124947222,12.8502238613124,9.585488594984454,0.017015555003271083,0.0009603611256642219,1.275555658903789,-0.0997595299627676
C009909,B20,Memory_IC,CH-03,12.519131074237144,12.778038004773716,8.876793486630199,8.883383895641018,13.076429132427116,9.138313154755329,15.938437971393515,9.013344540780698,0.021947221990415273,0.0009025044801366727,2.8620088389664,-0.12496861397463022
C009910,B20,Memory_IC,CH-03,11.698775035837722,11.785897435009192,9.355146828645122,9.331257281914882,12.124557046815967,9.465713751773436,13.983647231142697,9.43557466065525,0.015262151362038234,0.0007244262412525614,1.85909018432673,-0.030139091118185135
C009911,B20,Memory_IC,CH-03,11.05889387909598,10.853111551099316,9.235865572343556,9.268435000902008,11.242627881390645,9.397628713722384,12.947924685218778,9.403603229100579,0.014547313431385156,0.0009386682513789676,1.7052968038281335,0.0059745153781953775
C009912,B20,Memory_IC,CH-03,18.98193142662436,19.183994446997858,9.096709143611871,9.225951713844363,20.173241334379235,9.656222933453677,21.173536258978515,9.801076740030428,0.013816262583199013,0.003993923792958783,1.000294924599281,0.1448538065767515
C009913,B20,Memory_IC,CH-03,12.064125075187013,12.300794854634336,9.453279695505447,9.481415884093728,13.288766668602566,9.644834989946172,15.479645868058908,9.67290887210959,0.02207535425989286,0.001329812416776815,2.190879199456342,0.028073882163416997
C009914,B20,Memory_IC,CH-03,13.34730219721916,13.502297119088931,8.838290852308889,8.902668773912701,14.206842422526158,9.123955560543177,15.831510119861807,9.219224443573818,0.016175090283144972,0.002198303261535534,1.6246676973356493,0.0952688830306414
C009915,B20,Memory_IC,CH-03,12.247844695157053,13.109132347672332,9.598664157219526,9.681047237188448,18.659699333253155,10.131076447565391,19.811179600712528,10.115994877679299,0.04654199481277913,0.0030204697256309082,1.1514802674593732,-0.015081569886092439
C009916,B20,Memory_IC,CH-03,12.230532513689337,12.27501118831347,8.438681446712328,8.487664956799783,12.90488597647628,8.778930865050851,13.996257841098803,8.736472730683886,0.011953101755453697,0.0017278317630840473,1.0913718646225234,-0.04245813436696544
C009917,B20,Memory_IC,CH-03,10.324451432205764,10.028575532804224,8.919828198993818,8.793223062919232,57.25798280237685,9.221059174259858,11.433781112708159,8.942358078157758,0.009758372082666215,0.001035659828045321,-45.82420168966869,-0.27870109610210037
C009918,B20,Memory_IC,CH-03,11.128067802235908,11.303655363373252,8.536128051188834,8.55810545147355,12.783192899313564,8.797044220033344,13.988956606952875,8.721574531307565,0.018647925302636273,0.0011352019432917773,1.2057637076393117,-0.07546968872577864
C009919,B20,Memory_IC,CH-03,12.73085371942229,12.84468581741586,8.830495714417511,8.845557257627824,13.537965319824288,9.048534032104293,15.11412645901858,8.989944586796426,0.015760004455574447,0.0010026897858930678,1.5761611391942925,-0.05858944530786658
C009920,B20,Memory_IC,CH-03,11.54662592120957,11.567371614278564,8.68860676641172,8.699160872609783,12.387904215290185,8.820891244125665,13.384528194201526,8.810817630545419,0.012619142916131679,0.0007753941523308056,0.9966239789113409,-0.010073613580246388
C009921,B20,Memory_IC,CH-03,11.338083238579316,12.014291612367629,9.032208515103244,9.21223254844089,17.077277168809996,10.197473451953464,17.34589354220023,9.946970784948855,0.037025013401615285,0.0051023488646386485,0.26861637339023403,-0.2505026670046089
C009922,B20,Memory_IC,CH-03,11.89374345492849,12.092069660154712,8.387789703260609,8.373079161841803,12.735919150966607,8.433230238292705,14.733995177293624,8.492603735077743,0.018346704980131332,0.0008300317585829214,1.9980760263270163,0.05937349678503878
C009923,B20,Memory_IC,CH-03,11.595641900429667,12.144543185833204,8.78683014280921,8.838909473176267,14.102579024975068,9.035794109762984,16.939713411479612,9.143049926717259,0.03329979323365562,0.0021120864829235536,2.8371343865045446,0.10725581695427522
C009924,B20,Memory_IC,CH-03,11.928254468106516,12.076711255520976,9.029290612063985,9.05481037088351,12.285755203520315,9.15813556550039,14.650565755701656,9.23012973504701,0.017873989584588055,0.0012174955844687456,2.364810552181341,0.07199416954662041
C009925,B20,Memory_IC,CH-03,13.651888037639557,14.035737236900315,8.421561608089688,8.500988940827526,15.009753771350772,8.49977124702096,17.490124779311977,8.898832724994344,0.023988802377858758,0.002762804056714018,2.480371007961205,0.399061477973385
C009926,B20,Memory_IC,CH-03,12.18005482751597,12.184754673846356,9.481390661824124,9.48365347264204,13.00781215539381,9.559774814961806,14.07204652414749,9.566813949665887,0.013106193404868984,0.0005775033126656072,1.0642343687536808,0.007039134704081462
C009927,B20,Memory_IC,CH-03,12.88245170784525,13.176334085324315,8.318931026817948,8.309183379820567,14.398522675870389,8.462506610650248,16.297350599133033,8.440350316493747,0.021673725790338313,0.0009108815046748628,1.898827923262644,-0.022156294156500778
C009928,B20,Memory_IC,CH-03,12.399604759828588,12.59174655029787,9.003808710510423,8.99255895692753,13.288582248382731,9.200247670782815,15.336998430962835,9.10446008594008,0.019064249171284478,0.0007770911736982608,2.0484161825801035,-0.09578758484273564
C009929,B20,Memory_IC,CH-03,11.587190259378035,11.508622133761287,9.45498933513939,9.458521262327936,11.759945921677252,9.617266648332714,13.489313463381261,9.526096325184273,0.01375480090013871,0.0004692712698356718,1.7293675417040095,-0.09117032314844131
C009930,B20,Memory_IC,CH-03,13.208568324893836,13.320009843223938,9.190235357732885,9.211734258670642,13.98340677936616,9.393347069346069,15.609870275023221,9.378503332482522,0.015901808554161692,0.0011581185681380532,1.6264634956570614,-0.014843736863547008
C009931,B20,Memory_IC,CH-03,10.873764171964796,11.94542109396712,8.567305216790725,8.757309862685117,17.982031882986306,9.75726318318582,19.428342454860324,9.569698606259323,0.051964731672869476,0.005641588497043092,1.4463105718740188,-0.18756457692649775
C009932,B20,Memory_IC,CH-03,17.92210423617978,18.23617870817539,9.01325202262226,9.08764656391068,18.37442825652389,9.642877087623184,21.067187640107274,9.487920165388427,0.019659784249526968,0.0027796777880399162,2.692759383583386,-0.15495692223475643
C009933,B20,Memory_IC,CH-03,12.841722839141331,14.0068870165419,8.892743169374071,9.07850830317638,20.58097517520373,10.180476863342289,21.937269685609166,9.899996462838203,0.05507210186852269,0.005704778886540442,1.3562945104054371,-0.28048040050408574
C009934,B20,Memory_IC,CH-03,13.658182803068284,13.750822742883384,8.945584968201759,8.985066593336619,15.45884494143497,9.235831934992255,15.78197323369587,9.214030725644765,0.014105211741753375,0.0015900286965843484,0.32312829226090045,-0.021801209347490413
C009935,B20,Memory_IC,CH-03,10.416372855648916,10.546877901796742,8.968067872992805,9.005319244210664,10.694989773929269,9.118177626116609,13.117827428225755,9.206374706154417,0.017853816155757034,0.0013962184857205056,2.4228376542964867,0.08819708003780846
C009936,B20,Memory_IC,CH-03,12.816948042884972,12.904237177376787,9.4577563453716,9.441298226127966,13.616530620717306,9.541242873378456,15.081145834387105,9.54571840835686,0.015117421229238315,0.0007251401543673221,1.4646152136697985,0.004475534978404028
C009937,B20,Memory_IC,CH-03,,12.723598774735256,9.028066689252228,9.056096486684668,13.233998087799602,9.115680386797113,15.904697536228646,9.2667890820758,0.02209096362148187,0.0014631430235495266,2.670699448429044,0.15110869527868687
C009938,B20,Memory_IC,CH-03,12.097454483313786,12.401954044791877,9.071053011065128,9.045426227486145,12.902750311701816,9.190904731989932,15.730485737783873,9.181608738354251,0.023114803423555527,0.0009457118810285189,2.8277354260820573,-0.009295993635680233
C009939,B20,Memory_IC,CH-03,12.204389679766102,12.338700282722316,8.9757250433294,8.971075799593844,12.985507028709844,9.093213381697389,14.8134730009201,9.068307767329268,0.017185921654151275,0.0006752219981626611,1.8279659722102561,-0.02490561436812122
C009940,B20,Memory_IC,CH-03,12.215154896436305,12.444380394212514,9.01976282980036,9.037727626396732,12.899240118510484,9.221635741032616,15.472890591290886,9.19892401305162,0.02103132081304425,0.0011194193517700555,2.573650472780402,-0.022711727980995633
C009941,B20,Memory_IC,CH-03,11.269895613108831,11.588520890439757,8.869261236677787,8.902175025926967,12.854045483066391,9.223030418270255,15.15201534571312,9.115602127103754,0.024746489272731695,0.0014821326470610223,2.2979698626467293,-0.10742829116650121
C009942,B20,Memory_IC,CH-03,11.228248901806856,11.782099986511708,8.79955479381883,8.9234956623589,14.986098452913764,9.919905055319637,16.470066738136982,9.462831832882832,0.0325553246640644,0.0037453900730828695,1.4839682852232183,-0.45707322243680437
C009943,B20,Memory_IC,CH-03,10.51340247302872,10.688770520921016,8.854624497863389,8.879142411231417,11.53036643495336,9.068149631679011,13.511266641999688,9.044213247078892,0.019600667507490774,0.0011463252489407976,1.9809002070463286,-0.02393638460011971
C009944,B20,Memory_IC,CH-03,10.994693529022811,11.211568452433545,9.296630792993142,9.279210305713516,11.524546822342945,9.471713398630332,14.264468222729034,9.386116581314743,0.021200692849274234,0.0007424046916751914,2.7399214003860894,-0.08559681731558832
C009945,B20,Memory_IC,CH-03,12.070033147237352,12.566628940867524,9.201766970167924,9.375314806504878,15.88350712438615,10.300512911069784,16.85631824299152,10.073507045509913,0.02978950904252775,0.004848557215312743,0.972811118605371,-0.227005865559871
C009946,B20,Memory_IC,CH-03,13.283727719833978,13.233483583321302,,8.95438015460896,13.73740917423228,9.226720397846012,14.757148845618769,9.161871626802391,0.010581008765954629,0.0014409130013432654,1.019739671386489,-0.06484877104362141
C009947,B20,Memory_IC,CH-03,11.902925108945414,12.428745139897549,8.916123857933385,9.028785519765398,16.74787213650239,9.84317759730664,16.94953727272506,9.532148457490525,0.03139438981130216,0.003495575956424493,0.2016651362226689,-0.3110291398161156
C009948,B20,Memory_IC,CH-03,9.883445931456915,9.952235747714424,9.46849457533689,9.47885775659682,10.356844308333768,9.72390347915919,12.407641911801015,9.578226598737778,0.017051431695045773,0.0006900614037566526,2.050797603467247,-0.14567688042141214
C009949,B20,Memory_IC,CH-03,12.2543068613643,12.489373660586818,9.268441094519092,9.301927016282011,14.0666812284296,9.41137017618345,15.579119288601381,9.5134804296258,0.021456566861212247,0.0014691209259985276,1.5124380601717817,0.10211025344234947
C009950,B20,Memory_IC,CH-03,10.628808462469337,10.729905597157146,8.898705338190235,8.944054618038507,10.986940164961876,9.215339160848044,13.070713558170432,9.170998734930164,0.016255610840370045,0.001576000811747617,2.0837733932085563,-0.044340425917880566
C009951,B20,Memory_IC,CH-03,11.57511233338148,12.02676393491583,8.769843440638915,8.907217214904472,14.78276631914077,9.676554516621444,16.0428303227352,9.483776582450695,0.027889349915412278,0.004003884496848766,1.2600640035944295,-0.19277793417074918
C009952,B20,Memory_IC,CH-03,12.220374266417435,12.683852877053967,9.400479175555308,9.403470075617172,13.80571308929976,9.514560275733928,17.198197948607408,9.538230067121287,0.03134961855245445,0.0009358332743341327,3.3924848593076486,0.02366979138735914
C009953,B20,Memory_IC,CH-03,11.47707268652674,12.749286559422742,9.20865508776515,9.308681961039316,19.881512784590218,9.871636605591462,21.762482597074523,9.841098952438617,0.06259163915035959,0.0036973402180507067,1.880969812484306,-0.030537653152844513
C009954,B20,Memory_IC,CH-03,11.18999978620034,11.230825602942195,8.533832710363333,8.562019733344123,12.533958337912658,8.667118061226711,13.11105323561259,8.732723275926032,0.01305713633798886,0.0011854412679299282,0.5770948976999328,0.06560521469932112
C009955,B20,Memory_IC,CH-03,9.979024856673464,10.17061110152879,9.364671838540051,9.399458956930705,11.57023175053806,9.632358915612484,13.25398737935376,9.592361114276605,0.0214123352626734,0.0013395983149020834,1.6837556288156996,-0.039997801335879046
C009956,B20,Memory_IC,CH-03,10.78377151375897,10.805260473152286,8.949246960439924,8.998475928226487,11.4334484029702,9.086200646485292,12.673487284743953,9.230849882413935,0.012973797302719907,0.001613708015190612,1.2400388817737529,0.1446492359286431
C009957,B20,Memory_IC,CH-03,15.72423245769756,13.673830353864965,9.220764330989292,9.103860866730184,11.612548406083167,9.082600154626869,12.666369685698452,8.963618894561487,-0.006996254640045225,-0.0009739025845048414,1.0538212796152848,-0.11898126006538234
C009958,B20,Memory_IC,CH-03,11.5441264689323,11.760376717147327,9.153514537306927,9.199965148992051,12.18306770762772,9.252314105005036,14.749917517002055,9.447442806273076,0.020760699998991168,0.0017185948422293348,2.566849809374336,0.1951287012680396
C009959,B20,Memory_IC,CH-03,11.83811690433173,11.777758823026254,8.399500090132783,8.42209844519004,12.5964407482625,8.546117337063318,13.38853777010032,8.564058857605744,0.011185964910236577,0.0009858361973312801,0.7920970218378205,0.017941520542425593
C009961,B20,Memory_IC,CH-03,12.373368696231744,13.793440989287562,8.681008513502785,8.787406779142524,21.337081293736045,9.59706223104192,23.374342499673414,9.371753348848962,0.06653403826656841,0.0040579622896280455,2.0372612059373694,-0.22530888219295697
C009962,B20,Memory_IC,CH-03,12.075033925390995,12.2825342215606,9.168892337695722,9.2128609400244,12.837710415026542,9.35890361367282,15.179629919173337,9.455254866735395,0.02011872012231068,0.0016832911577152362,2.3419195041467944,0.09635125306257386
C009963,B20,Memory_IC,CH-03,9.767666441445416,9.896554938452846,8.548354694269324,8.63356583369286,10.802695469819623,8.784215404283703,12.278316813279734,8.992253437561494,0.016540013019631164,0.002490886137976631,1.4756213434601104,0.20803803327779136
C009964,B20,Memory_IC,CH-03,12.03104274442865,12.185178957319032,8.844345499663456,8.87805691015707,61.46043616928114,9.097450975834034,14.712414222075083,9.083056708489385,0.01755024489413924,0.0014236097106410754,-46.748021947206055,-0.014394267344648881
C009965,B20,Memory_IC,CH-03,11.136915041306578,11.301858679566068,8.514822790994343,8.55373779785926,12.314050199764846,8.691579621117935,13.873741112489913,8.772740861518443,0.017860294673082255,0.0015208546087443302,1.5596909127250669,0.0811612404005082
C009966,B20,Memory_IC,CH-03,10.928486616254364,11.102630862459124,8.956772698632028,8.948361273320833,12.002971720069262,9.096983588356284,13.896487877790177,9.044346441139448,0.019401784828687867,0.000666563665407047,1.8935161577209154,-0.052637147216836766
C009967,B20,Memory_IC,CH-03,12.759970230432796,12.936409554066758,9.120780470018012,9.17381902249904,13.928513930802618,9.39504666776624,15.553780933550494,9.448363442046672,0.018176190135303718,0.0019065584690807708,1.6252670027478757,0.053316774280432355
C009968,B20,Memory_IC,CH-03,11.402005112098744,12.254979459682428,8.836970386009373,9.02883392827536,16.279870090548783,10.157878264670511,18.504859059885305,9.824984429450085,0.04340194166807554,0.0055288229248244836,2.224988969336522,-0.3328938352204265
C009969,B20,Memory_IC,CH-03,13.220784558695868,13.45738256805654,9.226531615149918,9.230011463156975,14.468990986764018,9.360710685724724,16.517313893522072,9.350973285364402,0.021249523093510643,0.0008400126542182424,2.048322906758054,-0.009737400360322113
C009970,B20,Memory_IC,CH-03,13.43192752169187,14.122445893207844,9.229134912077884,9.37858378887354,18.32526665503285,10.37691928313142,19.454502405324877,10.029392874080086,0.03702817022303495,0.004519507536156573,1.129235750292029,-0.3475264090513335
C009971,B20,Memory_IC,CH-03,12.735846436924032,12.796980921615608,8.764592178999687,8.772722579168725,12.64870754810054,8.800828770276699,14.761759837868512,8.888936608318062,0.013644298029534053,0.0008070418690926148,2.113052289767971,0.08810783804136335
C009972,B20,Memory_IC,CH-03,12.564650571698646,12.73318482684431,8.705666815623465,8.720272036848447,13.133679036967306,9.019407767346104,15.302885550616077,8.86845402650423,0.017845143915081716,0.0010290415948318217,2.1692065136487706,-0.1509537408418744
C009973,B20,Memory_IC,CH-03,11.159775466595052,11.398843585199652,9.044201476230189,9.031963303240842,12.722382238392074,9.12459352459423,14.539288611030155,9.139849618054239,0.021808646012711833,0.0007492105195374811,1.8169063726380816,0.015256093460008557
C009974,B20,Memory_IC,CH-03,10.922381976251849,11.079760356163977,8.83202575895279,8.861557605472944,11.860615779158664,9.161545903681132,13.73958436479886,9.04468467443073,0.01847100005996447,0.0012717157566512914,1.8789685856401963,-0.11686122925040188
C009975,B20,Memory_IC,CH-03,12.507837880002343,12.53526041146138,8.833365233314876,8.860281168704937,13.0334402887114,8.914269076118261,14.298340784947506,9.0330148450744,0.012243613704764764,0.0011995394192323798,1.2649004962361055,0.11874576895613842
C009976,B20,Memory_IC,CH-03,12.535462198483453,12.497839344537134,8.691663688165397,8.702301396513802,13.748327439676244,8.849155065772468,14.120391580740856,8.812202690090759,0.011267723862525848,0.0007632034276177584,0.3720641410646124,-0.03695237568170917
C009977,B20,Memory_IC,CH-03,10.803243677970046,11.03040436701715,9.48952039302998,9.466405969003718,28.869045141136787,9.6940288614916,14.168552996313977,9.575783302070779,0.0217926988145613,0.0007595648129656975,-14.70049214482281,-0.11824555942082071
C009978,B20,Memory_IC,CH-03,11.33115507313091,11.582267127389535,8.551939924663909,8.607000483237323,12.743811575086124,8.731556760179215,14.602871014048404,8.889896920217478,0.020976415879575477,0.0019645585901399607,1.85905943896228,0.15834016003826257
C009979,B20,Memory_IC,CH-03,15.088350140215338,12.788046792278688,9.547946466200573,9.465626037120982,11.399566057498836,9.334573836233648,12.480029931132023,9.22560663653014,-0.0021390059801851763,-0.0016668013929919618,1.080463873633187,-0.10896719970350865
C009980,B20,Memory_IC,CH-03,12.143916397214314,12.625160882813434,9.099682230129318,9.216858623695892,16.187344549551064,9.92266966452203,16.9117084610205,9.730149692632343,0.02976769151532684,0.0035645213120586933,0.7243639114694354,-0.19251997188968595
C009981,B20,Memory_IC,CH-03,13.887044640002284,13.612982895417948,9.004248797594673,8.8594612616155,13.957408134794743,9.246720073765095,14.0173856457566,9.058596524136686,0.002808352432907298,0.0013828837675082311,0.059977510961855884,-0.1881235496284095
C009982,B20,Memory_IC,CH-03,11.183909753962984,11.287580613458635,8.794100318614404,8.78156864471435,11.76709965914911,8.83568332722849,13.57280368287968,8.878508006990373,0.01586960464875726,0.0006731900158057172,1.80570402373057,0.042824679761883644
C009983,B20,Memory_IC,CH-03,10.736457044582515,10.95953491731587,8.669912542586127,8.657403604752469,12.068575109419168,8.704587350583239,13.949585133171526,8.764443076491588,0.02076423761010873,0.0007433296648549944,1.8810100237523582,0.0598557259083492
C009984,B20,Memory_IC,CH-03,11.220596655663972,11.344067041780658,9.41260011315487,9.391112591169136,12.28447142853666,9.612834507687037,13.831826018292045,9.49256761156324,0.0172761040035513,0.000704548752736832,1.5473545897553844,-0.12026689612379649
C009985,B20,Memory_IC,CH-03,10.90847944769222,11.16522829257248,8.742734759827592,8.757920853829102,12.386007731978612,8.843768222295521,14.415496344954988,8.904199391950748,0.02257130591932297,0.0010158231814003165,2.029488612976376,0.06043116965522621
C009986,B20,Memory_IC,CH-03,10.5257518038778,,8.770634522798822,8.793746447013149,11.358644278647862,8.920305734957687,14.874719932986713,8.98027341210989,,0.0012953261465051453,3.5160756543388505,0.05996767715220308
C009987,B20,Memory_IC,CH-03,11.906906923927236,11.27705025073027,9.26115439374266,9.355483713391708,12.47925076206813,9.44625646683662,13.392644473036647,9.619594646872889,0.014691626543794288,0.0018341037047304226,0.9133937109685171,0.17333818003626966
C009988,B20,Memory_IC,CH-03,10.302201941489605,10.404530841093454,,8.547316001632922,11.84040614087759,8.764782831678033,12.83682160542547,8.917166786090691,0.016890908085639002,0.0025684082254011763,0.99641546454788,0.15238395441265773
C009989,B20,Memory_IC,CH-03,12.34005132051348,12.44144349904849,9.515798704203624,9.578333236949554,13.759671183043045,9.84003077576186,14.75733993520184,9.869540770787244,0.01608261413995382,0.0020222745405395173,0.9976687521587948,0.029509995025383873
C009990,B20,Memory_IC,CH-03,11.388628665492256,12.110456496290338,8.888160402993778,8.999017852795562,16.452151990962946,9.798040401379732,17.816523981638912,9.51277009059892,0.03962546864825399,0.0035677238736344283,1.3643719906759664,-0.28527031078081144
C009991,B20,Memory_IC,CH-03,12.712973353930527,13.243643626898804,8.83376904004048,8.911051195511181,17.3373028289788,9.459229450395444,17.769661213795583,9.30566205119828,0.03143067768678319,0.0027403531644937373,0.43235838481678357,-0.1535673991971649
C009992,B20,Memory_IC,CH-03,12.591589433009872,13.019601658188844,9.238719837382726,9.295198378848571,13.400710038751328,9.529036426492624,17.132014660839562,9.605586770311195,0.02855842362951888,0.002155474940712665,3.731304622088235,0.07655034381857106
C009993,B20,Memory_IC,CH-03,12.247616003677058,13.034139044206205,8.997510337489166,9.126733511161415,17.759242011034786,9.940395362288283,19.0139427968332,9.714191138589921,0.04152641494879857,0.004079566857142404,1.2547007857984127,-0.22620422369836213
C009994,B20,Memory_IC,CH-03,10.98053551126418,11.308801682012415,8.551541669260853,8.591643574402386,11.808646792281571,8.856612869567893,14.851408381529668,8.829917233196861,0.024601435413314252,0.0016546781860727394,3.042761589248096,-0.02669563637103245
C009995,B20,Memory_IC,CH-03,12.038520557251502,12.180045756263514,8.421134621183528,8.465272129925715,12.80816732434835,8.582668118367486,14.489033277978088,8.706863753411456,0.01603463556746232,0.0016777196075398676,1.6808659536297377,0.12419563504396969
C009996,B20,Memory_IC,CH-03,12.300178268064949,12.330930766744569,8.930249518513325,8.942764127855574,13.124518612062587,9.182837889102249,14.19327883242101,9.066131843304053,0.012932972678308619,0.0008567202461699939,1.0687602203584223,-0.1167060457981961
C009997,B20,Memory_IC,CH-03,10.42109650818901,10.776521027601522,9.196793198559678,9.21673914054405,11.958000587446442,9.349677847773435,14.757661727700814,9.382132647068852,0.027646810417356196,0.0011485660175333504,2.799661140254372,0.03245479929541695
C009998,B20,Memory_IC,CH-03,12.05130875144778,12.36891767179474,8.644606460922358,8.676150294081761,13.166290763121395,8.801702508044725,15.790873175367938,8.89276479794844,0.023763579885924986,0.0015042673879630418,2.624582412246543,0.09106228990371434
C009999,B20,Memory_IC,CH-03,13.002471944373449,13.223879092904223,8.84160651185184,8.875291318166875,14.031277230089428,9.052319900838809,16.045390622728235,9.09480024741974,0.019593830068222302,0.0015243675642560017,2.014113392638807,0.04248034658093047
C010000,B20,Memory_IC,CH-03,11.397429080046653,12.260690608546662,9.489028341143785,9.691446104089064,17.51222411720489,10.873472918100148,18.7862208719853,10.511968869237489,0.04531618238499054,0.005698074757975174,1.2739967547804092,-0.36150404886265974
